<DATE>	<TIME>	<OPEN>	<HIGH>	<LOW>	<CLOSE>	<TICKVOL>	<VOL>	<SPREAD>
2024.01.01	23:00:00	2064.593	2066.092	2062.643	2063.543	1996	0	377
2024.01.02	00:00:00	2063.347	2065.762	2062.175	2065.340	2816	0	368
2024.01.02	01:00:00	2065.341	2069.900	2064.870	2066.536	4584	0	199
2024.01.02	02:00:00	2066.512	2068.267	2063.891	2067.669	3150	0	367
2024.01.02	03:00:00	2067.693	2070.338	2066.422	2069.487	2756	0	368
2024.01.02	04:00:00	2069.492	2070.666	2068.823	2069.500	2450	0	368
2024.01.02	05:00:00	2069.567	2074.800	2069.370	2074.310	3108	0	368
2024.01.02	06:00:00	2074.307	2076.639	2072.839	2074.144	3294	0	368
2024.01.02	07:00:00	2074.077	2076.358	2073.065	2073.065	3580	0	368
2024.01.02	08:00:00	2073.130	2074.405	2071.700	2073.216	3599	0	368
2024.01.02	09:00:00	2073.276	2078.877	2073.184	2077.032	3514	0	200
2024.01.02	10:00:00	2077.048	2077.753	2073.450	2075.949	4146	0	199
2024.01.02	11:00:00	2075.935	2076.177	2068.247	2069.221	5319	0	199
2024.01.02	12:00:00	2069.179	2069.498	2065.016	2067.869	5206	0	199
2024.01.02	13:00:00	2067.829	2071.018	2064.817	2066.272	7263	0	199
2024.01.02	14:00:00	2066.312	2070.393	2062.136	2070.325	8915	0	199
2024.01.02	15:00:00	2070.366	2070.709	2056.097	2059.305	11530	0	199
2024.01.02	16:00:00	2059.336	2067.595	2059.091	2066.092	6588	0	199
2024.01.02	17:00:00	2066.040	2066.909	2061.791	2062.681	4603	0	199
2024.01.02	18:00:00	2062.724	2064.920	2060.514	2061.164	4005	0	199
2024.01.02	19:00:00	2061.158	2062.175	2060.370	2060.946	3409	0	199
2024.01.02	20:00:00	2060.990	2061.577	2057.837	2058.143	3495	0	199
2024.01.02	21:00:00	2058.150	2059.231	2057.993	2058.855	2093	0	199
2024.01.02	23:00:00	2058.797	2059.874	2058.408	2059.476	1874	0	599
2024.01.03	00:00:00	2059.448	2062.127	2059.227	2060.197	3373	0	199
2024.01.03	01:00:00	2060.185	2062.553	2059.448	2062.379	4212	0	199
2024.01.03	02:00:00	2062.410	2065.172	2061.598	2064.696	3858	0	199
2024.01.03	03:00:00	2064.701	2065.541	2063.255	2065.072	3091	0	199
2024.01.03	04:00:00	2065.023	2065.521	2064.352	2064.764	2458	0	199
2024.01.03	05:00:00	2064.762	2065.982	2063.430	2064.061	3253	0	199
2024.01.03	06:00:00	2064.024	2065.373	2063.375	2064.300	3491	0	200
2024.01.03	07:00:00	2064.268	2064.320	2060.827	2062.915	4263	0	200
2024.01.03	08:00:00	2062.910	2064.376	2058.848	2060.083	4916	0	199
2024.01.03	09:00:00	2060.050	2060.576	2054.243	2056.796	4861	0	199
2024.01.03	10:00:00	2056.744	2057.157	2052.648	2054.849	4389	0	199
2024.01.03	11:00:00	2054.850	2055.634	2046.614	2047.617	5231	0	199
2024.01.03	12:00:00	2047.648	2048.369	2041.737	2045.712	7198	0	199
2024.01.03	13:00:00	2045.749	2047.987	2038.640	2040.974	8273	0	199
2024.01.03	14:00:00	2041.027	2042.294	2031.752	2037.822	9389	0	199
2024.01.03	15:00:00	2037.770	2048.767	2031.782	2032.552	12415	0	199
2024.01.03	16:00:00	2032.601	2036.051	2031.250	2032.375	7575	0	199
2024.01.03	17:00:00	2032.423	2033.779	2030.541	2033.303	5311	0	199
2024.01.03	18:00:00	2033.311	2036.331	2032.857	2035.754	4375	0	199
2024.01.03	19:00:00	2035.765	2042.278	2030.522	2036.620	8575	0	199
2024.01.03	20:00:00	2036.583	2042.309	2036.405	2040.956	5632	0	199
2024.01.03	21:00:00	2040.996	2041.809	2040.222	2041.175	2553	0	199
2024.01.03	23:00:00	2042.001	2043.665	2041.091	2042.666	2191	0	599
2024.01.04	00:00:00	2042.657	2043.186	2041.533	2042.090	3119	0	199
2024.01.04	01:00:00	2042.089	2043.284	2040.044	2042.197	4351	0	199
2024.01.04	02:00:00	2042.207	2044.762	2042.207	2044.586	4097	0	199
2024.01.04	03:00:00	2044.619	2046.960	2044.092	2044.684	3337	0	199
2024.01.04	04:00:00	2044.682	2044.682	2042.370	2043.012	3317	0	199
2024.01.04	05:00:00	2042.998	2044.270	2042.312	2043.774	3199	0	199
2024.01.04	06:00:00	2043.781	2048.590	2043.571	2047.203	4501	0	199
2024.01.04	07:00:00	2047.160	2049.550	2046.482	2047.599	4588	0	199
2024.01.04	08:00:00	2047.654	2048.584	2045.398	2046.763	4673	0	199
2024.01.04	09:00:00	2046.717	2050.958	2046.267	2047.995	4549	0	199
2024.01.04	10:00:00	2048.020	2050.826	2046.625	2047.887	4321	0	199
2024.01.04	11:00:00	2047.882	2048.402	2044.830	2045.136	3936	0	199
2024.01.04	12:00:00	2045.137	2046.175	2043.274	2045.853	4063	0	199
2024.01.04	13:00:00	2045.865	2047.108	2038.830	2040.153	6909	0	199
2024.01.04	14:00:00	2040.200	2042.563	2036.176	2039.267	6592	0	199
2024.01.04	15:00:00	2039.295	2047.778	2039.107	2045.046	7377	0	199
2024.01.04	16:00:00	2045.084	2046.679	2044.043	2044.635	5113	0	199
2024.01.04	17:00:00	2044.686	2045.009	2040.825	2043.192	4602	0	199
2024.01.04	18:00:00	2043.205	2043.938	2041.460	2043.123	3946	0	199
2024.01.04	19:00:00	2043.072	2044.852	2042.395	2044.299	3206	0	199
2024.01.04	20:00:00	2044.282	2044.783	2042.998	2042.998	3470	0	199
2024.01.04	21:00:00	2043.060	2044.289	2043.060	2043.290	1824	0	200
2024.01.04	23:00:00	2043.256	2044.602	2042.485	2043.865	2093	0	599
2024.01.05	00:00:00	2043.917	2044.679	2043.235	2044.251	2982	0	199
2024.01.05	01:00:00	2044.260	2048.264	2043.999	2046.138	4856	0	199
2024.01.05	02:00:00	2046.138	2047.795	2045.641	2046.134	3400	0	199
2024.01.05	03:00:00	2046.134	2046.408	2044.793	2045.320	3413	0	199
2024.01.05	04:00:00	2045.276	2046.378	2044.440	2044.595	2693	0	199
2024.01.05	05:00:00	2044.551	2045.226	2043.132	2044.452	3099	0	199
2024.01.05	06:00:00	2044.454	2045.060	2040.840	2042.420	3882	0	199
2024.01.05	07:00:00	2042.421	2047.000	2042.027	2043.125	4515	0	199
2024.01.05	08:00:00	2043.141	2044.396	2041.393	2042.389	4448	0	199
2024.01.05	09:00:00	2042.343	2043.781	2038.360	2038.835	4022	0	199
2024.01.05	10:00:00	2038.890	2040.291	2037.309	2039.947	3832	0	199
2024.01.05	11:00:00	2039.919	2040.301	2037.017	2039.152	3435	0	199
2024.01.05	12:00:00	2039.136	2040.964	2038.359	2040.117	3767	0	199
2024.01.05	13:00:00	2040.165	2041.953	2024.346	2039.925	15646	0	199
2024.01.05	14:00:00	2039.880	2049.187	2038.736	2046.859	14723	0	199
2024.01.05	15:00:00	2046.943	2063.987	2046.943	2054.770	17437	0	199
2024.01.05	16:00:00	2054.829	2056.213	2044.101	2045.065	7999	0	199
2024.01.05	17:00:00	2045.090	2045.440	2040.370	2041.959	7338	0	199
2024.01.05	18:00:00	2041.917	2048.472	2040.468	2048.134	5713	0	199
2024.01.05	19:00:00	2048.177	2050.317	2044.890	2045.682	4758	0	199
2024.01.05	20:00:00	2045.705	2045.766	2042.786	2043.569	4271	0	199
2024.01.05	21:00:00	2043.555	2046.177	2043.555	2045.479	2394	0	199
2024.01.07	23:00:00	2044.595	2045.575	2042.903	2044.208	2750	0	199
2024.01.08	00:00:00	2044.212	2046.264	2043.707	2045.942	2654	0	199
2024.01.08	01:00:00	2045.956	2046.590	2042.791	2043.747	4389	0	199
2024.01.08	02:00:00	2043.771	2043.805	2041.172	2041.285	4097	0	199
2024.01.08	03:00:00	2041.288	2041.503	2035.019	2036.098	4559	0	199
2024.01.08	04:00:00	2036.117	2037.543	2035.557	2035.783	3515	0	199
2024.01.08	05:00:00	2035.736	2036.090	2026.943	2030.675	6000	0	199
2024.01.08	06:00:00	2030.665	2033.253	2030.320	2032.911	4482	0	199
2024.01.08	07:00:00	2032.870	2033.153	2028.544	2031.393	5336	0	199
2024.01.08	08:00:00	2031.393	2031.738	2027.258	2028.317	5836	0	199
2024.01.08	09:00:00	2028.287	2031.687	2026.466	2029.089	4950	0	199
2024.01.08	10:00:00	2029.133	2029.458	2026.954	2027.566	4268	0	199
2024.01.08	11:00:00	2027.563	2027.892	2016.640	2020.087	6796	0	199
2024.01.08	12:00:00	2020.056	2024.889	2018.826	2024.572	5012	0	199
2024.01.08	13:00:00	2024.602	2025.477	2018.388	2018.931	9073	0	199
2024.01.08	14:00:00	2018.888	2027.167	2018.454	2026.387	9155	0	199
2024.01.08	15:00:00	2026.349	2034.806	2025.466	2034.227	8213	0	199
2024.01.08	16:00:00	2034.259	2036.895	2031.348	2032.107	6597	0	199
2024.01.08	17:00:00	2032.140	2033.001	2027.014	2027.639	5098	0	199
2024.01.08	18:00:00	2027.636	2028.280	2026.275	2026.505	4230	0	199
2024.01.08	19:00:00	2026.510	2029.588	2026.459	2029.301	3491	0	199
2024.01.08	20:00:00	2029.315	2029.857	2026.082	2027.128	3720	0	200
2024.01.08	21:00:00	2027.118	2028.710	2027.048	2027.998	2061	0	200
2024.01.08	23:00:00	2027.987	2030.686	2027.635	2030.439	1939	0	599
2024.01.09	00:00:00	2030.411	2034.938	2030.411	2034.337	4058	0	199
2024.01.09	01:00:00	2034.338	2035.603	2031.139	2032.162	4715	0	199
2024.01.09	02:00:00	2032.169	2035.889	2032.069	2034.138	4160	0	199
2024.01.09	03:00:00	2034.170	2034.917	2032.972	2033.589	3380	0	199
2024.01.09	04:00:00	2033.599	2034.973	2032.234	2032.867	3513	0	199
2024.01.09	05:00:00	2032.867	2033.508	2030.295	2032.773	3623	0	199
2024.01.09	06:00:00	2032.810	2035.107	2031.170	2033.135	4264	0	199
2024.01.09	07:00:00	2033.160	2037.212	2032.182	2035.961	4968	0	199
2024.01.09	08:00:00	2036.010	2038.258	2031.254	2034.260	6139	0	199
2024.01.09	09:00:00	2034.214	2036.990	2033.119	2035.392	4687	0	199
2024.01.09	10:00:00	2035.390	2038.492	2034.788	2035.423	4496	0	199
2024.01.09	11:00:00	2035.454	2035.696	2033.639	2034.929	3904	0	200
2024.01.09	12:00:00	2034.992	2036.305	2033.936	2036.246	3828	0	200
2024.01.09	13:00:00	2036.294	2042.030	2031.633	2038.634	8173	0	199
2024.01.09	14:00:00	2038.595	2040.074	2033.896	2034.593	8930	0	199
2024.01.09	15:00:00	2034.569	2035.590	2028.708	2028.708	7388	0	199
2024.01.09	16:00:00	2028.659	2031.560	2026.021	2031.121	6885	0	199
2024.01.09	17:00:00	2031.167	2032.017	2027.002	2027.593	4889	0	199
2024.01.09	18:00:00	2027.565	2029.651	2026.748	2029.135	4982	0	199
2024.01.09	19:00:00	2029.146	2029.996	2027.759	2028.790	3472	0	199
2024.01.09	20:00:00	2028.809	2031.085	2028.237	2028.387	3646	0	199
2024.01.09	21:00:00	2028.438	2030.149	2028.428	2029.886	1672	0	199
2024.01.09	23:00:00	2030.536	2030.967	2027.978	2030.401	2051	0	599
2024.01.10	00:00:00	2030.403	2031.139	2029.588	2030.255	2787	0	199
2024.01.10	01:00:00	2030.226	2032.459	2027.243	2031.754	4518	0	199
2024.01.10	02:00:00	2031.732	2032.824	2030.326	2031.797	3676	0	199
2024.01.10	03:00:00	2031.806	2031.890	2028.051	2028.801	3567	0	199
2024.01.10	04:00:00	2028.793	2030.650	2028.346	2029.715	2900	0	199
2024.01.10	05:00:00	2029.713	2030.191	2025.365	2026.623	3877	0	199
2024.01.10	06:00:00	2026.624	2027.038	2023.781	2024.521	4092	0	199
2024.01.10	07:00:00	2024.545	2031.614	2024.221	2030.928	5031	0	199
2024.01.10	08:00:00	2030.924	2036.030	2030.192	2035.201	6452	0	199
2024.01.10	09:00:00	2035.150	2036.176	2034.559	2035.647	4542	0	199
2024.01.10	10:00:00	2035.711	2040.300	2034.471	2034.822	4561	0	199
2024.01.10	11:00:00	2034.828	2035.279	2032.751	2034.043	3919	0	199
2024.01.10	12:00:00	2034.046	2035.664	2031.181	2031.513	4463	0	199
2024.01.10	13:00:00	2031.521	2034.018	2029.922	2030.197	6268	0	199
2024.01.10	14:00:00	2030.238	2033.592	2026.349	2027.363	7171	0	199
2024.01.10	15:00:00	2027.379	2029.778	2024.774	2027.812	7331	0	199
2024.01.10	16:00:00	2027.775	2028.512	2024.679	2027.021	5377	0	199
2024.01.10	17:00:00	2027.029	2027.758	2022.139	2023.976	4751	0	199
2024.01.10	18:00:00	2024.002	2024.544	2021.340	2023.619	4914	0	199
2024.01.10	19:00:00	2023.617	2024.518	2020.353	2024.009	3717	0	199
2024.01.10	20:00:00	2024.070	2025.021	2021.842	2023.513	4496	0	199
2024.01.10	21:00:00	2023.487	2024.484	2023.270	2024.235	1961	0	200
2024.01.10	23:00:00	2024.489	2027.768	2024.224	2026.358	2197	0	600
2024.01.11	00:00:00	2026.413	2028.437	2026.413	2027.830	2956	0	199
2024.01.11	01:00:00	2027.848	2030.357	2027.039	2029.616	3909	0	199
2024.01.11	02:00:00	2029.622	2031.974	2028.860	2029.611	3710	0	199
2024.01.11	03:00:00	2029.607	2031.021	2028.756	2030.790	3031	0	199
2024.01.11	04:00:00	2030.790	2032.235	2030.780	2031.989	2414	0	199
2024.01.11	05:00:00	2032.037	2034.590	2031.071	2032.933	3445	0	199
2024.01.11	06:00:00	2032.946	2035.050	2032.126	2033.941	3748	0	199
2024.01.11	07:00:00	2033.942	2035.640	2033.555	2033.843	3761	0	199
2024.01.11	08:00:00	2033.896	2034.020	2030.407	2030.880	4626	0	199
2024.01.11	09:00:00	2030.872	2032.475	2030.084	2031.273	3964	0	199
2024.01.11	10:00:00	2031.273	2032.722	2030.471	2032.010	3397	0	199
2024.01.11	11:00:00	2032.055	2034.383	2031.328	2034.287	3598	0	199
2024.01.11	12:00:00	2034.319	2035.015	2031.564	2032.323	4092	0	199
2024.01.11	13:00:00	2032.345	2048.118	2024.948	2029.421	17106	0	199
2024.01.11	14:00:00	2029.456	2034.875	2024.849	2029.689	15995	0	199
2024.01.11	15:00:00	2029.659	2032.982	2025.166	2028.985	12779	0	199
2024.01.11	16:00:00	2028.949	2029.590	2013.555	2016.687	12095	0	199
2024.01.11	17:00:00	2016.644	2018.457	2013.209	2014.323	7086	0	199
2024.01.11	18:00:00	2014.286	2017.015	2013.752	2017.010	5833	0	199
2024.01.11	19:00:00	2017.042	2027.409	2017.042	2026.438	6416	0	199
2024.01.11	20:00:00	2026.487	2028.527	2023.443	2027.466	5433	0	199
2024.01.11	21:00:00	2027.506	2029.602	2027.337	2028.820	2491	0	199
2024.01.11	23:00:00	2028.755	2035.447	2028.435	2034.954	2728	0	599
2024.01.12	00:00:00	2035.011	2035.381	2030.244	2031.074	3901	0	199
2024.01.12	01:00:00	2031.030	2034.720	2030.010	2033.877	4918	0	199
2024.01.12	02:00:00	2033.877	2035.250	2033.196	2033.963	3618	0	199
2024.01.12	03:00:00	2033.964	2035.637	2033.623	2033.876	3103	0	199
2024.01.12	04:00:00	2033.847	2034.992	2032.784	2034.659	2898	0	199
2024.01.12	05:00:00	2034.672	2037.105	2033.700	2035.999	3428	0	199
2024.01.12	06:00:00	2035.942	2036.761	2034.883	2035.208	3477	0	199
2024.01.12	07:00:00	2035.236	2039.355	2034.120	2037.554	4862	0	199
2024.01.12	08:00:00	2037.552	2039.757	2036.909	2038.610	5065	0	199
2024.01.12	09:00:00	2038.622	2040.031	2037.781	2038.091	4158	0	199
2024.01.12	10:00:00	2038.094	2046.083	2037.966	2045.803	4555	0	199
2024.01.12	11:00:00	2045.835	2047.382	2044.126	2045.307	4901	0	199
2024.01.12	12:00:00	2045.339	2053.794	2045.339	2047.755	7132	0	199
2024.01.12	13:00:00	2047.808	2056.642	2044.329	2056.097	11641	0	199
2024.01.12	14:00:00	2056.149	2062.284	2053.285	2055.980	11185	0	199
2024.01.12	15:00:00	2055.943	2060.074	2050.818	2053.612	10168	0	199
2024.01.12	16:00:00	2053.646	2055.516	2048.226	2048.245	8103	0	199
2024.01.12	17:00:00	2048.213	2048.579	2041.397	2043.853	7499	0	199
2024.01.12	18:00:00	2043.811	2048.659	2042.912	2047.478	5360	0	199
2024.01.12	19:00:00	2047.482	2049.145	2046.176	2047.283	3707	0	199
2024.01.12	20:00:00	2047.331	2047.673	2046.008	2047.544	3379	0	199
2024.01.12	21:00:00	2047.498	2049.223	2046.839	2049.032	2348	0	200
2024.01.14	23:00:00	2048.130	2048.705	2046.293	2047.587	2653	0	199
2024.01.15	00:00:00	2047.652	2048.461	2045.765	2047.845	3471	0	199
2024.01.15	01:00:00	2047.863	2051.387	2047.446	2050.938	4571	0	199
2024.01.15	02:00:00	2050.941	2056.369	2049.822	2056.331	4689	0	199
2024.01.15	03:00:00	2056.282	2058.029	2055.452	2057.376	4013	0	199
2024.01.15	04:00:00	2057.373	2057.551	2053.541	2054.289	3106	0	200
2024.01.15	05:00:00	2054.290	2055.532	2053.005	2055.062	3191	0	199
2024.01.15	06:00:00	2055.072	2056.946	2053.822	2055.377	3765	0	199
2024.01.15	07:00:00	2055.417	2055.930	2052.866	2054.167	4764	0	199
2024.01.15	08:00:00	2054.218	2058.626	2053.764	2056.652	4440	0	199
2024.01.15	09:00:00	2056.644	2056.963	2052.871	2054.907	4178	0	199
2024.01.15	10:00:00	2054.940	2055.111	2052.031	2053.022	3859	0	199
2024.01.15	11:00:00	2053.068	2053.745	2051.458	2053.257	3522	0	199
2024.01.15	12:00:00	2053.263	2053.649	2051.265	2052.677	3618	0	199
2024.01.15	13:00:00	2052.735	2054.243	2052.045	2054.155	3855	0	199
2024.01.15	14:00:00	2054.220	2054.417	2051.556	2052.136	3733	0	199
2024.01.15	15:00:00	2052.094	2053.826	2049.187	2053.258	4335	0	199
2024.01.15	16:00:00	2053.231	2054.954	2053.148	2054.018	3410	0	199
2024.01.15	17:00:00	2054.031	2056.379	2053.593	2055.281	2919	0	200
2024.01.15	18:00:00	2055.313	2055.457	2054.253	2054.432	1386	0	199
2024.01.15	19:00:00	2054.429	2054.519	2053.885	2053.936	359	0	200
2024.01.15	23:00:00	2054.529	2055.323	2053.140	2053.836	2240	0	599
2024.01.16	00:00:00	2053.997	2054.508	2050.763	2051.373	3768	0	199
2024.01.16	01:00:00	2051.335	2053.374	2049.910	2050.833	4869	0	199
2024.01.16	02:00:00	2050.841	2051.476	2049.754	2050.490	3759	0	199
2024.01.16	03:00:00	2050.487	2051.523	2048.344	2049.438	3691	0	199
2024.01.16	04:00:00	2049.438	2050.051	2048.966	2049.329	2800	0	199
2024.01.16	05:00:00	2049.347	2049.429	2047.485	2048.570	3511	0	199
2024.01.16	06:00:00	2048.535	2050.518	2047.357	2050.469	3676	0	199
2024.01.16	07:00:00	2050.477	2050.885	2047.991	2049.376	4523	0	199
2024.01.16	08:00:00	2049.344	2050.024	2042.052	2043.129	6876	0	199
2024.01.16	09:00:00	2043.134	2043.885	2038.608	2041.218	6119	0	199
2024.01.16	10:00:00	2041.171	2042.407	2039.234	2041.008	4864	0	199
2024.01.16	11:00:00	2041.039	2041.206	2038.139	2039.874	4491	0	199
2024.01.16	12:00:00	2039.813	2040.002	2035.593	2038.467	5422	0	199
2024.01.16	13:00:00	2038.419	2045.055	2031.245	2037.631	11421	0	199
2024.01.16	14:00:00	2037.671	2042.602	2036.799	2038.185	9338	0	199
2024.01.16	15:00:00	2038.195	2041.987	2037.292	2041.053	7918	0	199
2024.01.16	16:00:00	2041.102	2041.269	2032.451	2033.473	14235	0	199
2024.01.16	17:00:00	2033.482	2033.838	2024.884	2025.292	8199	0	199
2024.01.16	18:00:00	2025.341	2028.904	2024.189	2025.093	5635	0	199
2024.01.16	19:00:00	2025.095	2030.157	2024.909	2029.190	4225	0	199
2024.01.16	20:00:00	2029.220	2029.754	2027.808	2028.243	3679	0	199
2024.01.16	21:00:00	2028.293	2028.554	2027.116	2028.462	2096	0	199
2024.01.16	23:00:00	2027.917	2028.060	2025.591	2027.829	2262	0	599
2024.01.17	00:00:00	2028.101	2028.843	2025.630	2028.436	3452	0	199
2024.01.17	01:00:00	2028.433	2030.740	2026.672	2030.263	4638	0	199
2024.01.17	02:00:00	2030.251	2032.936	2026.970	2028.935	4306	0	199
2024.01.17	03:00:00	2028.904	2029.129	2023.395	2024.074	3718	0	199
2024.01.17	04:00:00	2024.070	2025.760	2023.328	2025.362	3402	0	199
2024.01.17	05:00:00	2025.367	2025.401	2019.285	2020.631	5292	0	199
2024.01.17	06:00:00	2020.635	2020.777	2017.554	2019.216	4968	0	199
2024.01.17	07:00:00	2019.212	2026.108	2017.807	2025.746	5985	0	199
2024.01.17	08:00:00	2025.698	2026.566	2021.243	2021.428	5271	0	199
2024.01.17	09:00:00	2021.398	2024.264	2018.965	2023.800	4731	0	199
2024.01.17	10:00:00	2023.668	2028.319	2022.722	2026.062	5081	0	199
2024.01.17	11:00:00	2026.104	2026.709	2023.684	2023.938	4027	0	199
2024.01.17	12:00:00	2023.893	2029.025	2023.682	2028.318	5252	0	199
2024.01.17	13:00:00	2028.365	2028.679	2018.995	2022.413	9751	0	199
2024.01.17	14:00:00	2022.359	2023.066	2011.391	2012.225	10312	0	199
2024.01.17	15:00:00	2012.163	2014.024	2006.077	2008.853	10864	0	199
2024.01.17	16:00:00	2008.814	2011.965	2004.138	2005.411	7211	0	199
2024.01.17	17:00:00	2005.469	2008.023	2003.403	2007.008	5450	0	199
2024.01.17	18:00:00	2007.041	2007.206	2001.742	2004.665	5312	0	199
2024.01.17	19:00:00	2004.712	2006.924	2004.276	2005.413	4249	0	199
2024.01.17	20:00:00	2005.460	2006.840	2004.711	2006.125	3839	0	199
2024.01.17	21:00:00	2006.158	2006.369	2005.262	2006.130	2093	0	200
2024.01.17	23:00:00	2005.391	2009.600	2005.370	2009.247	2327	0	599
2024.01.18	00:00:00	2009.264	2010.916	2008.208	2010.839	3458	0	199
2024.01.18	01:00:00	2010.784	2012.095	2009.315	2011.534	4278	0	199
2024.01.18	02:00:00	2011.496	2011.841	2007.462	2007.625	3493	0	199
2024.01.18	03:00:00	2007.632	2009.161	2006.438	2008.023	3654	0	199
2024.01.18	04:00:00	2008.009	2009.187	2007.842	2008.024	2733	0	199
2024.01.18	05:00:00	2008.055	2009.385	2005.719	2009.162	3553	0	199
2024.01.18	06:00:00	2009.145	2013.033	2008.777	2012.630	4155	0	199
2024.01.18	07:00:00	2012.588	2014.013	2011.030	2012.317	4172	0	199
2024.01.18	08:00:00	2012.305	2012.394	2009.547	2009.714	4499	0	199
2024.01.18	09:00:00	2009.680	2013.011	2008.100	2010.119	4375	0	199
2024.01.18	10:00:00	2010.163	2012.211	2009.172	2011.552	3824	0	199
2024.01.18	11:00:00	2011.558	2013.473	2010.743	2012.554	3688	0	199
2024.01.18	12:00:00	2012.576	2017.231	2012.576	2015.047	4998	0	199
2024.01.18	13:00:00	2014.987	2014.987	2007.350	2009.048	7507	0	199
2024.01.18	14:00:00	2009.100	2013.663	2008.973	2012.808	8232	0	199
2024.01.18	15:00:00	2012.862	2015.652	2011.607	2013.553	6911	0	199
2024.01.18	16:00:00	2013.550	2017.719	2013.017	2014.766	5319	0	199
2024.01.18	17:00:00	2014.767	2016.363	2013.181	2016.247	4384	0	199
2024.01.18	18:00:00	2016.302	2021.101	2015.416	2020.448	5114	0	199
2024.01.18	19:00:00	2020.409	2020.587	2018.338	2019.746	3973	0	199
2024.01.18	20:00:00	2019.740	2022.631	2019.740	2022.213	3652	0	199
2024.01.18	21:00:00	2022.170	2023.266	2021.808	2023.088	1854	0	199
2024.01.18	23:00:00	2023.646	2024.227	2020.851	2023.423	2616	0	599
2024.01.19	00:00:00	2023.523	2024.247	2022.618	2023.119	3056	0	200
2024.01.19	01:00:00	2023.111	2025.508	2022.041	2023.994	4249	0	199
2024.01.19	02:00:00	2023.940	2024.990	2022.545	2023.970	3566	0	199
2024.01.19	03:00:00	2023.970	2024.255	2021.856	2022.747	2604	0	199
2024.01.19	04:00:00	2022.742	2022.776	2020.589	2020.975	2442	0	199
2024.01.19	05:00:00	2020.958	2021.880	2020.311	2021.567	2977	0	199
2024.01.19	06:00:00	2021.541	2024.259	2020.844	2023.800	3683	0	199
2024.01.19	07:00:00	2023.793	2029.613	2023.646	2027.947	4401	0	199
2024.01.19	08:00:00	2027.908	2030.094	2026.171	2029.679	4166	0	199
2024.01.19	09:00:00	2029.688	2030.826	2027.578	2029.721	3854	0	199
2024.01.19	10:00:00	2029.715	2030.943	2028.863	2030.320	3327	0	200
2024.01.19	11:00:00	2030.361	2031.997	2028.760	2031.619	3531	0	200
2024.01.19	12:00:00	2031.653	2035.116	2031.638	2032.855	4191	0	199
2024.01.19	13:00:00	2032.808	2039.228	2032.599	2035.257	6432	0	199
2024.01.19	14:00:00	2035.297	2035.666	2026.325	2029.646	6490	0	199
2024.01.19	15:00:00	2029.678	2032.157	2023.126	2027.661	9093	0	199
2024.01.19	16:00:00	2027.640	2029.521	2023.178	2024.807	5649	0	199
2024.01.19	17:00:00	2024.768	2029.081	2024.351	2029.081	4738	0	199
2024.01.19	18:00:00	2029.081	2029.436	2026.385	2027.821	4224	0	199
2024.01.19	19:00:00	2027.803	2029.388	2027.482	2029.075	3509	0	199
2024.01.19	20:00:00	2029.056	2029.474	2027.688	2028.199	3296	0	199
2024.01.19	21:00:00	2028.249	2029.970	2028.081	2029.452	2075	0	200
2024.01.21	23:00:00	2028.529	2028.563	2026.854	2027.504	2795	0	199
2024.01.22	00:00:00	2027.490	2029.246	2025.389	2028.985	3396	0	199
2024.01.22	01:00:00	2029.034	2032.074	2028.684	2029.034	4167	0	199
2024.01.22	02:00:00	2029.048	2030.023	2028.325	2029.723	3334	0	199
2024.01.22	03:00:00	2029.726	2029.767	2025.932	2026.943	3233	0	199
2024.01.22	04:00:00	2026.935	2027.179	2024.645	2025.489	2883	0	200
2024.01.22	05:00:00	2025.441	2025.539	2021.833	2023.240	4246	0	199
2024.01.22	06:00:00	2023.206	2024.436	2020.011	2020.887	4809	0	199
2024.01.22	07:00:00	2020.870	2024.221	2019.048	2021.800	4986	0	199
2024.01.22	08:00:00	2021.756	2026.194	2020.407	2022.109	5112	0	199
2024.01.22	09:00:00	2022.152	2023.919	2020.531	2021.682	3907	0	199
2024.01.22	10:00:00	2021.626	2024.516	2021.021	2022.834	3867	0	199
2024.01.22	11:00:00	2022.816	2026.607	2022.175	2026.113	4000	0	199
2024.01.22	12:00:00	2026.066	2030.182	2025.167	2029.628	4793	0	199
2024.01.22	13:00:00	2029.582	2029.685	2021.219	2023.151	6882	0	199
2024.01.22	14:00:00	2023.135	2023.972	2016.403	2022.665	7562	0	199
2024.01.22	15:00:00	2022.623	2026.534	2020.708	2024.100	6331	0	199
2024.01.22	16:00:00	2024.141	2024.194	2021.412	2023.615	4475	0	199
2024.01.22	17:00:00	2023.670	2024.601	2021.331	2021.576	3829	0	199
2024.01.22	18:00:00	2021.573	2021.896	2019.713	2021.289	3674	0	199
2024.01.22	19:00:00	2021.284	2021.564	2019.029	2020.960	3330	0	199
2024.01.22	20:00:00	2020.972	2021.034	2019.109	2020.766	3207	0	199
2024.01.22	21:00:00	2020.747	2021.560	2020.181	2021.560	1809	0	200
2024.01.22	23:00:00	2021.392	2021.774	2020.201	2020.552	1615	0	600
2024.01.23	00:00:00	2020.554	2023.107	2020.554	2022.754	2508	0	199
2024.01.23	01:00:00	2022.713	2022.886	2019.559	2021.648	3767	0	199
2024.01.23	02:00:00	2021.668	2024.127	2020.781	2022.642	3829	0	199
2024.01.23	03:00:00	2022.637	2027.860	2021.698	2027.393	3970	0	199
2024.01.23	04:00:00	2027.389	2027.904	2026.652	2027.596	2903	0	199
2024.01.23	05:00:00	2027.599	2031.706	2027.188	2030.833	3923	0	199
2024.01.23	06:00:00	2030.810	2035.934	2029.125	2035.083	4592	0	199
2024.01.23	07:00:00	2035.118	2037.908	2027.702	2031.549	6454	0	199
2024.01.23	08:00:00	2031.553	2031.648	2027.669	2028.894	4635	0	199
2024.01.23	09:00:00	2028.851	2030.552	2027.016	2028.670	4387	0	199
2024.01.23	10:00:00	2028.615	2028.615	2024.703	2025.092	4241	0	199
2024.01.23	11:00:00	2025.084	2026.148	2022.365	2023.862	4227	0	199
2024.01.23	12:00:00	2023.868	2026.945	2023.197	2025.699	4238	0	199
2024.01.23	13:00:00	2025.740	2030.374	2023.287	2024.883	5918	0	199
2024.01.23	14:00:00	2024.884	2026.105	2021.376	2023.098	6846	0	199
2024.01.23	15:00:00	2023.152	2026.743	2022.928	2025.108	6343	0	199
2024.01.23	16:00:00	2025.165	2027.711	2023.233	2025.669	4834	0	199
2024.01.23	17:00:00	2025.711	2026.007	2022.565	2024.218	3827	0	199
2024.01.23	18:00:00	2024.232	2025.708	2022.963	2025.173	3717	0	199
2024.01.23	19:00:00	2025.169	2030.684	2024.733	2029.836	3887	0	199
2024.01.23	20:00:00	2029.818	2030.286	2028.145	2028.682	3166	0	199
2024.01.23	21:00:00	2028.647	2029.264	2027.778	2028.910	1897	0	200
2024.01.23	23:00:00	2028.631	2029.388	2027.091	2029.137	1916	0	599
2024.01.24	00:00:00	2029.003	2029.279	2026.905	2027.345	2860	0	199
2024.01.24	01:00:00	2027.305	2028.922	2026.401	2027.210	3714	0	199
2024.01.24	02:00:00	2027.188	2027.553	2023.895	2024.207	3155	0	199
2024.01.24	03:00:00	2024.186	2025.667	2023.656	2024.820	3223	0	199
2024.01.24	04:00:00	2024.818	2025.636	2023.982	2024.447	2446	0	199
2024.01.24	05:00:00	2024.436	2025.685	2022.770	2024.534	3277	0	199
2024.01.24	06:00:00	2024.535	2027.951	2023.727	2026.023	3676	0	199
2024.01.24	07:00:00	2025.979	2031.577	2025.761	2029.528	4560	0	199
2024.01.24	08:00:00	2029.561	2032.213	2028.176	2030.899	5022	0	199
2024.01.24	09:00:00	2030.850	2034.139	2029.884	2030.875	4439	0	199
2024.01.24	10:00:00	2030.823	2033.003	2029.338	2032.677	3799	0	199
2024.01.24	11:00:00	2032.726	2034.231	2030.801	2033.463	3861	0	199
2024.01.24	12:00:00	2033.412	2034.376	2031.623	2032.685	4409	0	199
2024.01.24	13:00:00	2032.637	2036.630	2031.223	2033.985	8080	0	199
2024.01.24	14:00:00	2033.937	2034.672	2023.267	2024.564	9651	0	199
2024.01.24	15:00:00	2024.588	2025.281	2014.833	2015.213	9741	0	199
2024.01.24	16:00:00	2015.244	2016.302	2011.783	2015.290	6533	0	199
2024.01.24	17:00:00	2015.329	2019.778	2015.251	2019.173	4994	0	199
2024.01.24	18:00:00	2019.225	2019.771	2013.336	2015.072	5468	0	199
2024.01.24	19:00:00	2015.069	2015.279	2011.138	2012.057	4045	0	199
2024.01.24	20:00:00	2012.089	2013.757	2011.781	2012.258	3523	0	199
2024.01.24	21:00:00	2012.298	2014.553	2012.048	2014.417	2293	0	199
2024.01.24	23:00:00	2014.761	2017.390	2014.571	2016.101	2420	0	599
2024.01.25	00:00:00	2015.977	2016.724	2014.796	2015.414	3311	0	199
2024.01.25	01:00:00	2015.411	2017.281	2014.443	2016.462	4068	0	199
2024.01.25	02:00:00	2016.473	2016.964	2014.617	2015.133	3348	0	199
2024.01.25	03:00:00	2015.178	2016.772	2015.083	2015.768	2869	0	199
2024.01.25	04:00:00	2015.766	2016.393	2014.762	2015.651	2156	0	199
2024.01.25	05:00:00	2015.672	2016.575	2014.801	2015.493	2841	0	199
2024.01.25	06:00:00	2015.510	2016.559	2014.492	2015.744	3131	0	199
2024.01.25	07:00:00	2015.742	2018.245	2013.541	2015.811	4186	0	199
2024.01.25	08:00:00	2015.763	2015.977	2012.602	2013.838	4559	0	199
2024.01.25	09:00:00	2013.828	2017.873	2012.773	2017.812	3969	0	199
2024.01.25	10:00:00	2017.806	2019.486	2017.133	2019.106	3757	0	199
2024.01.25	11:00:00	2019.153	2019.492	2016.494	2017.450	3746	0	199
2024.01.25	12:00:00	2017.451	2017.624	2013.273	2013.658	4087	0	199
2024.01.25	13:00:00	2013.608	2022.976	2009.309	2019.258	9719	0	199
2024.01.25	14:00:00	2019.293	2025.228	2018.335	2023.605	9804	0	199
2024.01.25	15:00:00	2023.574	2024.684	2016.765	2020.279	7817	0	199
2024.01.25	16:00:00	2020.285	2021.607	2013.748	2014.557	5352	0	199
2024.01.25	17:00:00	2014.604	2016.485	2012.418	2014.863	4595	0	199
2024.01.25	18:00:00	2014.884	2018.593	2014.006	2014.258	4675	0	199
2024.01.25	19:00:00	2014.210	2018.367	2013.372	2017.700	3542	0	199
2024.01.25	20:00:00	2017.734	2020.280	2016.865	2020.024	3231	0	199
2024.01.25	21:00:00	2019.977	2020.721	2018.896	2020.710	1847	0	199
2024.01.25	23:00:00	2019.855	2021.522	2019.276	2020.248	2123	0	599
2024.01.26	00:00:00	2020.356	2021.791	2019.323	2021.174	2836	0	199
2024.01.26	01:00:00	2021.232	2024.174	2021.025	2021.834	3758	0	199
2024.01.26	02:00:00	2021.818	2023.936	2021.730	2021.935	3098	0	199
2024.01.26	03:00:00	2021.951	2022.867	2021.299	2021.773	2529	0	199
2024.01.26	04:00:00	2021.718	2022.416	2020.987	2021.189	2287	0	199
2024.01.26	05:00:00	2021.146	2023.464	2021.016	2022.984	2828	0	199
2024.01.26	06:00:00	2022.985	2023.392	2021.542	2021.594	3049	0	199
2024.01.26	07:00:00	2021.573	2022.779	2019.778	2021.252	3919	0	199
2024.01.26	08:00:00	2021.249	2022.156	2020.152	2020.533	4061	0	199
2024.01.26	09:00:00	2020.582	2022.376	2018.184	2020.794	4166	0	199
2024.01.26	10:00:00	2020.835	2023.825	2020.835	2023.400	3740	0	199
2024.01.26	11:00:00	2023.387	2024.630	2022.341	2023.429	3666	0	199
2024.01.26	12:00:00	2023.385	2024.448	2020.062	2021.275	3855	0	199
2024.01.26	13:00:00	2021.239	2026.819	2018.687	2024.612	7868	0	199
2024.01.26	14:00:00	2024.611	2026.066	2019.032	2020.258	7061	0	199
2024.01.26	15:00:00	2020.216	2020.216	2015.997	2017.082	5978	0	199
2024.01.26	16:00:00	2017.005	2019.457	2015.855	2018.157	4587	0	199
2024.01.26	17:00:00	2018.106	2018.793	2016.406	2016.625	3829	0	199
2024.01.26	18:00:00	2016.589	2018.192	2016.020	2017.304	3648	0	199
2024.01.26	19:00:00	2017.315	2017.836	2016.105	2017.015	3019	0	200
2024.01.26	20:00:00	2016.991	2019.215	2016.447	2018.480	2936	0	199
2024.01.26	21:00:00	2018.435	2019.118	2017.985	2018.469	1643	0	199
2024.01.28	23:00:00	2023.424	2028.618	2021.187	2021.831	5028	0	199
2024.01.29	00:00:00	2021.832	2022.056	2019.277	2021.508	3853	0	199
2024.01.29	01:00:00	2021.499	2025.450	2021.046	2023.178	4160	0	199
2024.01.29	02:00:00	2023.178	2025.461	2021.468	2025.397	3233	0	199
2024.01.29	03:00:00	2025.423	2026.322	2024.149	2025.600	2857	0	199
2024.01.29	04:00:00	2025.594	2027.589	2025.377	2026.135	2457	0	199
2024.01.29	05:00:00	2026.157	2026.816	2024.658	2025.473	2947	0	199
2024.01.29	06:00:00	2025.447	2028.969	2024.839	2028.725	3294	0	199
2024.01.29	07:00:00	2028.686	2033.823	2028.637	2031.276	4392	0	199
2024.01.29	08:00:00	2031.248	2033.558	2030.937	2031.577	4319	0	199
2024.01.29	09:00:00	2031.595	2031.921	2027.842	2028.397	3769	0	199
2024.01.29	10:00:00	2028.333	2028.569	2025.553	2027.447	3682	0	199
2024.01.29	11:00:00	2027.444	2028.301	2025.427	2028.111	3491	0	199
2024.01.29	12:00:00	2028.132	2030.281	2028.104	2028.434	3487	0	199
2024.01.29	13:00:00	2028.422	2037.561	2027.740	2036.769	5496	0	199
2024.01.29	14:00:00	2036.769	2037.206	2021.588	2024.700	7258	0	199
2024.01.29	15:00:00	2024.652	2026.215	2020.460	2025.387	5988	0	199
2024.01.29	16:00:00	2025.344	2027.926	2023.955	2027.006	4608	0	199
2024.01.29	17:00:00	2027.004	2031.097	2026.502	2029.312	4013	0	199
2024.01.29	18:00:00	2029.305	2029.705	2025.032	2025.797	3504	0	199
2024.01.29	19:00:00	2025.829	2027.930	2025.119	2026.881	3352	0	199
2024.01.29	20:00:00	2026.916	2035.250	2026.916	2032.692	5352	0	199
2024.01.29	21:00:00	2032.626	2032.626	2030.920	2032.337	2379	0	199
2024.01.29	23:00:00	2032.920	2033.177	2029.038	2030.730	2075	0	599
2024.01.30	00:00:00	2030.962	2034.066	2030.826	2033.534	3231	0	199
2024.01.30	01:00:00	2033.529	2033.945	2030.562	2031.054	3783	0	199
2024.01.30	02:00:00	2031.008	2032.412	2029.778	2031.882	3089	0	199
2024.01.30	03:00:00	2031.852	2032.544	2031.315	2031.999	2737	0	199
2024.01.30	04:00:00	2032.003	2032.983	2031.155	2031.755	2351	0	199
2024.01.30	05:00:00	2031.766	2033.279	2031.434	2032.170	2790	0	199
2024.01.30	06:00:00	2032.173	2035.996	2032.071	2034.463	3674	0	199
2024.01.30	07:00:00	2034.454	2040.474	2033.992	2037.856	4477	0	199
2024.01.30	08:00:00	2037.815	2039.451	2036.977	2038.287	4706	0	199
2024.01.30	09:00:00	2038.269	2038.620	2035.013	2035.659	3857	0	199
2024.01.30	10:00:00	2035.650	2037.313	2034.996	2035.612	3726	0	199
2024.01.30	11:00:00	2035.571	2036.109	2030.942	2034.252	3906	0	199
2024.01.30	12:00:00	2034.224	2036.333	2033.609	2035.884	3826	0	199
2024.01.30	13:00:00	2035.906	2037.941	2033.166	2037.767	6240	0	199
2024.01.30	14:00:00	2037.711	2048.556	2037.271	2046.616	8863	0	199
2024.01.30	15:00:00	2046.540	2048.246	2029.025	2032.543	12853	0	199
2024.01.30	16:00:00	2032.606	2036.047	2031.652	2035.834	5602	0	199
2024.01.30	17:00:00	2035.835	2036.133	2033.063	2033.971	4312	0	200
2024.01.30	18:00:00	2033.974	2033.974	2031.376	2032.729	3948	0	199
2024.01.30	19:00:00	2032.726	2037.021	2032.307	2036.040	3692	0	199
2024.01.30	20:00:00	2036.003	2036.592	2035.233	2035.985	3229	0	200
2024.01.30	21:00:00	2035.924	2036.847	2035.795	2036.768	2026	0	200
2024.01.30	23:00:00	2036.754	2037.079	2035.424	2036.231	1629	0	599
2024.01.31	00:00:00	2036.400	2038.641	2035.767	2036.085	2838	0	199
2024.01.31	01:00:00	2036.083	2037.158	2034.410	2034.619	3264	0	199
2024.01.31	02:00:00	2034.569	2034.830	2032.811	2033.657	3097	0	199
2024.01.31	03:00:00	2033.659	2034.212	2032.993	2033.908	2265	0	200
2024.01.31	04:00:00	2033.905	2034.780	2033.197	2034.499	1990	0	200
2024.01.31	05:00:00	2034.545	2035.079	2033.205	2034.933	2624	0	200
2024.01.31	06:00:00	2034.960	2035.780	2033.609	2034.272	2687	0	199
2024.01.31	07:00:00	2034.231	2038.550	2033.857	2036.563	3857	0	199
2024.01.31	08:00:00	2036.566	2040.432	2036.080	2039.100	4070	0	199
2024.01.31	09:00:00	2039.060	2039.808	2037.875	2038.213	3601	0	199
2024.01.31	10:00:00	2038.217	2038.555	2036.548	2036.959	3304	0	199
2024.01.31	11:00:00	2036.968	2038.917	2036.845	2037.284	3245	0	200
2024.01.31	12:00:00	2037.287	2039.575	2037.088	2038.474	3522	0	199
2024.01.31	13:00:00	2038.552	2043.210	2035.979	2041.847	7011	0	199
2024.01.31	14:00:00	2041.877	2055.294	2040.645	2051.610	8334	0	199
2024.01.31	15:00:00	2051.561	2055.969	2050.403	2052.115	8875	0	199
2024.01.31	16:00:00	2052.132	2053.580	2047.426	2049.962	6785	0	199
2024.01.31	17:00:00	2049.906	2050.972	2049.203	2049.612	4212	0	199
2024.01.31	18:00:00	2049.561	2049.820	2045.704	2046.340	4275	0	199
2024.01.31	19:00:00	2046.217	2050.813	2039.454	2044.780	21810	0	199
2024.01.31	20:00:00	2044.748	2045.913	2030.797	2034.733	17856	0	199
2024.01.31	21:00:00	2034.786	2040.142	2033.324	2038.986	4654	0	199
2024.01.31	23:00:00	2039.428	2041.176	2039.118	2039.784	2025	0	599
2024.02.01	00:00:00	2039.897	2042.674	2039.115	2040.624	3358	0	200
2024.02.01	01:00:00	2040.677	2041.894	2040.003	2041.277	4031	0	199
2024.02.01	02:00:00	2041.277	2049.516	2041.177	2046.936	4107	0	199
2024.02.01	03:00:00	2046.951	2048.485	2045.552	2046.288	3436	0	199
2024.02.01	04:00:00	2046.335	2046.641	2044.967	2045.743	2767	0	199
2024.02.01	05:00:00	2045.746	2046.302	2044.255	2044.488	3277	0	199
2024.02.01	06:00:00	2044.476	2044.862	2042.367	2043.513	3520	0	199
2024.02.01	07:00:00	2043.472	2044.181	2041.073	2042.895	4147	0	199
2024.02.01	08:00:00	2042.810	2042.810	2038.862	2041.899	5231	0	199
2024.02.01	09:00:00	2041.919	2042.784	2040.327	2041.023	4356	0	199
2024.02.01	10:00:00	2041.030	2041.199	2030.910	2031.842	5024	0	199
2024.02.01	11:00:00	2031.807	2034.419	2029.913	2033.378	5302	0	199
2024.02.01	12:00:00	2033.380	2034.457	2030.034	2034.185	5131	0	199
2024.02.01	13:00:00	2034.129	2042.081	2030.816	2039.975	8578	0	199
2024.02.01	14:00:00	2040.019	2050.817	2039.909	2046.163	9360	0	199
2024.02.01	15:00:00	2046.100	2053.016	2040.179	2051.911	11282	0	199
2024.02.01	16:00:00	2051.860	2065.458	2051.695	2059.362	9568	0	199
2024.02.01	17:00:00	2059.398	2062.361	2051.261	2054.421	8183	0	199
2024.02.01	18:00:00	2054.378	2058.666	2052.101	2055.744	7187	0	199
2024.02.01	19:00:00	2055.704	2058.106	2054.125	2054.780	4582	0	199
2024.02.01	20:00:00	2054.730	2055.677	2053.414	2055.543	3756	0	199
2024.02.01	21:00:00	2055.501	2055.501	2053.796	2054.697	2597	0	199
2024.02.01	23:00:00	2054.871	2056.101	2054.110	2054.627	1595	0	599
2024.02.02	00:00:00	2054.638	2056.910	2054.522	2054.988	2859	0	199
2024.02.02	01:00:00	2055.018	2056.007	2052.859	2054.721	3749	0	199
2024.02.02	02:00:00	2054.710	2055.391	2051.898	2053.764	3420	0	199
2024.02.02	03:00:00	2053.747	2054.967	2053.580	2054.559	2855	0	199
2024.02.02	04:00:00	2054.564	2055.903	2054.063	2055.050	2505	0	199
2024.02.02	05:00:00	2055.053	2056.464	2054.432	2055.508	3282	0	199
2024.02.02	06:00:00	2055.536	2056.931	2054.069	2055.424	3681	0	199
2024.02.02	07:00:00	2055.478	2056.882	2054.714	2055.042	3758	0	199
2024.02.02	08:00:00	2055.024	2056.776	2053.565	2053.977	3898	0	199
2024.02.02	09:00:00	2053.929	2054.943	2052.669	2053.043	3769	0	199
2024.02.02	10:00:00	2053.037	2055.585	2052.884	2054.588	3523	0	199
2024.02.02	11:00:00	2054.587	2056.135	2053.647	2056.037	3363	0	199
2024.02.02	12:00:00	2056.068	2056.325	2053.743	2055.184	3556	0	199
2024.02.02	13:00:00	2055.237	2057.623	2029.471	2031.667	16282	0	199
2024.02.02	14:00:00	2031.625	2036.051	2027.741	2035.331	14576	0	199
2024.02.02	15:00:00	2035.261	2035.604	2028.441	2034.993	9469	0	199
2024.02.02	16:00:00	2034.943	2037.472	2033.054	2036.221	6079	0	199
2024.02.02	17:00:00	2036.201	2036.976	2033.908	2035.150	4437	0	199
2024.02.02	18:00:00	2035.117	2038.735	2034.388	2037.348	4587	0	199
2024.02.02	19:00:00	2037.347	2038.510	2036.375	2038.052	3718	0	199
2024.02.02	20:00:00	2038.107	2038.380	2035.967	2035.967	3515	0	199
2024.02.02	21:00:00	2036.003	2039.786	2036.003	2039.607	2196	0	200
2024.02.04	23:00:00	2041.781	2042.218	2039.070	2039.716	3247	0	199
2024.02.05	00:00:00	2039.298	2039.822	2033.530	2035.595	5541	0	199
2024.02.05	01:00:00	2035.549	2038.205	2034.499	2037.954	4150	0	199
2024.02.05	02:00:00	2037.920	2038.718	2032.970	2033.523	3884	0	199
2024.02.05	03:00:00	2033.494	2034.428	2030.225	2032.264	4053	0	199
2024.02.05	04:00:00	2032.208	2033.302	2031.513	2031.942	2783	0	199
2024.02.05	05:00:00	2031.944	2031.987	2028.889	2029.722	3937	0	200
2024.02.05	06:00:00	2029.722	2031.235	2026.719	2030.877	3764	0	199
2024.02.05	07:00:00	2030.881	2031.507	2026.802	2027.502	4436	0	199
2024.02.05	08:00:00	2027.556	2027.691	2021.467	2023.460	4861	0	199
2024.02.05	09:00:00	2023.411	2024.188	2020.595	2022.685	4036	0	199
2024.02.05	10:00:00	2022.659	2025.240	2022.249	2024.408	3782	0	199
2024.02.05	11:00:00	2024.448	2028.348	2024.043	2027.577	3609	0	199
2024.02.05	12:00:00	2027.580	2028.018	2022.619	2022.630	3925	0	199
2024.02.05	13:00:00	2022.582	2022.701	2014.897	2015.861	6557	0	199
2024.02.05	14:00:00	2015.907	2023.732	2014.822	2023.592	6807	0	199
2024.02.05	15:00:00	2023.555	2023.555	2015.416	2017.792	9091	0	199
2024.02.05	16:00:00	2017.743	2022.430	2017.736	2022.128	4878	0	199
2024.02.05	17:00:00	2022.131	2026.392	2021.306	2025.555	4288	0	199
2024.02.05	18:00:00	2025.604	2027.030	2025.333	2025.875	3865	0	199
2024.02.05	19:00:00	2025.924	2027.484	2025.038	2025.928	3456	0	199
2024.02.05	20:00:00	2025.897	2026.382	2023.913	2024.952	3318	0	199
2024.02.05	21:00:00	2025.000	2025.113	2024.061	2024.667	1655	0	200
2024.02.05	23:00:00	2024.570	2025.149	2023.438	2024.859	1646	0	599
2024.02.06	00:00:00	2024.810	2027.571	2024.810	2026.817	2510	0	199
2024.02.06	01:00:00	2026.818	2028.531	2026.437	2027.143	3487	0	199
2024.02.06	02:00:00	2027.149	2027.344	2024.886	2025.947	3141	0	199
2024.02.06	03:00:00	2025.939	2026.345	2023.416	2023.894	3292	0	199
2024.02.06	04:00:00	2023.896	2026.428	2023.528	2026.243	2874	0	199
2024.02.06	05:00:00	2026.289	2029.800	2025.785	2029.415	3643	0	199
2024.02.06	06:00:00	2029.405	2029.603	2026.092	2026.719	3353	0	199
2024.02.06	07:00:00	2026.719	2028.943	2026.134	2026.242	3617	0	199
2024.02.06	08:00:00	2026.264	2026.675	2023.356	2023.841	3776	0	199
2024.02.06	09:00:00	2023.794	2025.324	2022.836	2023.575	3689	0	199
2024.02.06	10:00:00	2023.533	2026.249	2023.320	2023.944	3540	0	199
2024.02.06	11:00:00	2023.989	2027.472	2022.888	2026.696	3635	0	199
2024.02.06	12:00:00	2026.648	2027.912	2024.482	2027.736	3973	0	199
2024.02.06	13:00:00	2027.685	2030.841	2026.241	2029.134	5940	0	199
2024.02.06	14:00:00	2029.083	2032.986	2026.843	2030.649	6485	0	199
2024.02.06	15:00:00	2030.594	2038.108	2029.567	2036.287	7954	0	199
2024.02.06	16:00:00	2036.231	2038.880	2035.170	2036.615	5164	0	199
2024.02.06	17:00:00	2036.583	2038.337	2032.066	2037.020	5177	0	199
2024.02.06	18:00:00	2036.978	2038.193	2033.784	2036.473	4534	0	199
2024.02.06	19:00:00	2036.497	2036.895	2034.928	2035.904	3627	0	199
2024.02.06	20:00:00	2035.964	2036.951	2035.139	2035.712	3203	0	199
2024.02.06	21:00:00	2035.707	2036.113	2034.937	2035.820	1682	0	199
2024.02.06	23:00:00	2035.258	2036.071	2034.287	2035.069	1660	0	600
2024.02.07	00:00:00	2035.115	2036.095	2034.423	2034.979	2408	0	199
2024.02.07	01:00:00	2034.948	2035.763	2034.210	2035.035	3162	0	199
2024.02.07	02:00:00	2035.075	2035.514	2034.029	2034.420	2852	0	199
2024.02.07	03:00:00	2034.390	2035.438	2034.049	2034.442	2523	0	199
2024.02.07	04:00:00	2034.430	2035.446	2034.110	2035.201	1939	0	199
2024.02.07	05:00:00	2035.204	2035.443	2033.267	2033.384	2727	0	200
2024.02.07	06:00:00	2033.337	2034.233	2032.411	2033.450	2898	0	199
2024.02.07	07:00:00	2033.459	2036.172	2033.228	2035.124	3353	0	199
2024.02.07	08:00:00	2035.183	2035.282	2031.185	2032.876	3772	0	199
2024.02.07	09:00:00	2032.921	2034.920	2032.303	2034.324	3479	0	199
2024.02.07	10:00:00	2034.351	2034.381	2032.622	2033.146	3295	0	199
2024.02.07	11:00:00	2033.108	2035.754	2032.745	2034.122	3309	0	199
2024.02.07	12:00:00	2034.114	2034.209	2030.522	2033.370	3769	0	199
2024.02.07	13:00:00	2033.409	2036.641	2032.328	2036.081	4910	0	199
2024.02.07	14:00:00	2036.078	2044.516	2032.604	2042.393	8202	0	199
2024.02.07	15:00:00	2042.430	2043.240	2035.341	2038.345	7970	0	199
2024.02.07	16:00:00	2038.303	2040.871	2037.504	2038.376	5156	0	199
2024.02.07	17:00:00	2038.372	2038.456	2033.988	2035.579	4333	0	199
2024.02.07	18:00:00	2035.595	2037.169	2033.951	2034.760	4387	0	199
2024.02.07	19:00:00	2034.809	2035.757	2034.130	2035.511	3083	0	199
2024.02.07	20:00:00	2035.465	2035.804	2034.394	2034.780	2924	0	200
2024.02.07	21:00:00	2034.735	2034.944	2033.679	2034.943	1757	0	200
2024.02.07	23:00:00	2034.824	2036.367	2034.662	2036.227	1667	0	599
2024.02.08	00:00:00	2036.221	2037.725	2036.221	2037.242	2258	0	199
2024.02.08	01:00:00	2037.239	2038.080	2036.593	2037.166	3039	0	199
2024.02.08	02:00:00	2037.179	2038.726	2035.815	2036.123	2938	0	199
2024.02.08	03:00:00	2036.125	2036.527	2031.757	2032.753	2752	0	199
2024.02.08	04:00:00	2032.748	2033.943	2031.629	2032.205	2442	0	199
2024.02.08	05:00:00	2032.179	2033.683	2031.060	2033.387	2988	0	199
2024.02.08	06:00:00	2033.390	2034.192	2032.251	2033.277	2751	0	199
2024.02.08	07:00:00	2033.262	2034.951	2031.570	2032.794	3533	0	199
2024.02.08	08:00:00	2032.795	2033.329	2028.839	2030.750	4018	0	199
2024.02.08	09:00:00	2030.746	2035.971	2029.749	2035.278	3899	0	199
2024.02.08	10:00:00	2035.273	2038.509	2034.678	2036.090	4232	0	199
2024.02.08	11:00:00	2036.138	2036.289	2027.791	2028.972	4500	0	199
2024.02.08	12:00:00	2028.986	2029.085	2023.621	2024.960	4861	0	199
2024.02.08	13:00:00	2024.991	2026.396	2020.859	2021.061	7131	0	199
2024.02.08	14:00:00	2021.098	2034.011	2020.113	2028.312	9067	0	199
2024.02.08	15:00:00	2028.369	2033.173	2027.595	2031.933	6832	0	199
2024.02.08	16:00:00	2031.970	2032.292	2027.694	2031.869	4812	0	199
2024.02.08	17:00:00	2031.881	2033.076	2030.259	2031.627	3997	0	199
2024.02.08	18:00:00	2031.590	2035.353	2031.096	2032.059	4667	0	199
2024.02.08	19:00:00	2032.111	2033.448	2031.372	2032.495	3246	0	199
2024.02.08	20:00:00	2032.491	2033.757	2032.491	2032.967	2868	0	200
2024.02.08	21:00:00	2033.007	2034.176	2033.007	2033.913	1419	0	200
2024.02.08	23:00:00	2034.263	2034.598	2033.526	2034.123	1332	0	599
2024.02.09	00:00:00	2033.938	2034.387	2031.935	2032.022	2381	0	199
2024.02.09	01:00:00	2032.023	2035.043	2032.005	2034.185	2774	0	200
2024.02.09	02:00:00	2034.168	2035.108	2033.966	2034.327	2368	0	199
2024.02.09	03:00:00	2034.328	2034.755	2032.930	2033.548	2303	0	200
2024.02.09	04:00:00	2033.575	2033.738	2032.322	2032.716	2149	0	200
2024.02.09	05:00:00	2032.717	2033.995	2032.116	2032.825	1910	0	200
2024.02.09	06:00:00	2032.820	2034.300	2032.269	2033.797	2122	0	200
2024.02.09	07:00:00	2033.800	2034.966	2032.867	2033.522	3233	0	199
2024.02.09	08:00:00	2033.521	2034.067	2030.492	2032.332	3993	0	200
2024.02.09	09:00:00	2032.309	2033.504	2031.082	2031.565	3655	0	199
2024.02.09	10:00:00	2031.565	2033.109	2030.956	2032.698	3487	0	199
2024.02.09	11:00:00	2032.744	2033.476	2031.463	2031.514	3361	0	200
2024.02.09	12:00:00	2031.517	2032.139	2028.480	2028.763	3804	0	199
2024.02.09	13:00:00	2028.768	2037.174	2025.512	2026.981	9669	0	199
2024.02.09	14:00:00	2026.933	2030.572	2022.989	2025.259	8425	0	199
2024.02.09	15:00:00	2025.209	2027.157	2021.784	2022.452	6387	0	199
2024.02.09	16:00:00	2022.461	2023.826	2020.192	2021.538	4944	0	199
2024.02.09	17:00:00	2021.482	2024.720	2021.149	2024.586	3815	0	199
2024.02.09	18:00:00	2024.537	2026.305	2022.781	2023.755	3683	0	199
2024.02.09	19:00:00	2023.707	2026.091	2023.305	2024.749	3037	0	199
2024.02.09	20:00:00	2024.739	2026.190	2023.805	2025.085	2986	0	199
2024.02.09	21:00:00	2025.084	2025.527	2023.890	2024.192	1772	0	200
2024.02.11	23:00:00	2026.346	2026.706	2024.402	2025.264	2175	0	200
2024.02.12	00:00:00	2025.415	2025.898	2024.894	2025.126	2090	0	199
2024.02.12	01:00:00	2025.124	2026.557	2023.440	2023.535	2493	0	199
2024.02.12	02:00:00	2023.491	2023.872	2022.174	2022.406	2408	0	200
2024.02.12	03:00:00	2022.382	2023.034	2021.816	2022.854	2219	0	199
2024.02.12	04:00:00	2022.881	2024.133	2022.502	2023.128	1832	0	199
2024.02.12	05:00:00	2023.135	2024.005	2022.846	2023.765	1947	0	200
2024.02.12	06:00:00	2023.766	2024.686	2023.508	2024.191	1990	0	199
2024.02.12	07:00:00	2024.209	2026.403	2023.036	2025.499	3248	0	199
2024.02.12	08:00:00	2025.451	2027.252	2023.547	2023.684	3933	0	199
2024.02.12	09:00:00	2023.637	2023.865	2020.344	2020.751	3651	0	199
2024.02.12	10:00:00	2020.754	2021.192	2019.918	2020.909	3215	0	199
2024.02.12	11:00:00	2020.945	2022.498	2020.165	2021.703	3341	0	199
2024.02.12	12:00:00	2021.691	2022.298	2020.524	2021.332	3387	0	199
2024.02.12	13:00:00	2021.346	2027.570	2018.519	2019.041	6262	0	199
2024.02.12	14:00:00	2019.073	2020.342	2013.173	2014.935	7224	0	199
2024.02.12	15:00:00	2014.905	2016.974	2012.031	2013.137	5625	0	199
2024.02.12	16:00:00	2013.201	2016.403	2011.854	2015.834	4829	0	199
2024.02.12	17:00:00	2015.884	2020.121	2015.550	2019.299	4261	0	199
2024.02.12	18:00:00	2019.350	2021.539	2017.777	2021.468	4006	0	199
2024.02.12	19:00:00	2021.442	2021.556	2018.548	2019.158	3502	0	199
2024.02.12	20:00:00	2019.099	2020.519	2018.833	2020.074	3103	0	199
2024.02.12	21:00:00	2020.115	2020.477	2019.614	2019.873	1554	0	199
2024.02.12	23:00:00	2019.019	2019.323	2018.282	2018.650	1379	0	599
2024.02.13	00:00:00	2018.599	2019.539	2018.269	2019.420	2358	0	200
2024.02.13	01:00:00	2019.447	2021.191	2019.417	2020.252	2405	0	200
2024.02.13	02:00:00	2020.295	2020.329	2018.908	2018.937	2435	0	199
2024.02.13	03:00:00	2018.938	2019.132	2016.839	2018.524	2441	0	199
2024.02.13	04:00:00	2018.479	2019.558	2018.324	2018.984	2053	0	199
2024.02.13	05:00:00	2019.031	2021.645	2019.003	2020.656	2343	0	199
2024.02.13	06:00:00	2020.706	2024.037	2020.635	2023.640	2498	0	199
2024.02.13	07:00:00	2023.639	2025.781	2023.378	2025.154	3509	0	199
2024.02.13	08:00:00	2025.203	2026.254	2024.415	2026.028	3591	0	199
2024.02.13	09:00:00	2025.985	2026.896	2025.084	2026.613	3337	0	199
2024.02.13	10:00:00	2026.602	2027.999	2025.970	2026.519	3180	0	199
2024.02.13	11:00:00	2026.539	2029.300	2026.058	2027.666	3490	0	199
2024.02.13	12:00:00	2027.714	2028.970	2027.331	2028.271	3527	0	199
2024.02.13	13:00:00	2028.217	2032.799	2002.887	2004.334	13858	0	199
2024.02.13	14:00:00	2004.310	2005.894	1992.420	1995.702	13402	0	199
2024.02.13	15:00:00	1995.727	1995.893	1989.965	1992.248	9303	0	199
2024.02.13	16:00:00	1992.276	1997.775	1991.882	1994.822	6139	0	199
2024.02.13	17:00:00	1994.798	1995.968	1992.728	1993.561	4306	0	199
2024.02.13	18:00:00	1993.617	1995.719	1993.078	1993.442	4108	0	199
2024.02.13	19:00:00	1993.447	1993.767	1991.186	1991.755	3518	0	199
2024.02.13	20:00:00	1991.719	1993.611	1991.194	1992.651	3353	0	199
2024.02.13	21:00:00	1992.680	1993.560	1992.134	1992.957	2138	0	199
2024.02.13	23:00:00	1992.724	1992.956	1990.353	1991.193	1734	0	599
2024.02.14	00:00:00	1991.332	1993.238	1990.759	1992.621	2662	0	199
2024.02.14	01:00:00	1992.629	1992.867	1988.799	1992.774	3538	0	199
2024.02.14	02:00:00	1992.823	1993.584	1991.098	1992.158	2972	0	199
2024.02.14	03:00:00	1992.168	1993.017	1991.211	1992.464	2506	0	200
2024.02.14	04:00:00	1992.459	1992.861	1991.947	1992.366	2370	0	200
2024.02.14	05:00:00	1992.364	1993.293	1992.076	1992.908	2300	0	199
2024.02.14	06:00:00	1992.907	1992.938	1990.890	1992.274	2473	0	199
2024.02.14	07:00:00	1992.279	1993.029	1989.276	1989.437	4082	0	199
2024.02.14	08:00:00	1989.501	1990.576	1985.931	1988.489	5049	0	199
2024.02.14	09:00:00	1988.527	1991.552	1988.320	1991.153	4111	0	199
2024.02.14	10:00:00	1991.152	1993.389	1990.023	1992.843	3735	0	199
2024.02.14	11:00:00	1992.863	1993.281	1990.610	1992.200	3873	0	199
2024.02.14	12:00:00	1992.232	1993.192	1989.489	1990.271	3806	0	199
2024.02.14	13:00:00	1990.273	1993.202	1988.640	1989.160	6484	0	199
2024.02.14	14:00:00	1989.142	1992.231	1986.159	1987.449	7946	0	199
2024.02.14	15:00:00	1987.480	1988.959	1984.121	1987.845	7456	0	199
2024.02.14	16:00:00	1987.895	1993.624	1987.381	1993.088	6316	0	199
2024.02.14	17:00:00	1993.040	1995.250	1990.703	1994.316	5096	0	199
2024.02.14	18:00:00	1994.366	1996.039	1991.058	1991.639	4629	0	199
2024.02.14	19:00:00	1991.648	1992.014	1989.687	1991.657	3352	0	199
2024.02.14	20:00:00	1991.667	1991.792	1989.561	1991.029	3104	0	199
2024.02.14	21:00:00	1990.980	1992.949	1990.361	1992.158	1966	0	199
2024.02.14	23:00:00	1992.406	1994.737	1991.875	1993.453	1611	0	600
2024.02.15	00:00:00	1993.441	1994.284	1992.542	1993.634	2815	0	199
2024.02.15	01:00:00	1993.588	1994.289	1992.265	1992.570	2927	0	199
2024.02.15	02:00:00	1992.519	1993.462	1992.082	1993.129	2406	0	199
2024.02.15	03:00:00	1993.090	1993.292	1990.163	1990.751	2333	0	199
2024.02.15	04:00:00	1990.756	1992.083	1990.408	1991.973	2043	0	199
2024.02.15	05:00:00	1991.983	1992.875	1991.682	1991.866	2072	0	199
2024.02.15	06:00:00	1991.883	1993.327	1991.539	1993.211	2578	0	199
2024.02.15	07:00:00	1993.154	1994.595	1992.158	1993.726	3551	0	199
2024.02.15	08:00:00	1993.680	1995.990	1993.430	1995.201	3853	0	199
2024.02.15	09:00:00	1995.230	1996.840	1993.768	1996.354	3290	0	200
2024.02.15	10:00:00	1996.307	1997.932	1995.689	1995.971	3397	0	199
2024.02.15	11:00:00	1995.978	1998.093	1995.740	1997.477	3404	0	200
2024.02.15	12:00:00	1997.448	1999.018	1996.388	1997.897	3795	0	199
2024.02.15	13:00:00	1997.953	2004.340	1995.672	2003.856	9421	0	199
2024.02.15	14:00:00	2003.816	2008.222	2001.489	2003.756	8887	0	199
2024.02.15	15:00:00	2003.749	2008.073	1999.788	2000.803	7810	0	199
2024.02.15	16:00:00	2000.745	2001.463	1998.347	2000.111	5466	0	199
2024.02.15	17:00:00	2000.111	2004.541	2000.014	2003.609	4195	0	199
2024.02.15	18:00:00	2003.574	2004.885	2002.706	2004.474	4018	0	199
2024.02.15	19:00:00	2004.495	2006.402	2003.637	2005.009	3460	0	199
2024.02.15	20:00:00	2004.990	2005.060	2003.497	2004.308	3197	0	199
2024.02.15	21:00:00	2004.354	2004.628	2003.888	2004.248	1575	0	200
2024.02.15	23:00:00	2004.358	2004.577	2003.150	2003.157	1324	0	600
2024.02.16	00:00:00	2003.099	2003.663	2002.333	2002.583	2325	0	199
2024.02.16	01:00:00	2002.627	2005.597	2002.368	2005.477	2822	0	199
2024.02.16	02:00:00	2005.474	2005.614	2004.028	2004.455	2582	0	200
2024.02.16	03:00:00	2004.448	2004.805	2003.373	2004.266	2431	0	199
2024.02.16	04:00:00	2004.264	2004.332	2003.228	2003.630	2533	0	199
2024.02.16	05:00:00	2003.630	2004.703	2003.322	2004.430	2272	0	199
2024.02.16	06:00:00	2004.432	2004.662	2002.724	2003.682	2629	0	199
2024.02.16	07:00:00	2003.683	2006.429	2003.316	2005.149	3243	0	199
2024.02.16	08:00:00	2005.190	2005.688	2003.824	2004.857	3653	0	199
2024.02.16	09:00:00	2004.855	2006.408	2004.204	2005.032	3240	0	199
2024.02.16	10:00:00	2005.045	2007.501	2004.668	2007.146	3206	0	199
2024.02.16	11:00:00	2007.087	2007.775	2006.227	2007.241	3179	0	199
2024.02.16	12:00:00	2007.250	2008.097	2006.386	2006.786	3435	0	199
2024.02.16	13:00:00	2006.796	2006.952	1995.058	2001.458	9805	0	199
2024.02.16	14:00:00	2001.501	2003.346	1995.283	1998.050	9078	0	199
2024.02.16	15:00:00	1997.778	2011.001	1997.302	2007.890	9676	0	199
2024.02.16	16:00:00	2007.917	2010.930	2007.146	2009.170	5486	0	199
2024.02.16	17:00:00	2009.121	2014.424	2008.698	2013.253	4563	0	199
2024.02.16	18:00:00	2013.283	2015.089	2011.086	2013.796	4457	0	199
2024.02.16	19:00:00	2013.839	2015.130	2011.699	2012.572	3498	0	199
2024.02.16	20:00:00	2012.598	2013.038	2011.207	2011.851	3372	0	199
2024.02.16	21:00:00	2011.904	2013.986	2011.904	2013.269	1934	0	199
2024.02.18	23:00:00	2012.706	2019.066	1997.784	2010.606	4244	0	199
2024.02.19	00:00:00	2012.796	2020.054	2009.190	2018.715	3284	0	200
2024.02.19	01:00:00	2018.780	2020.768	2016.369	2019.706	5329	0	199
2024.02.19	02:00:00	2019.695	2022.861	2018.525	2022.261	3271	0	199
2024.02.19	03:00:00	2022.264	2022.340	2019.264	2019.846	2735	0	199
2024.02.19	04:00:00	2019.889	2019.932	2018.205	2019.030	2532	0	199
2024.02.19	05:00:00	2019.020	2021.407	2018.484	2020.701	3045	0	199
2024.02.19	06:00:00	2020.698	2022.514	2020.360	2021.381	2906	0	199
2024.02.19	07:00:00	2021.331	2022.957	2019.723	2020.883	3278	0	199
2024.02.19	08:00:00	2020.906	2021.224	2018.995	2020.142	3900	0	199
2024.02.19	09:00:00	2020.188	2020.699	2019.210	2020.067	3531	0	199
2024.02.19	10:00:00	2020.022	2020.608	2018.204	2018.862	3227	0	200
2024.02.19	11:00:00	2018.864	2019.568	2018.241	2018.365	3306	0	199
2024.02.19	12:00:00	2018.413	2019.041	2015.905	2016.700	3507	0	199
2024.02.19	13:00:00	2016.694	2019.305	2016.471	2016.838	4073	0	199
2024.02.19	14:00:00	2016.854	2017.674	2015.868	2017.275	3507	0	199
2024.02.19	15:00:00	2017.262	2017.590	2014.687	2014.888	3479	0	199
2024.02.19	16:00:00	2014.874	2016.609	2013.199	2016.213	3034	0	199
2024.02.19	17:00:00	2016.233	2018.519	2015.940	2017.261	2216	0	199
2024.02.19	18:00:00	2017.275	2018.429	2016.790	2017.554	1310	0	200
2024.02.19	19:00:00	2017.606	2018.020	2017.606	2017.878	254	0	199
2024.02.19	23:00:00	2017.244	2017.350	2015.480	2016.206	1687	0	599
2024.02.20	00:00:00	2015.981	2016.766	2014.955	2016.134	2591	0	200
2024.02.20	01:00:00	2016.132	2019.137	2015.202	2016.934	3464	0	199
2024.02.20	02:00:00	2016.936	2018.258	2016.745	2017.603	2791	0	200
2024.02.20	03:00:00	2017.625	2018.713	2016.970	2018.271	2563	0	199
2024.02.20	04:00:00	2018.285	2019.679	2018.140	2019.428	1992	0	200
2024.02.20	05:00:00	2019.444	2019.499	2017.722	2018.523	2495	0	199
2024.02.20	06:00:00	2018.524	2020.780	2017.727	2019.421	2751	0	199
2024.02.20	07:00:00	2019.411	2022.856	2018.923	2021.441	3444	0	199
2024.02.20	08:00:00	2021.394	2022.943	2020.727	2022.742	4068	0	199
2024.02.20	09:00:00	2022.694	2025.152	2022.491	2023.959	3983	0	199
2024.02.20	10:00:00	2023.998	2027.559	2023.441	2026.129	3966	0	199
2024.02.20	11:00:00	2026.152	2027.331	2025.242	2026.866	4159	0	199
2024.02.20	12:00:00	2026.868	2027.985	2026.214	2026.565	3821	0	199
2024.02.20	13:00:00	2026.561	2030.759	2026.022	2029.996	5478	0	199
2024.02.20	14:00:00	2030.029	2030.875	2025.434	2028.118	6503	0	199
2024.02.20	15:00:00	2028.070	2029.964	2025.760	2027.378	5633	0	199
2024.02.20	16:00:00	2027.357	2028.208	2025.976	2026.877	4279	0	199
2024.02.20	17:00:00	2026.900	2028.723	2025.577	2028.623	3721	0	199
2024.02.20	18:00:00	2028.624	2028.904	2026.752	2027.203	3333	0	199
2024.02.20	19:00:00	2027.207	2027.654	2024.754	2025.106	3015	0	199
2024.02.20	20:00:00	2025.151	2025.192	2023.537	2024.310	3199	0	199
2024.02.20	21:00:00	2024.357	2024.708	2023.573	2024.074	1570	0	199
2024.02.20	23:00:00	2023.834	2024.696	2023.596	2024.128	1526	0	599
2024.02.21	00:00:00	2024.048	2024.219	2022.867	2023.547	2174	0	199
2024.02.21	01:00:00	2023.557	2026.055	2023.297	2025.355	2989	0	199
2024.02.21	02:00:00	2025.343	2029.110	2025.286	2027.834	3256	0	200
2024.02.21	03:00:00	2027.841	2030.835	2027.708	2030.425	2718	0	199
2024.02.21	04:00:00	2030.433	2031.288	2030.101	2030.794	2384	0	200
2024.02.21	05:00:00	2030.841	2032.250	2029.389	2030.933	2923	0	199
2024.02.21	06:00:00	2030.974	2031.248	2029.180	2029.905	2971	0	199
2024.02.21	07:00:00	2029.854	2030.568	2028.349	2028.791	3204	0	199
2024.02.21	08:00:00	2028.780	2029.237	2026.198	2026.590	3779	0	200
2024.02.21	09:00:00	2026.521	2028.678	2025.949	2028.088	3624	0	199
2024.02.21	10:00:00	2028.051	2030.079	2027.842	2029.856	3238	0	200
2024.02.21	11:00:00	2029.866	2029.993	2027.354	2028.243	3194	0	199
2024.02.21	12:00:00	2028.245	2030.066	2027.916	2029.381	3526	0	199
2024.02.21	13:00:00	2029.334	2031.535	2027.585	2028.706	4899	0	199
2024.02.21	14:00:00	2028.707	2030.288	2026.943	2027.540	5623	0	199
2024.02.21	15:00:00	2027.469	2030.267	2024.010	2024.149	5483	0	199
2024.02.21	16:00:00	2024.190	2025.790	2023.201	2023.919	4771	0	199
2024.02.21	17:00:00	2023.923	2024.479	2021.435	2024.115	3986	0	199
2024.02.21	18:00:00	2024.131	2024.722	2021.426	2021.905	4704	0	199
2024.02.21	19:00:00	2021.939	2026.464	2019.999	2025.928	5275	0	199
2024.02.21	20:00:00	2025.938	2026.959	2024.065	2024.397	3484	0	199
2024.02.21	21:00:00	2024.444	2025.945	2023.909	2025.945	2686	0	199
2024.02.21	23:00:00	2025.567	2026.468	2024.818	2025.568	1717	0	599
2024.02.22	00:00:00	2025.483	2026.732	2025.019	2026.399	2504	0	199
2024.02.22	01:00:00	2026.398	2028.528	2026.195	2027.043	3588	0	199
2024.02.22	02:00:00	2027.027	2028.310	2026.490	2027.758	2981	0	199
2024.02.22	03:00:00	2027.788	2028.235	2026.073	2026.292	2208	0	200
2024.02.22	04:00:00	2026.299	2028.925	2025.475	2028.783	2487	0	199
2024.02.22	05:00:00	2028.829	2029.948	2028.191	2028.380	2683	0	199
2024.02.22	06:00:00	2028.384	2030.526	2028.266	2029.241	2738	0	200
2024.02.22	07:00:00	2029.271	2031.976	2028.856	2031.396	3509	0	200
2024.02.22	08:00:00	2031.395	2034.833	2031.319	2033.153	4999	0	199
2024.02.22	09:00:00	2033.150	2033.150	2028.513	2030.248	4217	0	199
2024.02.22	10:00:00	2030.246	2031.195	2029.115	2029.403	3575	0	199
2024.02.22	11:00:00	2029.448	2029.799	2027.256	2028.937	3633	0	199
2024.02.22	12:00:00	2028.930	2029.844	2027.631	2028.215	3905	0	199
2024.02.22	13:00:00	2028.167	2028.561	2022.969	2025.564	7416	0	199
2024.02.22	14:00:00	2025.538	2026.711	2021.852	2024.879	8438	0	199
2024.02.22	15:00:00	2024.889	2025.407	2020.192	2023.306	7190	0	199
2024.02.22	16:00:00	2023.323	2024.258	2019.707	2020.917	4598	0	199
2024.02.22	17:00:00	2020.932	2024.644	2020.226	2022.898	4130	0	199
2024.02.22	18:00:00	2022.947	2023.219	2019.547	2022.605	4060	0	199
2024.02.22	19:00:00	2022.652	2023.562	2022.107	2022.982	3280	0	199
2024.02.22	20:00:00	2023.009	2024.714	2022.503	2024.615	3222	0	199
2024.02.22	21:00:00	2024.563	2024.987	2023.962	2024.705	1750	0	199
2024.02.22	23:00:00	2024.152	2025.787	2023.871	2024.677	1800	0	599
2024.02.23	00:00:00	2024.524	2026.042	2022.722	2024.518	2716	0	199
2024.02.23	01:00:00	2024.528	2027.215	2024.334	2026.785	3187	0	199
2024.02.23	02:00:00	2026.790	2027.341	2024.250	2024.328	2705	0	199
2024.02.23	03:00:00	2024.318	2026.292	2024.002	2025.688	2650	0	199
2024.02.23	04:00:00	2025.686	2026.425	2025.651	2025.986	1661	0	200
2024.02.23	05:00:00	2025.985	2026.134	2022.116	2022.418	2619	0	199
2024.02.23	06:00:00	2022.374	2022.658	2018.148	2020.825	3318	0	199
2024.02.23	07:00:00	2020.877	2022.427	2019.510	2021.801	3465	0	199
2024.02.23	08:00:00	2021.802	2022.579	2018.368	2019.455	4378	0	199
2024.02.23	09:00:00	2019.443	2019.887	2015.981	2016.714	3866	0	199
2024.02.23	10:00:00	2016.729	2023.274	2016.516	2022.816	3918	0	199
2024.02.23	11:00:00	2022.785	2023.934	2022.007	2023.790	3813	0	199
2024.02.23	12:00:00	2023.808	2028.854	2023.011	2028.024	4718	0	199
2024.02.23	13:00:00	2028.054	2029.209	2024.483	2025.359	5575	0	199
2024.02.23	14:00:00	2025.347	2028.619	2024.114	2027.577	6150	0	199
2024.02.23	15:00:00	2027.533	2031.128	2025.699	2030.038	6187	0	199
2024.02.23	16:00:00	2030.088	2038.562	2030.088	2038.292	6372	0	199
2024.02.23	17:00:00	2038.338	2039.778	2036.413	2037.781	4668	0	199
2024.02.23	18:00:00	2037.786	2041.344	2037.405	2040.398	4201	0	199
2024.02.23	19:00:00	2040.393	2040.422	2036.850	2037.302	3472	0	199
2024.02.23	20:00:00	2037.300	2037.474	2035.669	2036.548	3283	0	200
2024.02.23	21:00:00	2036.514	2036.533	2035.093	2035.524	1939	0	200
2024.02.25	23:00:00	2033.240	2034.940	2033.179	2034.224	2091	0	199
2024.02.26	00:00:00	2033.996	2034.105	2029.912	2030.322	3237	0	200
2024.02.26	01:00:00	2030.368	2033.989	2029.876	2031.215	3560	0	199
2024.02.26	02:00:00	2031.233	2031.887	2030.555	2030.863	2744	0	199
2024.02.26	03:00:00	2030.870	2032.460	2030.621	2032.442	2332	0	199
2024.02.26	04:00:00	2032.439	2032.860	2032.016	2032.182	2163	0	199
2024.02.26	05:00:00	2032.178	2034.261	2032.105	2033.057	2685	0	199
2024.02.26	06:00:00	2033.015	2033.878	2031.811	2032.701	2620	0	199
2024.02.26	07:00:00	2032.721	2035.304	2032.347	2035.010	3555	0	199
2024.02.26	08:00:00	2034.961	2037.020	2033.629	2034.005	4322	0	199
2024.02.26	09:00:00	2033.951	2034.389	2032.200	2033.023	3850	0	199
2024.02.26	10:00:00	2033.022	2035.399	2031.670	2032.203	3914	0	199
2024.02.26	11:00:00	2032.228	2032.976	2030.797	2030.891	3851	0	199
2024.02.26	12:00:00	2030.940	2034.095	2030.692	2032.787	3848	0	199
2024.02.26	13:00:00	2032.741	2034.428	2031.618	2032.622	4746	0	199
2024.02.26	14:00:00	2032.651	2032.882	2025.626	2027.545	5948	0	199
2024.02.26	15:00:00	2027.551	2030.049	2025.015	2029.104	5081	0	199
2024.02.26	16:00:00	2029.044	2029.388	2026.538	2027.757	4586	0	199
2024.02.26	17:00:00	2027.756	2028.818	2026.482	2028.668	3648	0	199
2024.02.26	18:00:00	2028.673	2030.065	2028.140	2029.280	3858	0	199
2024.02.26	19:00:00	2029.299	2030.139	2028.546	2029.676	3202	0	199
2024.02.26	20:00:00	2029.642	2033.662	2029.642	2032.320	3267	0	199
2024.02.26	21:00:00	2032.284	2032.284	2030.832	2031.207	1577	0	199
2024.02.26	23:00:00	2031.052	2031.420	2030.365	2031.073	1418	0	599
2024.02.27	00:00:00	2030.986	2032.470	2030.986	2031.444	2365	0	199
2024.02.27	01:00:00	2031.470	2033.733	2031.203	2033.549	2847	0	199
2024.02.27	02:00:00	2033.584	2034.579	2032.530	2032.708	2516	0	199
2024.02.27	03:00:00	2032.709	2033.435	2032.312	2033.372	2087	0	199
2024.02.27	04:00:00	2033.365	2034.537	2033.362	2033.711	1955	0	199
2024.02.27	05:00:00	2033.706	2033.957	2032.773	2033.581	2523	0	199
2024.02.27	06:00:00	2033.578	2034.947	2033.205	2033.466	2576	0	200
2024.02.27	07:00:00	2033.461	2036.180	2033.207	2035.386	3159	0	199
2024.02.27	08:00:00	2035.380	2039.471	2034.573	2038.063	4013	0	200
2024.02.27	09:00:00	2038.025	2038.120	2035.306	2036.568	3628	0	199
2024.02.27	10:00:00	2036.572	2036.702	2034.602	2036.392	3673	0	199
2024.02.27	11:00:00	2036.449	2038.736	2035.488	2038.172	3521	0	199
2024.02.27	12:00:00	2038.182	2039.104	2037.058	2038.222	3954	0	199
2024.02.27	13:00:00	2038.278	2038.631	2035.170	2035.461	5061	0	199
2024.02.27	14:00:00	2035.418	2036.503	2033.587	2034.917	5575	0	199
2024.02.27	15:00:00	2034.977	2037.090	2032.992	2033.746	5670	0	199
2024.02.27	16:00:00	2033.794	2034.255	2031.760	2033.089	4329	0	199
2024.02.27	17:00:00	2033.093	2033.093	2029.652	2032.209	3772	0	199
2024.02.27	18:00:00	2032.206	2036.025	2031.897	2032.385	4279	0	199
2024.02.27	19:00:00	2032.350	2032.450	2029.350	2030.214	3332	0	200
2024.02.27	20:00:00	2030.215	2030.335	2028.678	2030.161	2963	0	199
2024.02.27	21:00:00	2030.202	2030.570	2029.797	2030.387	1527	0	199
2024.02.27	23:00:00	2030.073	2030.730	2029.428	2030.090	1265	0	599
2024.02.28	00:00:00	2029.968	2031.226	2029.100	2030.771	2465	0	199
2024.02.28	01:00:00	2030.755	2033.694	2029.708	2033.362	3150	0	199
2024.02.28	02:00:00	2033.372	2033.581	2030.468	2031.026	2754	0	199
2024.02.28	03:00:00	2031.041	2031.775	2029.797	2030.935	2664	0	199
2024.02.28	04:00:00	2030.937	2031.150	2029.785	2030.259	2263	0	199
2024.02.28	05:00:00	2030.257	2031.104	2029.992	2030.909	2199	0	200
2024.02.28	06:00:00	2030.934	2032.020	2028.628	2029.331	2684	0	199
2024.02.28	07:00:00	2029.329	2029.338	2027.816	2028.121	3300	0	199
2024.02.28	08:00:00	2028.166	2029.233	2026.600	2026.814	3687	0	199
2024.02.28	09:00:00	2026.807	2027.369	2024.829	2024.855	3808	0	199
2024.02.28	10:00:00	2024.853	2027.523	2024.467	2027.285	3857	0	199
2024.02.28	11:00:00	2027.281	2027.858	2026.651	2027.255	3523	0	199
2024.02.28	12:00:00	2027.204	2030.373	2026.832	2029.520	3657	0	200
2024.02.28	13:00:00	2029.526	2036.054	2029.081	2035.781	6441	0	199
2024.02.28	14:00:00	2035.781	2037.925	2031.033	2031.780	5678	0	199
2024.02.28	15:00:00	2031.744	2034.018	2030.387	2031.790	4686	0	199
2024.02.28	16:00:00	2031.758	2034.048	2031.715	2033.548	4090	0	199
2024.02.28	17:00:00	2033.548	2035.522	2032.289	2033.761	3742	0	199
2024.02.28	18:00:00	2033.755	2034.804	2031.398	2031.570	3483	0	199
2024.02.28	19:00:00	2031.555	2032.328	2030.834	2032.089	3239	0	199
2024.02.28	20:00:00	2032.139	2034.162	2032.053	2033.740	3052	0	199
2024.02.28	21:00:00	2033.761	2035.258	2033.001	2033.845	1633	0	199
2024.02.28	23:00:00	2034.519	2035.415	2034.300	2034.303	1364	0	599
2024.02.29	00:00:00	2034.378	2035.513	2033.935	2034.199	2114	0	200
2024.02.29	01:00:00	2034.174	2036.545	2034.152	2036.378	3025	0	199
2024.02.29	02:00:00	2036.395	2037.036	2035.448	2036.503	3076	0	199
2024.02.29	03:00:00	2036.516	2036.708	2035.181	2036.541	2345	0	200
2024.02.29	04:00:00	2036.541	2036.561	2035.025	2035.173	2011	0	200
2024.02.29	05:00:00	2035.217	2035.905	2034.336	2035.582	2504	0	200
2024.02.29	06:00:00	2035.585	2036.985	2035.400	2036.782	2554	0	199
2024.02.29	07:00:00	2036.808	2037.839	2035.850	2037.230	3302	0	199
2024.02.29	08:00:00	2037.171	2037.456	2035.497	2037.126	3788	0	199
2024.02.29	09:00:00	2037.193	2037.419	2033.970	2034.531	3873	0	199
2024.02.29	10:00:00	2034.537	2034.803	2030.474	2030.815	3778	0	199
2024.02.29	11:00:00	2030.801	2031.766	2028.830	2030.237	3828	0	199
2024.02.29	12:00:00	2030.237	2030.589	2028.062	2030.175	3723	0	199
2024.02.29	13:00:00	2030.173	2048.651	2030.145	2047.532	10911	0	199
2024.02.29	14:00:00	2047.565	2050.315	2045.867	2047.737	7703	0	199
2024.02.29	15:00:00	2047.784	2050.683	2046.491	2048.068	6617	0	199
2024.02.29	16:00:00	2048.098	2048.350	2043.709	2044.931	5267	0	199
2024.02.29	17:00:00	2044.887	2045.937	2043.273	2045.623	4157	0	199
2024.02.29	18:00:00	2045.569	2046.759	2044.990	2046.201	4082	0	199
2024.02.29	19:00:00	2046.199	2046.856	2043.989	2044.477	3489	0	199
2024.02.29	20:00:00	2044.420	2045.419	2043.726	2044.019	3161	0	199
2024.02.29	21:00:00	2044.073	2044.223	2042.829	2043.739	1784	0	199
2024.02.29	23:00:00	2043.954	2044.148	2042.765	2043.981	1540	0	599
2024.03.01	00:00:00	2044.051	2044.225	2042.769	2043.709	2364	0	199
2024.03.01	01:00:00	2043.757	2044.694	2043.010	2044.289	2605	0	199
2024.03.01	02:00:00	2044.302	2045.859	2044.050	2045.378	2497	0	199
2024.03.01	03:00:00	2045.380	2046.792	2045.228	2046.518	2377	0	199
2024.03.01	04:00:00	2046.518	2046.518	2045.196	2045.458	1664	0	199
2024.03.01	05:00:00	2045.469	2045.638	2043.409	2044.996	2539	0	199
2024.03.01	06:00:00	2045.039	2048.107	2044.804	2046.736	2796	0	199
2024.03.01	07:00:00	2046.726	2048.758	2045.224	2045.396	3543	0	199
2024.03.01	08:00:00	2045.460	2045.656	2039.039	2039.860	4446	0	199
2024.03.01	09:00:00	2039.812	2047.530	2039.392	2046.283	4662	0	199
2024.03.01	10:00:00	2046.255	2055.075	2045.854	2054.797	5085	0	199
2024.03.01	11:00:00	2054.791	2057.482	2053.819	2055.325	4285	0	199
2024.03.01	12:00:00	2055.324	2056.974	2052.217	2052.393	4211	0	199
2024.03.01	13:00:00	2052.437	2054.536	2050.071	2051.553	6232	0	199
2024.03.01	14:00:00	2051.605	2056.642	2045.572	2046.545	7484	0	199
2024.03.01	15:00:00	2046.627	2070.928	2046.627	2069.182	12391	0	199
2024.03.01	16:00:00	2069.211	2081.988	2069.211	2081.054	7683	0	199
2024.03.01	17:00:00	2081.005	2085.672	2079.922	2084.750	6645	0	199
2024.03.01	18:00:00	2084.768	2088.313	2082.198	2085.658	5459	0	199
2024.03.01	19:00:00	2085.636	2086.689	2084.709	2085.252	4232	0	199
2024.03.01	20:00:00	2085.223	2085.344	2082.988	2083.530	3502	0	200
2024.03.01	21:00:00	2083.499	2084.012	2082.849	2083.315	2023	0	199
2024.03.03	23:00:00	2082.522	2086.146	2082.522	2083.440	2893	0	199
2024.03.04	00:00:00	2083.591	2084.346	2082.169	2082.571	3187	0	199
2024.03.04	01:00:00	2082.615	2082.935	2079.413	2080.259	3599	0	199
2024.03.04	02:00:00	2080.225	2083.469	2079.820	2081.503	3174	0	199
2024.03.04	03:00:00	2081.502	2081.955	2080.316	2081.366	2532	0	199
2024.03.04	04:00:00	2081.367	2081.534	2080.244	2080.744	1958	0	199
2024.03.04	05:00:00	2080.696	2082.256	2080.424	2081.517	2284	0	199
2024.03.04	06:00:00	2081.518	2083.882	2081.051	2083.456	3129	0	200
2024.03.04	07:00:00	2083.453	2088.249	2083.453	2087.334	3684	0	199
2024.03.04	08:00:00	2087.374	2087.439	2083.461	2083.909	4414	0	199
2024.03.04	09:00:00	2083.905	2086.183	2083.160	2085.146	3967	0	199
2024.03.04	10:00:00	2085.137	2085.788	2082.583	2083.873	3677	0	199
2024.03.04	11:00:00	2083.903	2084.556	2081.797	2082.112	3613	0	199
2024.03.04	12:00:00	2082.101	2083.378	2081.821	2082.514	3566	0	199
2024.03.04	13:00:00	2082.518	2093.155	2081.107	2091.577	7059	0	199
2024.03.04	14:00:00	2091.629	2101.398	2090.392	2100.712	9161	0	199
2024.03.04	15:00:00	2100.657	2109.357	2097.490	2109.012	7384	0	199
2024.03.04	16:00:00	2108.970	2119.885	2107.591	2119.260	10142	0	199
2024.03.04	17:00:00	2119.293	2119.742	2113.883	2116.464	7011	0	199
2024.03.04	18:00:00	2116.431	2118.002	2113.521	2115.320	5096	0	199
2024.03.04	19:00:00	2115.318	2117.298	2113.294	2116.240	3934	0	199
2024.03.04	20:00:00	2116.249	2118.522	2115.360	2116.611	3678	0	199
2024.03.04	21:00:00	2116.677	2117.258	2114.314	2114.412	1814	0	200
2024.03.04	23:00:00	2114.101	2115.655	2113.392	2114.480	1610	0	599
2024.03.05	00:00:00	2114.340	2115.858	2114.147	2115.466	2725	0	199
2024.03.05	01:00:00	2115.460	2116.844	2110.402	2112.663	4489	0	199
2024.03.05	02:00:00	2112.647	2113.312	2111.381	2112.221	3141	0	199
2024.03.05	03:00:00	2112.217	2113.969	2111.233	2112.961	2773	0	200
2024.03.05	04:00:00	2112.984	2115.986	2112.600	2115.898	2601	0	199
2024.03.05	05:00:00	2115.847	2119.630	2115.299	2119.215	3467	0	199
2024.03.05	06:00:00	2119.214	2119.547	2115.278	2117.214	3727	0	199
2024.03.05	07:00:00	2117.184	2117.715	2113.921	2114.449	3838	0	199
2024.03.05	08:00:00	2114.495	2123.363	2114.438	2120.596	5383	0	199
2024.03.05	09:00:00	2120.650	2125.389	2118.946	2124.494	4848	0	199
2024.03.05	10:00:00	2124.478	2127.325	2123.284	2123.728	4381	0	199
2024.03.05	11:00:00	2123.731	2127.157	2122.513	2124.431	4644	0	199
2024.03.05	12:00:00	2124.434	2125.290	2121.087	2124.377	4636	0	199
2024.03.05	13:00:00	2124.415	2141.881	2122.367	2127.757	15184	0	199
2024.03.05	14:00:00	2127.771	2133.247	2124.181	2128.188	12358	0	199
2024.03.05	15:00:00	2128.224	2139.537	2123.715	2126.618	16367	0	199
2024.03.05	16:00:00	2126.574	2128.764	2123.634	2128.296	7892	0	199
2024.03.05	17:00:00	2128.283	2130.971	2127.495	2130.838	4826	0	199
2024.03.05	18:00:00	2130.832	2133.538	2129.534	2130.758	4883	0	199
2024.03.05	19:00:00	2130.791	2134.710	2129.492	2129.524	4581	0	199
2024.03.05	20:00:00	2129.485	2130.963	2128.408	2129.644	4069	0	200
2024.03.05	21:00:00	2129.589	2130.063	2127.008	2127.860	2165	0	200
2024.03.05	23:00:00	2127.461	2128.290	2126.656	2128.162	1513	0	599
2024.03.06	00:00:00	2127.777	2128.105	2126.041	2126.783	2927	0	199
2024.03.06	01:00:00	2126.815	2128.000	2125.052	2125.498	3593	0	199
2024.03.06	02:00:00	2125.483	2126.755	2123.859	2126.326	2883	0	199
2024.03.06	03:00:00	2126.326	2126.593	2123.604	2124.697	2677	0	199
2024.03.06	04:00:00	2124.716	2126.366	2124.716	2126.178	2226	0	199
2024.03.06	05:00:00	2126.132	2127.966	2125.178	2125.244	2800	0	199
2024.03.06	06:00:00	2125.235	2127.532	2124.843	2127.270	2963	0	199
2024.03.06	07:00:00	2127.311	2131.466	2126.984	2128.478	3858	0	199
2024.03.06	08:00:00	2128.430	2129.219	2124.299	2125.077	4861	0	199
2024.03.06	09:00:00	2125.042	2129.851	2124.741	2128.558	4091	0	199
2024.03.06	10:00:00	2128.578	2128.704	2124.623	2125.606	3982	0	199
2024.03.06	11:00:00	2125.603	2132.603	2125.530	2132.474	3880	0	199
2024.03.06	12:00:00	2132.519	2135.114	2130.952	2134.166	4268	0	199
2024.03.06	13:00:00	2134.106	2139.648	2131.412	2139.386	10477	0	199
2024.03.06	14:00:00	2139.416	2149.189	2135.609	2144.850	10274	0	199
2024.03.06	15:00:00	2144.819	2145.613	2131.886	2140.924	15337	0	199
2024.03.06	16:00:00	2140.891	2149.887	2140.374	2148.220	8702	0	199
2024.03.06	17:00:00	2148.248	2149.961	2141.835	2144.728	7309	0	199
2024.03.06	18:00:00	2144.727	2152.234	2143.948	2147.133	6944	0	199
2024.03.06	19:00:00	2147.137	2147.461	2139.385	2144.309	6571	0	199
2024.03.06	20:00:00	2144.259	2147.233	2143.114	2146.620	3775	0	199
2024.03.06	21:00:00	2146.567	2149.301	2144.468	2148.071	2730	0	199
2024.03.06	23:00:00	2147.824	2150.978	2145.826	2147.192	2328	0	599
2024.03.07	00:00:00	2146.851	2149.592	2146.851	2148.786	3854	0	199
2024.03.07	01:00:00	2148.833	2148.969	2144.185	2146.161	5207	0	199
2024.03.07	02:00:00	2146.212	2152.008	2145.608	2150.706	4610	0	199
2024.03.07	03:00:00	2150.650	2152.494	2149.587	2151.709	3293	0	199
2024.03.07	04:00:00	2151.718	2161.588	2151.659	2158.241	7071	0	199
2024.03.07	05:00:00	2158.202	2158.740	2154.345	2154.498	4822	0	199
2024.03.07	06:00:00	2154.441	2156.513	2151.477	2155.353	5429	0	199
2024.03.07	07:00:00	2155.403	2158.226	2152.168	2155.951	5402	0	199
2024.03.07	08:00:00	2156.003	2159.830	2154.403	2155.270	5325	0	199
2024.03.07	09:00:00	2155.283	2157.742	2154.271	2157.575	4703	0	200
2024.03.07	10:00:00	2157.626	2158.943	2156.058	2157.598	4371	0	199
2024.03.07	11:00:00	2157.603	2157.735	2153.254	2155.941	4754	0	199
2024.03.07	12:00:00	2155.950	2158.775	2153.863	2158.326	4589	0	199
2024.03.07	13:00:00	2158.294	2164.753	2157.318	2159.426	11435	0	199
2024.03.07	14:00:00	2159.452	2159.756	2147.866	2153.958	11559	0	199
2024.03.07	15:00:00	2153.909	2157.660	2151.612	2153.701	8994	0	199
2024.03.07	16:00:00	2153.694	2158.526	2149.223	2156.088	7839	0	199
2024.03.07	17:00:00	2156.124	2158.797	2155.227	2158.180	4923	0	199
2024.03.07	18:00:00	2158.147	2159.265	2156.071	2157.046	4291	0	199
2024.03.07	19:00:00	2157.091	2160.907	2156.120	2159.990	3686	0	199
2024.03.07	20:00:00	2159.945	2160.420	2157.949	2158.545	3625	0	199
2024.03.07	21:00:00	2158.575	2159.687	2158.238	2159.569	1878	0	199
2024.03.07	23:00:00	2158.643	2161.465	2158.540	2161.465	1846	0	599
2024.03.08	00:00:00	2161.641	2163.567	2159.679	2160.782	3337	0	199
2024.03.08	01:00:00	2160.799	2161.742	2157.645	2157.833	3535	0	199
2024.03.08	02:00:00	2157.842	2158.386	2154.874	2155.302	3535	0	199
2024.03.08	03:00:00	2155.305	2158.681	2153.954	2157.578	2986	0	199
2024.03.08	04:00:00	2157.581	2159.254	2156.315	2157.677	2582	0	199
2024.03.08	05:00:00	2157.724	2158.344	2156.369	2157.681	3018	0	199
2024.03.08	06:00:00	2157.679	2162.032	2156.399	2161.168	3580	0	199
2024.03.08	07:00:00	2161.123	2161.886	2159.021	2161.345	4402	0	199
2024.03.08	08:00:00	2161.294	2168.706	2161.056	2165.118	5420	0	199
2024.03.08	09:00:00	2165.170	2171.114	2164.540	2169.019	5353	0	199
2024.03.08	10:00:00	2169.073	2170.508	2166.594	2168.421	4528	0	199
2024.03.08	11:00:00	2168.449	2169.665	2166.243	2168.221	4116	0	199
2024.03.08	12:00:00	2168.225	2169.288	2165.905	2166.056	4052	0	199
2024.03.08	13:00:00	2165.977	2185.415	2156.306	2171.090	18839	0	199
2024.03.08	14:00:00	2171.060	2174.706	2163.683	2170.823	16731	0	199
2024.03.08	15:00:00	2170.879	2177.338	2167.808	2177.165	9452	0	199
2024.03.08	16:00:00	2177.210	2180.893	2172.194	2180.625	7392	0	199
2024.03.08	17:00:00	2180.690	2195.153	2180.690	2184.889	12825	0	199
2024.03.08	18:00:00	2184.847	2184.985	2173.833	2174.303	8422	0	199
2024.03.08	19:00:00	2174.351	2177.802	2168.278	2176.435	6617	0	199
2024.03.08	20:00:00	2176.465	2178.187	2175.648	2177.276	3949	0	199
2024.03.08	21:00:00	2177.229	2179.047	2176.850	2178.502	2104	0	199
2024.03.10	22:00:00	2179.559	2181.061	2177.122	2177.122	1983	0	199
2024.03.10	23:00:00	2177.114	2183.825	2177.114	2181.567	3762	0	199
2024.03.11	00:00:00	2181.592	2189.012	2179.438	2186.676	4557	0	199
2024.03.11	01:00:00	2186.723	2186.787	2178.897	2180.256	5722	0	199
2024.03.11	02:00:00	2180.248	2180.384	2176.861	2177.443	3703	0	199
2024.03.11	03:00:00	2177.391	2180.269	2176.943	2179.462	3325	0	199
2024.03.11	04:00:00	2179.469	2181.478	2179.469	2180.643	2592	0	200
2024.03.11	05:00:00	2180.635	2181.604	2176.814	2178.076	3695	0	199
2024.03.11	06:00:00	2178.117	2179.933	2177.219	2179.444	3635	0	199
2024.03.11	07:00:00	2179.455	2182.742	2177.906	2182.200	4301	0	199
2024.03.11	08:00:00	2182.242	2183.083	2176.573	2177.441	4905	0	199
2024.03.11	09:00:00	2177.407	2181.496	2175.792	2180.458	5024	0	199
2024.03.11	10:00:00	2180.427	2180.757	2176.817	2177.661	4039	0	199
2024.03.11	11:00:00	2177.673	2179.454	2176.418	2178.888	3852	0	199
2024.03.11	12:00:00	2178.924	2180.662	2176.350	2177.159	6333	0	199
2024.03.11	13:00:00	2177.087	2185.094	2174.633	2181.690	8539	0	199
2024.03.11	14:00:00	2181.661	2183.217	2175.387	2181.930	8157	0	199
2024.03.11	15:00:00	2181.945	2185.651	2180.014	2184.270	6190	0	199
2024.03.11	16:00:00	2184.290	2184.648	2178.544	2180.832	5065	0	199
2024.03.11	17:00:00	2180.864	2184.111	2178.207	2179.639	4964	0	199
2024.03.11	18:00:00	2179.697	2180.920	2177.104	2180.837	3934	0	199
2024.03.11	19:00:00	2180.793	2184.160	2180.598	2181.291	3813	0	199
2024.03.11	20:00:00	2181.329	2182.897	2180.996	2182.687	1863	0	199
2024.03.11	22:00:00	2181.478	2184.651	2180.563	2181.201	1754	0	599
2024.03.11	23:00:00	2181.131	2183.693	2181.131	2183.552	2771	0	199
2024.03.12	00:00:00	2183.551	2184.483	2180.238	2180.407	3001	0	199
2024.03.12	01:00:00	2180.450	2183.041	2179.958	2182.743	3483	0	199
2024.03.12	02:00:00	2182.742	2182.878	2178.583	2179.074	3512	0	200
2024.03.12	03:00:00	2179.021	2179.079	2176.763	2177.469	3141	0	199
2024.03.12	04:00:00	2177.472	2179.143	2177.158	2178.194	2436	0	199
2024.03.12	05:00:00	2178.191	2179.156	2174.131	2176.153	3454	0	200
2024.03.12	06:00:00	2176.102	2177.127	2173.533	2175.268	4204	0	199
2024.03.12	07:00:00	2175.291	2177.334	2174.683	2176.924	4174	0	199
2024.03.12	08:00:00	2176.880	2178.480	2175.994	2177.780	4066	0	199
2024.03.12	09:00:00	2177.797	2179.046	2176.314	2176.964	4161	0	199
2024.03.12	10:00:00	2176.944	2177.620	2175.395	2176.439	3727	0	199
2024.03.12	11:00:00	2176.411	2176.592	2170.567	2171.956	4833	0	199
2024.03.12	12:00:00	2171.934	2181.967	2160.921	2169.744	18466	0	199
2024.03.12	13:00:00	2169.701	2169.905	2156.114	2160.411	21132	0	199
2024.03.12	14:00:00	2160.463	2166.424	2152.550	2162.010	11431	0	199
2024.03.12	15:00:00	2161.969	2164.958	2157.530	2163.015	7612	0	199
2024.03.12	16:00:00	2163.007	2166.515	2161.451	2165.748	4827	0	199
2024.03.12	17:00:00	2165.743	2165.743	2154.760	2155.045	6028	0	199
2024.03.12	18:00:00	2155.000	2156.520	2152.868	2153.513	5014	0	199
2024.03.12	19:00:00	2153.509	2157.379	2150.467	2157.314	4075	0	199
2024.03.12	20:00:00	2157.299	2158.978	2156.119	2158.459	2074	0	199
2024.03.12	22:00:00	2158.076	2161.193	2155.964	2158.642	2896	0	599
2024.03.12	23:00:00	2158.635	2159.113	2155.752	2156.915	2876	0	199
2024.03.13	00:00:00	2156.907	2160.427	2156.527	2159.193	3402	0	199
2024.03.13	01:00:00	2159.222	2159.544	2157.292	2158.530	3757	0	199
2024.03.13	02:00:00	2158.581	2161.503	2157.361	2160.368	3357	0	199
2024.03.13	03:00:00	2160.374	2160.742	2157.435	2159.057	2965	0	200
2024.03.13	04:00:00	2159.056	2159.672	2157.224	2159.244	2660	0	199
2024.03.13	05:00:00	2159.249	2160.572	2158.643	2160.012	3202	0	199
2024.03.13	06:00:00	2159.968	2161.499	2158.361	2159.433	3437	0	199
2024.03.13	07:00:00	2159.411	2160.731	2158.501	2159.648	4069	0	199
2024.03.13	08:00:00	2159.689	2161.080	2157.851	2158.181	4280	0	199
2024.03.13	09:00:00	2158.136	2160.228	2157.508	2158.470	4291	0	199
2024.03.13	10:00:00	2158.443	2163.597	2158.063	2163.306	3932	0	199
2024.03.13	11:00:00	2163.290	2164.168	2161.510	2163.925	4004	0	199
2024.03.13	12:00:00	2163.924	2166.248	2162.127	2163.499	6525	0	199
2024.03.13	13:00:00	2163.543	2171.527	2161.375	2166.043	11339	0	199
2024.03.13	14:00:00	2166.068	2169.716	2163.426	2168.790	7268	0	199
2024.03.13	15:00:00	2168.747	2174.523	2168.137	2171.759	6985	0	199
2024.03.13	16:00:00	2171.706	2174.716	2169.536	2173.583	5895	0	199
2024.03.13	17:00:00	2173.561	2179.800	2173.149	2174.501	7084	0	199
2024.03.13	18:00:00	2174.514	2176.512	2174.252	2174.763	3939	0	199
2024.03.13	19:00:00	2174.781	2175.529	2171.676	2172.546	3675	0	199
2024.03.13	20:00:00	2172.497	2175.223	2172.274	2174.568	2448	0	199
2024.03.13	22:00:00	2174.129	2175.253	2173.521	2174.428	1351	0	600
2024.03.13	23:00:00	2174.448	2176.209	2174.448	2175.361	2084	0	199
2024.03.14	00:00:00	2175.448	2176.570	2173.983	2176.221	2770	0	200
2024.03.14	01:00:00	2176.282	2176.995	2173.191	2174.737	4097	0	199
2024.03.14	02:00:00	2174.705	2175.426	2172.551	2172.741	3237	0	199
2024.03.14	03:00:00	2172.695	2174.015	2171.099	2172.264	2911	0	199
2024.03.14	04:00:00	2172.254	2172.513	2170.973	2171.767	2217	0	200
2024.03.14	05:00:00	2171.768	2171.991	2168.640	2168.822	3203	0	199
2024.03.14	06:00:00	2168.868	2170.089	2167.419	2168.701	3848	0	199
2024.03.14	07:00:00	2168.703	2169.038	2167.472	2168.634	4003	0	199
2024.03.14	08:00:00	2168.580	2170.018	2168.116	2169.542	4080	0	199
2024.03.14	09:00:00	2169.549	2171.959	2167.892	2169.990	3973	0	199
2024.03.14	10:00:00	2170.050	2170.838	2168.000	2170.531	3794	0	199
2024.03.14	11:00:00	2170.559	2170.784	2167.100	2168.455	3724	0	199
2024.03.14	12:00:00	2168.496	2170.391	2160.356	2162.776	12128	0	199
2024.03.14	13:00:00	2162.712	2167.243	2158.545	2162.447	12551	0	199
2024.03.14	14:00:00	2162.387	2163.817	2157.688	2161.989	8019	0	199
2024.03.14	15:00:00	2161.942	2162.214	2152.649	2157.190	8578	0	199
2024.03.14	16:00:00	2157.189	2160.241	2156.664	2158.735	5389	0	199
2024.03.14	17:00:00	2158.726	2164.995	2158.019	2160.219	5089	0	199
2024.03.14	18:00:00	2160.262	2162.333	2160.186	2161.373	3739	0	199
2024.03.14	19:00:00	2161.418	2163.469	2160.631	2163.449	3400	0	200
2024.03.14	20:00:00	2163.514	2163.860	2161.699	2162.232	1956	0	199
2024.03.14	22:00:00	2161.673	2162.249	2161.144	2161.214	1142	0	599
2024.03.14	23:00:00	2161.171	2162.116	2160.825	2161.645	1886	0	200
2024.03.15	00:00:00	2161.698	2163.121	2160.588	2162.717	2865	0	199
2024.03.15	01:00:00	2162.708	2165.909	2162.315	2162.566	3805	0	199
2024.03.15	02:00:00	2162.607	2162.961	2161.571	2162.341	2908	0	199
2024.03.15	03:00:00	2162.332	2164.841	2161.726	2164.530	2819	0	199
2024.03.15	04:00:00	2164.532	2165.450	2163.813	2164.443	2290	0	200
2024.03.15	05:00:00	2164.500	2169.175	2163.475	2169.047	3729	0	199
2024.03.15	06:00:00	2169.038	2170.165	2167.137	2168.795	4315	0	199
2024.03.15	07:00:00	2168.831	2169.945	2166.605	2167.017	4344	0	199
2024.03.15	08:00:00	2167.055	2169.363	2165.260	2168.966	4779	0	199
2024.03.15	09:00:00	2168.968	2172.712	2167.481	2171.811	4195	0	199
2024.03.15	10:00:00	2171.808	2172.636	2168.582	2169.236	4182	0	199
2024.03.15	11:00:00	2169.290	2169.321	2166.119	2166.909	4103	0	199
2024.03.15	12:00:00	2166.896	2167.293	2157.509	2161.705	8076	0	199
2024.03.15	13:00:00	2161.752	2163.288	2156.437	2160.126	8378	0	199
2024.03.15	14:00:00	2160.063	2166.682	2159.142	2164.229	9061	0	199
2024.03.15	15:00:00	2164.236	2164.266	2158.075	2159.990	6178	0	199
2024.03.15	16:00:00	2159.941	2163.451	2157.823	2158.805	5494	0	199
2024.03.15	17:00:00	2158.796	2160.556	2155.092	2156.766	5136	0	199
2024.03.15	18:00:00	2156.810	2160.261	2156.460	2159.280	3587	0	200
2024.03.15	19:00:00	2159.276	2159.450	2156.377	2156.917	3066	0	199
2024.03.15	20:00:00	2156.949	2158.257	2155.400	2155.698	1941	0	199
2024.03.17	22:00:00	2153.279	2156.042	2153.080	2154.927	2453	0	199
2024.03.17	23:00:00	2154.892	2156.533	2153.828	2156.517	2552	0	199
2024.03.18	00:00:00	2156.473	2157.483	2154.937	2156.589	3137	0	200
2024.03.18	01:00:00	2156.550	2156.550	2150.066	2152.269	4942	0	199
2024.03.18	02:00:00	2152.294	2153.415	2146.500	2147.822	4255	0	199
2024.03.18	03:00:00	2147.789	2148.091	2146.062	2146.768	3330	0	199
2024.03.18	04:00:00	2146.768	2148.262	2146.070	2147.330	2640	0	199
2024.03.18	05:00:00	2147.334	2148.283	2146.094	2146.998	3285	0	199
2024.03.18	06:00:00	2146.988	2149.088	2146.671	2148.064	3154	0	199
2024.03.18	07:00:00	2148.020	2152.162	2147.258	2152.162	4027	0	199
2024.03.18	08:00:00	2152.099	2154.371	2150.119	2153.436	4951	0	199
2024.03.18	09:00:00	2153.459	2155.861	2153.272	2154.765	4266	0	199
2024.03.18	10:00:00	2154.765	2158.488	2154.535	2158.202	4083	0	199
2024.03.18	11:00:00	2158.150	2161.237	2158.144	2161.015	4615	0	199
2024.03.18	12:00:00	2160.974	2163.613	2158.227	2159.086	6558	0	199
2024.03.18	13:00:00	2159.034	2161.053	2155.489	2156.715	7343	0	199
2024.03.18	14:00:00	2156.748	2160.719	2156.634	2158.381	6164	0	199
2024.03.18	15:00:00	2158.350	2161.309	2156.918	2158.310	5296	0	199
2024.03.18	16:00:00	2158.343	2160.703	2154.580	2159.840	5111	0	199
2024.03.18	17:00:00	2159.851	2161.128	2158.013	2159.910	4519	0	199
2024.03.18	18:00:00	2159.909	2160.647	2159.099	2159.387	3490	0	199
2024.03.18	19:00:00	2159.441	2160.977	2159.338	2160.167	3047	0	199
2024.03.18	20:00:00	2160.153	2160.376	2159.386	2160.056	1631	0	199
2024.03.18	22:00:00	2160.108	2162.290	2159.582	2160.809	1590	0	599
2024.03.18	23:00:00	2160.810	2161.893	2160.381	2161.650	1739	0	200
2024.03.19	00:00:00	2162.053	2162.838	2160.476	2160.567	2997	0	199
2024.03.19	01:00:00	2160.560	2162.130	2158.588	2160.461	3644	0	199
2024.03.19	02:00:00	2160.459	2162.765	2159.938	2160.850	3379	0	199
2024.03.19	03:00:00	2160.849	2162.314	2159.784	2161.428	3819	0	199
2024.03.19	04:00:00	2161.414	2162.060	2159.512	2160.101	3032	0	199
2024.03.19	05:00:00	2160.116	2160.389	2157.068	2157.642	3674	0	199
2024.03.19	06:00:00	2157.683	2157.790	2153.940	2156.767	4803	0	199
2024.03.19	07:00:00	2156.746	2157.220	2154.128	2155.740	4509	0	199
2024.03.19	08:00:00	2155.778	2155.918	2147.154	2153.025	6838	0	199
2024.03.19	09:00:00	2153.007	2154.504	2151.565	2153.179	4708	0	199
2024.03.19	10:00:00	2153.182	2156.338	2152.433	2154.042	4774	0	199
2024.03.19	11:00:00	2154.055	2156.682	2153.681	2155.536	4388	0	199
2024.03.19	12:00:00	2155.485	2158.598	2150.744	2156.992	6944	0	199
2024.03.19	13:00:00	2156.943	2158.690	2150.350	2151.160	7402	0	199
2024.03.19	14:00:00	2151.213	2155.383	2148.364	2154.850	6586	0	199
2024.03.19	15:00:00	2154.839	2155.603	2150.627	2154.219	5128	0	199
2024.03.19	16:00:00	2154.256	2155.977	2153.094	2154.465	4568	0	199
2024.03.19	17:00:00	2154.457	2157.321	2154.226	2156.866	4456	0	199
2024.03.19	18:00:00	2156.849	2157.698	2155.456	2156.671	3337	0	199
2024.03.19	19:00:00	2156.724	2157.920	2156.198	2157.681	3123	0	200
2024.03.19	20:00:00	2157.728	2158.458	2157.258	2157.557	1761	0	200
2024.03.19	22:00:00	2157.657	2159.519	2157.149	2158.420	1097	0	599
2024.03.19	23:00:00	2158.420	2158.716	2156.982	2157.009	1919	0	199
2024.03.20	00:00:00	2157.054	2157.433	2155.176	2157.086	2486	0	199
2024.03.20	01:00:00	2157.128	2160.004	2156.548	2158.626	3387	0	199
2024.03.20	02:00:00	2158.614	2159.647	2157.145	2158.862	2854	0	199
2024.03.20	03:00:00	2158.829	2159.816	2158.366	2159.815	2291	0	199
2024.03.20	04:00:00	2159.848	2160.196	2156.830	2156.864	2760	0	199
2024.03.20	05:00:00	2156.865	2158.194	2156.493	2157.407	2767	0	199
2024.03.20	06:00:00	2157.363	2158.221	2156.350	2156.987	3129	0	199
2024.03.20	07:00:00	2157.044	2159.480	2156.806	2158.266	3767	0	199
2024.03.20	08:00:00	2158.224	2158.351	2154.424	2156.122	3986	0	199
2024.03.20	09:00:00	2156.132	2156.132	2153.039	2154.707	3773	0	199
2024.03.20	10:00:00	2154.716	2154.853	2152.296	2154.288	3956	0	199
2024.03.20	11:00:00	2154.287	2155.032	2152.264	2153.978	3893	0	199
2024.03.20	12:00:00	2154.024	2155.232	2149.512	2153.105	5320	0	199
2024.03.20	13:00:00	2153.150	2158.625	2150.464	2157.850	6798	0	199
2024.03.20	14:00:00	2157.919	2164.861	2155.623	2157.104	8562	0	199
2024.03.20	15:00:00	2157.054	2158.628	2154.634	2155.853	4849	0	199
2024.03.20	16:00:00	2155.863	2158.618	2155.456	2157.706	4379	0	199
2024.03.20	17:00:00	2157.715	2159.575	2156.585	2157.369	4230	0	199
2024.03.20	18:00:00	2157.285	2183.679	2157.285	2181.807	30992	0	199
2024.03.20	19:00:00	2181.850	2188.806	2178.431	2182.880	13446	0	199
2024.03.20	20:00:00	2182.832	2187.191	2182.781	2185.934	3612	0	199
2024.03.20	22:00:00	2186.401	2211.005	2186.285	2200.177	3277	0	899
2024.03.20	23:00:00	2200.169	2206.278	2196.366	2203.501	5650	0	200
2024.03.21	00:00:00	2203.971	2203.971	2192.369	2198.930	7413	0	199
2024.03.21	01:00:00	2198.885	2212.563	2197.845	2204.799	9128	0	199
2024.03.21	02:00:00	2204.751	2206.324	2202.638	2203.347	4732	0	199
2024.03.21	03:00:00	2203.315	2204.966	2201.692	2202.726	3400	0	199
2024.03.21	04:00:00	2202.754	2204.105	2201.775	2203.293	3047	0	200
2024.03.21	05:00:00	2203.286	2205.147	2201.805	2204.846	3708	0	199
2024.03.21	06:00:00	2204.821	2209.500	2204.274	2207.091	5024	0	199
2024.03.21	07:00:00	2207.118	2210.155	2206.395	2206.570	5806	0	199
2024.03.21	08:00:00	2206.507	2206.696	2196.775	2201.403	7854	0	199
2024.03.21	09:00:00	2201.465	2205.992	2199.720	2205.315	6125	0	199
2024.03.21	10:00:00	2205.315	2211.752	2205.132	2207.610	5952	0	199
2024.03.21	11:00:00	2207.581	2208.807	2205.380	2207.486	5069	0	199
2024.03.21	12:00:00	2207.429	2208.811	2203.204	2207.672	7520	0	199
2024.03.21	13:00:00	2207.705	2208.083	2191.608	2191.859	11422	0	199
2024.03.21	14:00:00	2191.778	2191.996	2175.540	2176.624	17523	0	199
2024.03.21	15:00:00	2176.670	2176.901	2166.296	2174.678	12390	0	199
2024.03.21	16:00:00	2174.706	2180.309	2172.951	2179.865	6558	0	199
2024.03.21	17:00:00	2179.855	2183.744	2178.520	2180.831	6074	0	199
2024.03.21	18:00:00	2180.901	2183.947	2180.412	2182.761	4177	0	199
2024.03.21	19:00:00	2182.815	2183.624	2180.285	2181.426	3536	0	199
2024.03.21	20:00:00	2181.477	2182.420	2180.489	2180.851	1997	0	199
2024.03.21	22:00:00	2180.840	2182.357	2180.381	2180.896	1433	0	599
2024.03.21	23:00:00	2180.892	2181.870	2180.813	2181.491	1911	0	200
2024.03.22	00:00:00	2181.676	2186.042	2181.001	2184.882	3437	0	199
2024.03.22	01:00:00	2184.895	2185.938	2172.642	2173.484	6146	0	199
2024.03.22	02:00:00	2173.517	2177.067	2171.809	2172.579	6026	0	199
2024.03.22	03:00:00	2172.582	2176.193	2172.199	2173.738	4074	0	199
2024.03.22	04:00:00	2173.734	2175.366	2173.163	2173.601	3109	0	199
2024.03.22	05:00:00	2173.613	2175.766	2172.996	2174.248	3813	0	199
2024.03.22	06:00:00	2174.243	2176.296	2169.852	2170.117	4736	0	199
2024.03.22	07:00:00	2170.069	2170.461	2162.584	2168.398	6734	0	199
2024.03.22	08:00:00	2168.398	2169.227	2164.871	2167.892	5814	0	199
2024.03.22	09:00:00	2167.859	2170.033	2165.623	2166.606	4974	0	199
2024.03.22	10:00:00	2166.652	2168.632	2165.811	2167.164	4525	0	200
2024.03.22	11:00:00	2167.196	2168.138	2165.176	2166.016	4346	0	199
2024.03.22	12:00:00	2166.059	2176.241	2165.775	2174.508	7451	0	199
2024.03.22	13:00:00	2174.482	2180.060	2172.513	2178.025	8353	0	199
2024.03.22	14:00:00	2178.081	2179.889	2171.140	2173.840	8732	0	199
2024.03.22	15:00:00	2173.864	2173.864	2165.402	2166.095	6987	0	199
2024.03.22	16:00:00	2166.059	2167.470	2161.547	2162.578	5440	0	199
2024.03.22	17:00:00	2162.628	2164.895	2156.982	2159.153	6301	0	199
2024.03.22	18:00:00	2159.101	2164.729	2158.733	2163.069	4477	0	199
2024.03.22	19:00:00	2163.088	2165.146	2161.804	2163.986	3486	0	199
2024.03.22	20:00:00	2164.021	2167.186	2163.567	2165.338	2841	0	199
2024.03.24	22:00:00	2166.313	2167.822	2165.060	2166.416	2282	0	199
2024.03.24	23:00:00	2166.403	2168.893	2165.959	2168.337	3352	0	199
2024.03.25	00:00:00	2168.318	2169.417	2164.008	2165.448	4370	0	199
2024.03.25	01:00:00	2165.490	2176.912	2163.897	2175.126	9043	0	199
2024.03.25	02:00:00	2175.102	2178.328	2173.721	2175.092	4558	0	199
2024.03.25	03:00:00	2175.018	2175.102	2170.054	2170.602	4263	0	199
2024.03.25	04:00:00	2170.612	2171.604	2169.107	2169.397	2953	0	200
2024.03.25	05:00:00	2169.438	2170.995	2167.714	2169.818	3736	0	199
2024.03.25	06:00:00	2169.828	2170.514	2164.257	2165.436	4493	0	199
2024.03.25	07:00:00	2165.412	2168.742	2163.412	2165.814	4930	0	199
2024.03.25	08:00:00	2165.767	2169.005	2163.809	2165.639	5137	0	199
2024.03.25	09:00:00	2165.680	2168.753	2164.352	2168.382	4551	0	199
2024.03.25	10:00:00	2168.374	2171.068	2167.582	2168.335	4334	0	199
2024.03.25	11:00:00	2168.305	2171.833	2167.853	2170.398	4335	0	199
2024.03.25	12:00:00	2170.436	2177.016	2170.261	2174.426	6295	0	199
2024.03.25	13:00:00	2174.417	2181.267	2172.947	2177.091	7324	0	199
2024.03.25	14:00:00	2177.139	2180.468	2175.297	2177.792	6592	0	199
2024.03.25	15:00:00	2177.846	2177.909	2174.904	2175.412	4979	0	199
2024.03.25	16:00:00	2175.405	2177.796	2174.954	2175.761	4327	0	199
2024.03.25	17:00:00	2175.760	2176.636	2174.173	2174.710	4225	0	199
2024.03.25	18:00:00	2174.650	2174.650	2172.869	2173.215	2928	0	199
2024.03.25	19:00:00	2173.218	2173.688	2170.661	2170.945	3325	0	199
2024.03.25	20:00:00	2170.992	2172.266	2170.739	2171.315	1865	0	200
2024.03.25	22:00:00	2171.673	2173.298	2170.931	2171.855	1709	0	599
2024.03.25	23:00:00	2171.853	2173.308	2171.226	2172.878	2574	0	199
2024.03.26	00:00:00	2172.884	2174.403	2172.308	2173.840	3043	0	199
2024.03.26	01:00:00	2173.823	2174.269	2167.576	2169.427	5642	0	199
2024.03.26	02:00:00	2169.471	2171.576	2169.219	2170.737	3215	0	199
2024.03.26	03:00:00	2170.705	2172.440	2169.600	2170.346	3182	0	199
2024.03.26	04:00:00	2170.354	2172.734	2170.089	2172.262	2249	0	199
2024.03.26	05:00:00	2172.218	2173.346	2171.328	2172.921	3086	0	199
2024.03.26	06:00:00	2172.875	2174.073	2170.526	2171.476	4029	0	199
2024.03.26	07:00:00	2171.434	2174.171	2169.583	2173.008	3895	0	199
2024.03.26	08:00:00	2172.990	2179.240	2171.566	2178.196	4811	0	199
2024.03.26	09:00:00	2178.204	2195.195	2178.204	2190.826	7365	0	199
2024.03.26	10:00:00	2190.844	2200.050	2190.671	2197.653	6715	0	199
2024.03.26	11:00:00	2197.662	2199.073	2194.984	2196.424	5752	0	199
2024.03.26	12:00:00	2196.453	2197.326	2186.624	2187.947	6975	0	199
2024.03.26	13:00:00	2187.980	2192.899	2178.290	2183.058	10604	0	199
2024.03.26	14:00:00	2182.991	2186.343	2179.065	2179.273	8374	0	199
2024.03.26	15:00:00	2179.245	2181.511	2171.680	2174.244	8027	0	199
2024.03.26	16:00:00	2174.291	2178.428	2174.243	2176.757	5151	0	199
2024.03.26	17:00:00	2176.822	2179.212	2175.930	2176.727	4698	0	199
2024.03.26	18:00:00	2176.677	2178.515	2175.868	2177.660	3523	0	199
2024.03.26	19:00:00	2177.646	2178.147	2176.546	2177.876	3095	0	199
2024.03.26	20:00:00	2177.920	2178.294	2174.608	2177.828	2071	0	199
2024.03.26	22:00:00	2177.304	2179.385	2176.674	2178.160	1625	0	599
2024.03.26	23:00:00	2178.183	2179.946	2177.944	2179.466	2151	0	199
2024.03.27	00:00:00	2179.463	2180.146	2176.581	2177.436	2725	0	199
2024.03.27	01:00:00	2177.433	2180.318	2173.105	2175.146	5398	0	199
2024.03.27	02:00:00	2175.127	2177.593	2174.681	2175.953	3727	0	199
2024.03.27	03:00:00	2175.962	2181.711	2175.641	2177.725	4210	0	200
2024.03.27	04:00:00	2177.710	2180.071	2177.263	2178.353	2550	0	199
2024.03.27	05:00:00	2178.344	2178.460	2175.642	2176.972	3247	0	199
2024.03.27	06:00:00	2176.980	2180.016	2176.495	2177.710	3551	0	199
2024.03.27	07:00:00	2177.664	2180.784	2176.942	2180.488	4292	0	200
2024.03.27	08:00:00	2180.526	2182.677	2176.434	2177.360	4349	0	199
2024.03.27	09:00:00	2177.314	2193.906	2176.537	2189.225	7066	0	199
2024.03.27	10:00:00	2189.187	2194.506	2188.676	2193.745	6242	0	199
2024.03.27	11:00:00	2193.700	2197.586	2187.238	2188.403	6660	0	199
2024.03.27	12:00:00	2188.438	2189.352	2184.349	2186.030	7711	0	199
2024.03.27	13:00:00	2186.074	2193.428	2183.413	2193.302	9034	0	199
2024.03.27	14:00:00	2193.263	2195.223	2189.799	2193.385	7879	0	199
2024.03.27	15:00:00	2193.359	2194.091	2188.376	2190.496	5569	0	199
2024.03.27	16:00:00	2190.474	2192.750	2189.823	2192.398	4626	0	199
2024.03.27	17:00:00	2192.344	2194.087	2189.029	2190.348	4743	0	199
2024.03.27	18:00:00	2190.359	2192.389	2188.995	2192.389	3569	0	199
2024.03.27	19:00:00	2192.420	2194.213	2190.767	2193.283	3297	0	199
2024.03.27	20:00:00	2193.335	2195.210	2192.905	2194.654	2849	0	199
2024.03.27	22:00:00	2192.252	2194.048	2189.612	2192.095	2332	0	599
2024.03.27	23:00:00	2192.160	2192.391	2190.633	2190.969	2083	0	200
2024.03.28	00:00:00	2190.723	2190.882	2187.306	2189.042	3965	0	199
2024.03.28	01:00:00	2189.059	2190.506	2187.527	2189.361	4190	0	199
2024.03.28	02:00:00	2189.412	2196.009	2189.110	2194.790	4469	0	199
2024.03.28	03:00:00	2194.761	2196.438	2194.035	2194.773	3410	0	199
2024.03.28	04:00:00	2194.752	2196.914	2194.292	2195.563	2490	0	199
2024.03.28	05:00:00	2195.550	2200.634	2194.399	2197.206	3830	0	199
2024.03.28	06:00:00	2197.189	2198.929	2195.111	2198.666	4343	0	199
2024.03.28	07:00:00	2198.697	2198.793	2192.633	2193.719	4631	0	199
2024.03.28	08:00:00	2193.738	2197.277	2190.828	2194.729	5205	0	199
2024.03.28	09:00:00	2194.728	2197.842	2192.406	2197.763	4625	0	199
2024.03.28	10:00:00	2197.762	2213.777	2197.070	2212.140	8539	0	199
2024.03.28	11:00:00	2212.117	2213.382	2207.197	2210.265	6938	0	199
2024.03.28	12:00:00	2210.261	2216.924	2205.647	2215.568	11276	0	199
2024.03.28	13:00:00	2215.621	2217.130	2202.195	2206.600	12518	0	199
2024.03.28	14:00:00	2206.596	2214.938	2204.247	2214.294	10093	0	199
2024.03.28	15:00:00	2214.246	2216.962	2212.192	2215.877	7420	0	199
2024.03.28	16:00:00	2215.890	2225.576	2213.458	2220.231	7568	0	199
2024.03.28	17:00:00	2220.278	2223.228	2216.649	2221.903	5867	0	199
2024.03.28	18:00:00	2221.855	2222.407	2218.308	2220.425	4038	0	199
2024.03.28	19:00:00	2220.378	2222.246	2217.858	2221.638	3974	0	199
2024.03.28	20:00:00	2221.631	2236.293	2219.601	2232.580	4204	0	200
2024.03.31	22:00:00	2239.644	2243.118	2235.814	2236.812	5671	0	299
2024.03.31	23:00:00	2236.882	2247.340	2235.570	2244.928	4846	0	299
2024.04.01	00:00:00	2245.959	2256.305	2243.824	2250.008	5899	0	299
2024.04.01	01:00:00	2250.087	2259.572	2250.009	2255.756	7818	0	299
2024.04.01	02:00:00	2255.757	2258.123	2254.880	2257.248	4068	0	299
2024.04.01	03:00:00	2257.179	2265.141	2256.416	2264.309	4679	0	299
2024.04.01	04:00:00	2264.360	2265.678	2258.026	2260.260	3722	0	299
2024.04.01	05:00:00	2260.187	2263.367	2257.848	2261.546	3753	0	299
2024.04.01	06:00:00	2261.483	2262.662	2258.917	2260.306	3879	0	200
2024.04.01	07:00:00	2260.275	2263.038	2256.867	2257.535	3874	0	199
2024.04.01	08:00:00	2257.562	2260.186	2255.753	2257.177	4016	0	199
2024.04.01	09:00:00	2257.185	2258.352	2249.300	2251.754	5084	0	199
2024.04.01	10:00:00	2251.712	2253.424	2245.582	2247.806	5038	0	199
2024.04.01	11:00:00	2247.839	2251.013	2246.410	2246.851	4771	0	199
2024.04.01	12:00:00	2246.819	2252.614	2243.559	2252.525	8046	0	199
2024.04.01	13:00:00	2252.478	2257.902	2239.283	2246.400	13941	0	199
2024.04.01	14:00:00	2246.360	2246.360	2228.472	2235.905	16191	0	199
2024.04.01	15:00:00	2235.896	2240.556	2233.651	2239.641	7209	0	199
2024.04.01	16:00:00	2239.656	2243.449	2237.080	2238.076	5767	0	199
2024.04.01	17:00:00	2238.057	2239.311	2234.665	2239.127	4536	0	199
2024.04.01	18:00:00	2239.170	2241.208	2238.026	2239.303	3454	0	199
2024.04.01	19:00:00	2239.303	2244.722	2238.996	2244.669	3578	0	199
2024.04.01	20:00:00	2244.612	2250.599	2242.986	2250.561	3892	0	200
2024.04.01	22:00:00	2250.650	2255.706	2248.577	2253.385	2411	0	599
2024.04.01	23:00:00	2253.468	2253.554	2248.644	2248.936	3316	0	199
2024.04.02	00:00:00	2248.963	2253.617	2247.816	2250.372	5372	0	199
2024.04.02	01:00:00	2250.322	2250.322	2246.636	2248.997	5465	0	199
2024.04.02	02:00:00	2248.940	2255.031	2247.726	2254.210	4556	0	199
2024.04.02	03:00:00	2254.204	2255.262	2251.204	2251.531	4312	0	200
2024.04.02	04:00:00	2251.534	2259.851	2250.418	2256.646	4295	0	199
2024.04.02	05:00:00	2256.655	2257.095	2252.230	2253.583	4407	0	199
2024.04.02	06:00:00	2253.534	2256.120	2252.273	2255.663	4862	0	199
2024.04.02	07:00:00	2255.612	2257.580	2253.155	2256.374	5154	0	199
2024.04.02	08:00:00	2256.326	2262.805	2256.058	2260.965	6066	0	199
2024.04.02	09:00:00	2260.963	2266.812	2259.581	2260.677	5939	0	199
2024.04.02	10:00:00	2260.633	2264.677	2255.063	2262.102	6032	0	199
2024.04.02	11:00:00	2262.095	2262.141	2256.003	2260.525	6604	0	199
2024.04.02	12:00:00	2260.568	2261.506	2253.301	2257.538	9159	0	199
2024.04.02	13:00:00	2257.497	2266.811	2254.518	2265.365	12925	0	199
2024.04.02	14:00:00	2265.293	2276.975	2257.166	2260.676	19408	0	199
2024.04.02	15:00:00	2260.639	2261.128	2250.794	2258.604	11634	0	199
2024.04.02	16:00:00	2258.658	2261.347	2254.076	2260.276	6194	0	199
2024.04.02	17:00:00	2260.299	2266.653	2259.457	2265.925	5366	0	199
2024.04.02	18:00:00	2265.931	2272.851	2265.373	2271.361	6703	0	199
2024.04.02	19:00:00	2271.413	2279.304	2270.915	2277.354	5581	0	199
2024.04.02	20:00:00	2277.395	2281.158	2275.647	2280.244	3482	0	199
2024.04.02	22:00:00	2280.448	2288.254	2279.325	2281.498	3788	0	599
2024.04.02	23:00:00	2281.498	2283.748	2277.828	2280.206	3917	0	199
2024.04.03	00:00:00	2279.885	2285.891	2279.521	2283.240	6113	0	199
2024.04.03	01:00:00	2283.272	2283.437	2276.736	2282.502	7320	0	199
2024.04.03	02:00:00	2282.493	2284.600	2281.493	2283.307	4270	0	199
2024.04.03	03:00:00	2283.352	2287.941	2283.141	2285.006	4647	0	199
2024.04.03	04:00:00	2285.023	2287.047	2283.669	2283.709	3369	0	199
2024.04.03	05:00:00	2283.686	2285.963	2280.844	2285.963	4498	0	199
2024.04.03	06:00:00	2285.968	2285.968	2280.949	2281.994	5013	0	199
2024.04.03	07:00:00	2281.977	2282.020	2270.325	2271.188	7400	0	199
2024.04.03	08:00:00	2271.173	2276.081	2267.627	2273.151	6950	0	199
2024.04.03	09:00:00	2273.098	2274.748	2269.555	2272.032	5457	0	199
2024.04.03	10:00:00	2271.983	2273.402	2269.828	2272.673	5247	0	199
2024.04.03	11:00:00	2272.660	2274.515	2268.769	2273.785	5401	0	199
2024.04.03	12:00:00	2273.733	2275.184	2265.347	2274.922	11186	0	199
2024.04.03	13:00:00	2274.859	2278.858	2271.573	2275.094	12552	0	199
2024.04.03	14:00:00	2275.139	2285.285	2274.100	2282.668	17126	0	199
2024.04.03	15:00:00	2282.718	2288.352	2280.570	2286.298	10398	0	199
2024.04.03	16:00:00	2286.290	2295.175	2280.693	2293.825	11530	0	199
2024.04.03	17:00:00	2293.778	2295.574	2288.869	2294.985	6364	0	199
2024.04.03	18:00:00	2294.973	2297.890	2293.823	2296.389	4478	0	199
2024.04.03	19:00:00	2296.366	2298.866	2294.464	2297.373	4615	0	199
2024.04.03	20:00:00	2297.404	2301.186	2297.188	2299.785	3066	0	199
2024.04.03	22:00:00	2299.353	2302.445	2298.836	2301.387	2809	0	599
2024.04.03	23:00:00	2301.398	2301.595	2296.246	2297.448	3721	0	199
2024.04.04	00:00:00	2297.500	2302.476	2297.227	2302.185	5166	0	199
2024.04.04	01:00:00	2302.230	2304.869	2297.480	2301.007	5704	0	199
2024.04.04	02:00:00	2301.014	2302.073	2297.761	2299.548	3572	0	199
2024.04.04	03:00:00	2299.498	2300.663	2297.583	2299.175	3749	0	199
2024.04.04	04:00:00	2299.124	2300.178	2298.265	2298.896	2973	0	199
2024.04.04	05:00:00	2298.883	2300.666	2294.911	2295.243	3700	0	199
2024.04.04	06:00:00	2295.280	2297.303	2294.756	2295.793	4077	0	199
2024.04.04	07:00:00	2295.768	2298.167	2291.836	2292.953	6014	0	199
2024.04.04	08:00:00	2292.940	2294.498	2290.950	2291.564	5111	0	199
2024.04.04	09:00:00	2291.568	2294.061	2290.776	2293.210	4793	0	199
2024.04.04	10:00:00	2293.259	2295.030	2292.466	2294.453	4106	0	199
2024.04.04	11:00:00	2294.430	2295.180	2288.775	2289.261	5034	0	199
2024.04.04	12:00:00	2289.310	2289.995	2282.675	2288.126	11015	0	199
2024.04.04	13:00:00	2288.172	2291.052	2284.749	2287.502	10088	0	199
2024.04.04	14:00:00	2287.430	2299.375	2287.061	2295.114	11644	0	199
2024.04.04	15:00:00	2295.161	2295.523	2290.258	2292.081	7059	0	199
2024.04.04	16:00:00	2292.026	2293.153	2286.465	2286.827	5808	0	199
2024.04.04	17:00:00	2286.859	2294.017	2286.322	2293.969	5377	0	199
2024.04.04	18:00:00	2293.918	2305.543	2292.880	2304.045	10983	0	199
2024.04.04	19:00:00	2304.056	2304.671	2279.817	2284.919	18080	0	199
2024.04.04	20:00:00	2284.888	2291.658	2284.756	2290.626	4240	0	199
2024.04.04	22:00:00	2290.980	2293.233	2288.082	2289.588	2334	0	599
2024.04.04	23:00:00	2289.574	2291.221	2288.770	2288.891	2775	0	199
2024.04.05	00:00:00	2288.691	2290.277	2282.842	2283.116	6115	0	199
2024.04.05	01:00:00	2283.098	2284.109	2267.751	2271.766	12365	0	199
2024.04.05	02:00:00	2271.781	2274.714	2270.815	2273.813	4960	0	199
2024.04.05	03:00:00	2273.792	2279.388	2273.523	2276.732	4864	0	199
2024.04.05	04:00:00	2276.689	2279.840	2276.543	2277.987	3920	0	199
2024.04.05	05:00:00	2277.994	2282.290	2277.355	2279.736	4628	0	199
2024.04.05	06:00:00	2279.737	2283.085	2276.579	2279.071	5569	0	199
2024.04.05	07:00:00	2279.058	2290.569	2279.010	2289.045	7393	0	199
2024.04.05	08:00:00	2289.014	2291.756	2284.859	2287.967	5768	0	199
2024.04.05	09:00:00	2287.941	2293.585	2286.560	2291.006	5205	0	199
2024.04.05	10:00:00	2290.980	2296.142	2290.673	2293.899	5002	0	199
2024.04.05	11:00:00	2293.852	2294.572	2289.786	2291.132	4748	0	199
2024.04.05	12:00:00	2291.100	2296.080	2280.187	2290.877	17242	0	199
2024.04.05	13:00:00	2290.905	2303.610	2286.973	2299.753	19054	0	199
2024.04.05	14:00:00	2299.700	2324.769	2295.833	2317.547	23955	0	199
2024.04.05	15:00:00	2317.591	2328.448	2315.196	2326.175	15005	0	199
2024.04.05	16:00:00	2326.191	2329.526	2322.147	2327.110	7687	0	199
2024.04.05	17:00:00	2327.153	2330.526	2324.476	2326.200	6211	0	199
2024.04.05	18:00:00	2326.226	2328.313	2323.535	2325.285	4955	0	199
2024.04.05	19:00:00	2325.312	2325.337	2320.639	2323.120	5201	0	199
2024.04.05	20:00:00	2323.159	2329.995	2322.812	2329.355	3492	0	199
2024.04.07	22:00:00	2327.315	2328.564	2304.031	2307.581	11286	0	199
2024.04.07	23:00:00	2307.548	2314.371	2306.116	2311.647	8262	0	199
2024.04.08	00:00:00	2311.297	2311.859	2306.069	2306.173	7720	0	199
2024.04.08	01:00:00	2306.141	2325.104	2302.862	2324.246	17745	0	199
2024.04.08	02:00:00	2324.199	2354.145	2321.665	2348.137	25679	0	199
2024.04.08	03:00:00	2348.085	2349.920	2340.968	2345.488	11824	0	199
2024.04.08	04:00:00	2345.535	2345.574	2339.930	2342.150	6595	0	199
2024.04.08	05:00:00	2342.161	2343.685	2331.880	2334.544	10760	0	199
2024.04.08	06:00:00	2334.602	2341.364	2331.754	2336.246	9190	0	199
2024.04.08	07:00:00	2336.288	2338.909	2333.732	2337.761	8781	0	199
2024.04.08	08:00:00	2337.709	2341.532	2333.259	2336.204	8996	0	199
2024.04.08	09:00:00	2336.249	2337.885	2334.130	2337.463	6193	0	199
2024.04.08	10:00:00	2337.411	2343.528	2335.050	2340.142	6883	0	199
2024.04.08	11:00:00	2340.178	2342.400	2336.416	2337.341	8409	0	199
2024.04.08	12:00:00	2337.286	2338.004	2322.546	2329.028	19715	0	199
2024.04.08	13:00:00	2329.034	2335.726	2325.492	2327.413	22572	0	199
2024.04.08	14:00:00	2327.363	2329.277	2318.640	2328.770	18778	0	199
2024.04.08	15:00:00	2328.740	2331.694	2325.643	2327.835	8986	0	199
2024.04.08	16:00:00	2327.882	2330.208	2326.029	2328.450	6293	0	199
2024.04.08	17:00:00	2328.503	2339.213	2327.559	2337.884	8258	0	199
2024.04.08	18:00:00	2337.875	2341.997	2336.925	2338.943	5894	0	199
2024.04.08	19:00:00	2338.985	2340.567	2337.062	2338.344	4630	0	199
2024.04.08	20:00:00	2338.397	2339.124	2337.873	2339.019	2405	0	199
2024.04.08	22:00:00	2337.359	2338.797	2336.601	2338.506	1752	0	599
2024.04.08	23:00:00	2338.504	2340.455	2337.676	2338.788	3150	0	199
2024.04.09	00:00:00	2338.784	2341.672	2338.527	2340.862	4092	0	199
2024.04.09	01:00:00	2340.871	2348.500	2337.770	2339.972	11361	0	199
2024.04.09	02:00:00	2339.934	2345.755	2338.423	2345.137	6417	0	199
2024.04.09	03:00:00	2345.096	2346.568	2343.060	2343.943	4677	0	199
2024.04.09	04:00:00	2343.981	2346.168	2343.045	2344.135	3851	0	199
2024.04.09	05:00:00	2344.112	2347.938	2343.866	2345.034	4292	0	199
2024.04.09	06:00:00	2345.025	2346.774	2343.095	2344.475	5957	0	199
2024.04.09	07:00:00	2344.438	2357.010	2344.308	2353.963	8904	0	199
2024.04.09	08:00:00	2353.960	2359.239	2351.328	2357.597	6916	0	199
2024.04.09	09:00:00	2357.628	2365.340	2357.184	2363.181	7907	0	199
2024.04.09	10:00:00	2363.152	2364.221	2355.834	2356.480	6935	0	199
2024.04.09	11:00:00	2356.424	2356.706	2349.528	2354.445	7327	0	199
2024.04.09	12:00:00	2354.414	2357.334	2345.688	2349.374	12560	0	199
2024.04.09	13:00:00	2349.339	2360.956	2348.068	2355.372	19773	0	199
2024.04.09	14:00:00	2355.323	2364.281	2345.086	2352.790	21664	0	199
2024.04.09	15:00:00	2352.852	2353.665	2338.236	2340.291	16976	0	199
2024.04.09	16:00:00	2340.328	2347.056	2340.014	2344.978	8648	0	199
2024.04.09	17:00:00	2345.017	2349.717	2341.871	2347.324	7778	0	199
2024.04.09	18:00:00	2347.274	2349.997	2345.530	2349.559	5422	0	199
2024.04.09	19:00:00	2349.515	2351.520	2345.187	2351.118	4879	0	199
2024.04.09	20:00:00	2351.072	2354.569	2350.587	2352.802	2696	0	199
2024.04.09	22:00:00	2352.551	2353.895	2350.276	2352.210	2111	0	599
2024.04.09	23:00:00	2352.108	2355.275	2351.528	2354.776	3075	0	199
2024.04.10	00:00:00	2354.899	2355.574	2350.946	2351.630	3829	0	199
2024.04.10	01:00:00	2351.660	2351.939	2344.698	2349.319	8034	0	199
2024.04.10	02:00:00	2349.374	2354.277	2348.851	2352.109	5527	0	199
2024.04.10	03:00:00	2352.152	2353.504	2350.651	2351.248	3963	0	199
2024.04.10	04:00:00	2351.202	2356.861	2350.831	2356.166	3515	0	199
2024.04.10	05:00:00	2356.151	2360.079	2355.726	2357.366	5640	0	199
2024.04.10	06:00:00	2357.430	2359.902	2353.843	2356.094	6393	0	199
2024.04.10	07:00:00	2356.043	2357.739	2352.515	2353.072	5761	0	199
2024.04.10	08:00:00	2353.121	2355.854	2352.315	2354.494	5149	0	199
2024.04.10	09:00:00	2354.499	2354.802	2344.862	2347.637	6475	0	199
2024.04.10	10:00:00	2347.587	2350.138	2345.209	2347.453	5590	0	199
2024.04.10	11:00:00	2347.421	2349.335	2344.706	2347.029	5522	0	199
2024.04.10	12:00:00	2346.974	2350.708	2327.754	2338.384	28205	0	199
2024.04.10	13:00:00	2338.434	2339.606	2319.215	2333.922	36285	0	199
2024.04.10	14:00:00	2333.941	2352.317	2332.175	2346.265	27148	0	199
2024.04.10	15:00:00	2346.302	2347.627	2330.048	2337.065	17692	0	199
2024.04.10	16:00:00	2337.054	2340.784	2335.828	2337.266	8552	0	199
2024.04.10	17:00:00	2337.292	2345.242	2325.742	2337.621	19694	0	199
2024.04.10	18:00:00	2337.681	2341.003	2326.122	2327.516	9147	0	199
2024.04.10	19:00:00	2327.546	2330.948	2327.161	2329.635	7387	0	199
2024.04.10	20:00:00	2329.692	2333.589	2329.511	2332.732	3468	0	199
2024.04.10	22:00:00	2333.597	2336.657	2333.244	2335.746	2092	0	599
2024.04.10	23:00:00	2335.772	2337.204	2334.109	2335.429	3108	0	199
2024.04.11	00:00:00	2335.489	2336.003	2333.321	2335.131	5053	0	199
2024.04.11	01:00:00	2335.123	2342.252	2334.032	2340.653	7864	0	199
2024.04.11	02:00:00	2340.600	2345.766	2339.478	2343.829	4864	0	199
2024.04.11	03:00:00	2343.823	2346.915	2342.919	2343.966	4597	0	199
2024.04.11	04:00:00	2343.911	2346.082	2341.449	2342.975	4386	0	199
2024.04.11	05:00:00	2342.957	2344.559	2338.868	2341.881	5168	0	199
2024.04.11	06:00:00	2341.835	2342.160	2333.871	2335.990	7961	0	199
2024.04.11	07:00:00	2336.039	2340.669	2335.176	2336.396	7777	0	199
2024.04.11	08:00:00	2336.439	2337.953	2325.627	2327.967	8511	0	199
2024.04.11	09:00:00	2327.941	2335.307	2327.897	2330.777	6663	0	199
2024.04.11	10:00:00	2330.724	2339.264	2330.642	2338.514	6302	0	199
2024.04.11	11:00:00	2338.514	2339.678	2335.619	2337.251	5869	0	199
2024.04.11	12:00:00	2337.269	2344.383	2331.604	2341.406	16835	0	199
2024.04.11	13:00:00	2341.364	2347.431	2336.880	2343.341	16283	0	199
2024.04.11	14:00:00	2343.309	2346.824	2332.269	2338.924	18015	0	199
2024.04.11	15:00:00	2338.965	2345.527	2337.590	2344.618	8322	0	199
2024.04.11	16:00:00	2344.667	2350.790	2342.623	2349.780	7813	0	199
2024.04.11	17:00:00	2349.788	2357.251	2348.023	2356.250	9156	0	199
2024.04.11	18:00:00	2356.271	2365.023	2355.635	2361.438	7781	0	199
2024.04.11	19:00:00	2361.476	2374.609	2361.377	2372.747	7129	0	199
2024.04.11	20:00:00	2372.823	2377.721	2372.231	2373.245	5034	0	199
2024.04.11	22:00:00	2371.543	2379.390	2371.272	2373.593	3185	0	599
2024.04.11	23:00:00	2373.658	2377.106	2373.658	2377.000	4067	0	199
2024.04.12	00:00:00	2376.787	2379.134	2374.586	2378.633	4758	0	199
2024.04.12	01:00:00	2378.681	2391.420	2378.662	2390.657	19220	0	199
2024.04.12	02:00:00	2390.698	2395.458	2387.898	2390.500	11323	0	199
2024.04.12	03:00:00	2390.551	2391.199	2382.896	2384.242	6827	0	199
2024.04.12	04:00:00	2384.247	2387.023	2382.701	2384.202	4603	0	199
2024.04.12	05:00:00	2384.141	2390.076	2383.332	2387.513	5944	0	199
2024.04.12	06:00:00	2387.461	2395.193	2384.706	2395.030	8340	0	199
2024.04.12	07:00:00	2395.042	2400.380	2392.727	2399.913	9459	0	199
2024.04.12	08:00:00	2399.954	2400.634	2394.142	2396.664	7558	0	199
2024.04.12	09:00:00	2396.714	2400.190	2393.291	2398.074	6279	0	199
2024.04.12	10:00:00	2398.109	2400.424	2395.921	2398.122	6375	0	199
2024.04.12	11:00:00	2398.127	2398.145	2390.358	2395.362	8478	0	199
2024.04.12	12:00:00	2395.365	2397.679	2391.530	2395.806	13748	0	199
2024.04.12	13:00:00	2395.853	2406.557	2393.398	2404.258	25230	0	199
2024.04.12	14:00:00	2404.309	2429.079	2400.312	2426.589	27511	0	199
2024.04.12	15:00:00	2426.556	2431.527	2382.128	2395.554	45999	0	199
2024.04.12	16:00:00	2395.515	2395.515	2360.697	2369.180	35808	0	199
2024.04.12	17:00:00	2369.237	2373.104	2346.307	2355.233	26974	0	199
2024.04.12	18:00:00	2355.195	2356.646	2335.364	2338.795	15093	0	199
2024.04.12	19:00:00	2338.742	2345.422	2333.793	2343.263	11586	0	199
2024.04.12	20:00:00	2343.317	2345.169	2341.691	2344.382	4271	0	199
2024.04.14	22:00:00	2369.105	2371.920	2346.759	2356.804	7237	0	199
2024.04.14	23:00:00	2356.771	2365.293	2354.827	2364.486	4489	0	599
2024.04.15	00:00:00	2364.446	2365.957	2350.452	2353.246	11422	0	199
2024.04.15	01:00:00	2353.287	2359.788	2348.398	2355.633	18028	0	199
2024.04.15	02:00:00	2355.616	2364.656	2353.549	2359.511	10014	0	199
2024.04.15	03:00:00	2359.564	2360.426	2354.725	2358.508	7230	0	199
2024.04.15	04:00:00	2358.442	2358.682	2355.543	2356.660	4491	0	199
2024.04.15	05:00:00	2356.667	2362.467	2352.037	2361.093	7383	0	199
2024.04.15	06:00:00	2361.076	2361.512	2353.052	2354.858	10665	0	199
2024.04.15	07:00:00	2354.816	2356.360	2349.952	2353.047	9201	0	199
2024.04.15	08:00:00	2353.038	2356.021	2344.710	2351.557	10722	0	199
2024.04.15	09:00:00	2351.585	2353.498	2346.303	2349.606	6916	0	199
2024.04.15	10:00:00	2349.620	2356.981	2349.188	2356.744	5861	0	199
2024.04.15	11:00:00	2356.717	2361.179	2355.502	2357.947	7274	0	199
2024.04.15	12:00:00	2357.995	2359.267	2351.100	2357.317	12452	0	199
2024.04.15	13:00:00	2357.345	2361.137	2343.118	2348.634	19585	0	199
2024.04.15	14:00:00	2348.597	2352.495	2324.102	2349.463	34938	0	199
2024.04.15	15:00:00	2349.414	2352.580	2342.570	2351.616	15009	0	199
2024.04.15	16:00:00	2351.660	2359.988	2346.114	2357.126	11089	0	199
2024.04.15	17:00:00	2357.096	2370.639	2354.053	2365.407	14340	0	199
2024.04.15	18:00:00	2365.376	2378.187	2363.675	2375.910	9364	0	199
2024.04.15	19:00:00	2375.869	2387.637	2373.941	2386.284	12394	0	199
2024.04.15	20:00:00	2386.370	2386.722	2380.038	2382.778	4649	0	199
2024.04.15	22:00:00	2380.800	2392.036	2380.686	2384.122	3373	0	599
2024.04.15	23:00:00	2384.119	2387.329	2381.076	2381.835	4010	0	199
2024.04.16	00:00:00	2381.895	2387.673	2380.146	2383.496	7030	0	199
2024.04.16	01:00:00	2383.451	2386.947	2379.159	2383.677	10735	0	199
2024.04.16	02:00:00	2383.689	2388.008	2379.524	2386.144	7052	0	199
2024.04.16	03:00:00	2386.092	2389.330	2384.432	2387.870	5828	0	199
2024.04.16	04:00:00	2387.903	2388.243	2384.003	2386.048	5748	0	199
2024.04.16	05:00:00	2386.106	2389.020	2384.904	2386.486	5342	0	199
2024.04.16	06:00:00	2386.220	2388.112	2368.615	2373.032	12446	0	199
2024.04.16	07:00:00	2373.000	2375.217	2362.955	2365.654	9621	0	199
2024.04.16	08:00:00	2365.500	2371.932	2365.107	2369.410	6817	0	199
2024.04.16	09:00:00	2369.454	2373.207	2367.460	2372.344	6297	0	199
2024.04.16	10:00:00	2372.389	2375.370	2368.592	2370.126	7424	0	199
2024.04.16	11:00:00	2370.172	2375.268	2369.686	2373.952	6913	0	199
2024.04.16	12:00:00	2373.956	2378.215	2368.419	2376.186	10601	0	199
2024.04.16	13:00:00	2376.218	2379.271	2365.190	2366.287	22952	0	199
2024.04.16	14:00:00	2366.317	2383.405	2363.458	2382.947	24854	0	199
2024.04.16	15:00:00	2382.995	2393.018	2377.843	2385.940	19959	0	199
2024.04.16	16:00:00	2385.982	2398.280	2385.465	2397.498	12182	0	199
2024.04.16	17:00:00	2397.532	2397.654	2379.713	2384.702	21521	0	199
2024.04.16	18:00:00	2384.656	2396.448	2383.492	2392.299	15251	0	199
2024.04.16	19:00:00	2392.276	2395.217	2389.049	2389.683	7449	0	199
2024.04.16	20:00:00	2389.641	2390.281	2378.368	2382.209	4324	0	199
2024.04.16	22:00:00	2382.746	2386.772	2382.392	2384.748	2649	0	599
2024.04.16	23:00:00	2384.744	2386.875	2382.639	2382.843	4453	0	199
2024.04.17	00:00:00	2382.703	2384.696	2380.676	2384.360	5692	0	199
2024.04.17	01:00:00	2384.411	2385.544	2381.279	2384.596	8098	0	199
2024.04.17	02:00:00	2384.598	2386.252	2382.261	2382.338	5138	0	199
2024.04.17	03:00:00	2382.284	2383.668	2380.648	2381.654	4701	0	199
2024.04.17	04:00:00	2381.652	2383.015	2380.237	2381.919	3216	0	199
2024.04.17	05:00:00	2381.915	2382.051	2374.146	2377.504	6131	0	199
2024.04.17	06:00:00	2377.606	2381.531	2372.609	2380.981	8303	0	199
2024.04.17	07:00:00	2380.938	2383.216	2377.897	2382.496	6411	0	199
2024.04.17	08:00:00	2382.460	2393.618	2382.460	2392.876	7310	0	199
2024.04.17	09:00:00	2392.933	2394.287	2389.793	2392.123	6819	0	199
2024.04.17	10:00:00	2392.155	2393.850	2384.966	2386.603	6733	0	199
2024.04.17	11:00:00	2386.560	2390.337	2385.770	2387.299	5789	0	199
2024.04.17	12:00:00	2387.365	2387.989	2378.295	2383.240	10932	0	199
2024.04.17	13:00:00	2383.205	2395.213	2382.912	2393.328	15631	0	199
2024.04.17	14:00:00	2393.354	2395.580	2386.064	2390.458	14687	0	199
2024.04.17	15:00:00	2390.495	2393.596	2381.922	2382.173	14805	0	199
2024.04.17	16:00:00	2382.219	2384.456	2360.982	2372.348	22266	0	199
2024.04.17	17:00:00	2372.415	2375.975	2368.040	2372.181	13984	0	199
2024.04.17	18:00:00	2372.213	2379.070	2371.834	2374.387	8973	0	199
2024.04.17	19:00:00	2374.307	2375.096	2367.809	2372.657	7447	0	199
2024.04.17	20:00:00	2372.604	2373.303	2354.548	2360.891	5873	0	199
2024.04.17	22:00:00	2363.478	2367.516	2363.478	2365.090	2435	0	599
2024.04.17	23:00:00	2365.114	2368.144	2363.597	2367.838	3654	0	199
2024.04.18	00:00:00	2367.837	2370.070	2366.835	2369.740	4551	0	199
2024.04.18	01:00:00	2369.787	2371.997	2364.016	2367.245	7871	0	199
2024.04.18	02:00:00	2367.298	2374.904	2366.653	2373.137	5960	0	199
2024.04.18	03:00:00	2373.100	2375.337	2372.275	2374.755	4817	0	199
2024.04.18	04:00:00	2374.748	2376.565	2373.132	2375.078	3553	0	199
2024.04.18	05:00:00	2375.074	2377.137	2373.751	2376.750	5199	0	199
2024.04.18	06:00:00	2376.727	2380.888	2376.259	2380.584	6391	0	199
2024.04.18	07:00:00	2380.550	2381.017	2374.897	2377.808	6034	0	199
2024.04.18	08:00:00	2377.841	2380.773	2377.372	2379.946	5691	0	199
2024.04.18	09:00:00	2379.936	2380.816	2377.718	2379.572	4814	0	199
2024.04.18	10:00:00	2379.528	2384.024	2377.174	2382.952	5218	0	199
2024.04.18	11:00:00	2382.922	2385.366	2378.912	2380.918	6112	0	199
2024.04.18	12:00:00	2380.968	2387.524	2380.628	2385.361	12065	0	199
2024.04.18	13:00:00	2385.381	2392.805	2375.363	2379.639	24837	0	199
2024.04.18	14:00:00	2379.681	2384.997	2369.479	2379.878	19448	0	199
2024.04.18	15:00:00	2379.831	2385.489	2378.510	2384.106	10814	0	199
2024.04.18	16:00:00	2384.111	2388.750	2381.467	2387.882	8384	0	199
2024.04.18	17:00:00	2387.935	2389.315	2382.208	2384.699	7893	0	199
2024.04.18	18:00:00	2384.749	2384.785	2379.504	2381.615	5977	0	199
2024.04.18	19:00:00	2381.642	2385.133	2378.047	2380.231	5376	0	199
2024.04.18	20:00:00	2380.265	2380.466	2376.849	2377.450	2785	0	199
2024.04.18	22:00:00	2378.459	2380.389	2378.021	2379.038	1610	0	599
2024.04.18	23:00:00	2379.040	2381.469	2379.040	2380.003	2592	0	199
2024.04.19	00:00:00	2379.867	2379.867	2373.712	2379.363	5459	0	199
2024.04.19	01:00:00	2379.416	2417.893	2378.725	2409.372	33998	0	199
2024.04.19	02:00:00	2409.407	2414.847	2395.390	2400.384	25607	0	199
2024.04.19	03:00:00	2400.396	2402.504	2382.831	2391.347	25691	0	199
2024.04.19	04:00:00	2391.343	2391.424	2379.284	2383.525	11627	0	199
2024.04.19	05:00:00	2383.577	2384.405	2380.267	2381.360	9115	0	199
2024.04.19	06:00:00	2381.410	2391.878	2378.600	2389.969	11583	0	199
2024.04.19	07:00:00	2390.025	2393.891	2384.561	2385.424	9283	0	199
2024.04.19	08:00:00	2385.369	2386.297	2377.936	2384.256	10344	0	199
2024.04.19	09:00:00	2384.283	2386.121	2379.874	2381.036	7306	0	199
2024.04.19	10:00:00	2381.022	2383.120	2379.205	2381.054	6542	0	199
2024.04.19	11:00:00	2381.075	2381.294	2372.761	2376.812	10570	0	199
2024.04.19	12:00:00	2376.851	2384.507	2374.484	2381.470	10577	0	199
2024.04.19	13:00:00	2381.413	2386.834	2373.058	2378.576	16503	0	199
2024.04.19	14:00:00	2378.626	2392.054	2378.591	2391.065	16458	0	199
2024.04.19	15:00:00	2391.018	2396.011	2389.236	2394.752	11630	0	199
2024.04.19	16:00:00	2394.753	2399.701	2389.793	2399.618	8604	0	199
2024.04.19	17:00:00	2399.589	2401.973	2392.306	2393.649	8557	0	199
2024.04.19	18:00:00	2393.701	2398.162	2392.681	2398.162	5647	0	199
2024.04.19	19:00:00	2398.156	2398.247	2386.589	2387.606	6717	0	199
2024.04.19	20:00:00	2387.653	2391.253	2386.634	2390.677	3709	0	199
2024.04.21	22:00:00	2384.011	2388.589	2381.869	2383.830	4845	0	199
2024.04.21	23:00:00	2383.813	2387.828	2382.967	2386.483	4929	0	199
2024.04.22	00:00:00	2386.506	2386.506	2381.093	2382.138	5900	0	199
2024.04.22	01:00:00	2382.113	2384.228	2376.054	2378.028	9370	0	199
2024.04.22	02:00:00	2378.073	2378.107	2372.558	2372.724	5563	0	199
2024.04.22	03:00:00	2372.683	2372.683	2361.672	2369.325	10080	0	199
2024.04.22	04:00:00	2369.385	2372.901	2368.722	2369.677	5272	0	199
2024.04.22	05:00:00	2369.676	2370.527	2360.811	2365.492	9678	0	199
2024.04.22	06:00:00	2365.442	2367.010	2351.298	2355.879	11378	0	199
2024.04.22	07:00:00	2355.829	2361.118	2354.917	2360.983	8515	0	199
2024.04.22	08:00:00	2360.959	2363.032	2357.848	2359.512	6252	0	199
2024.04.22	09:00:00	2359.472	2363.641	2359.056	2361.185	5902	0	199
2024.04.22	10:00:00	2361.140	2361.433	2356.062	2357.639	5360	0	199
2024.04.22	11:00:00	2357.686	2357.686	2339.381	2342.060	11949	0	199
2024.04.22	12:00:00	2342.042	2350.382	2332.927	2336.810	14900	0	199
2024.04.22	13:00:00	2336.861	2343.738	2331.025	2338.470	22725	0	199
2024.04.22	14:00:00	2338.409	2343.859	2332.928	2341.210	13311	0	199
2024.04.22	15:00:00	2341.265	2341.851	2332.698	2334.797	9724	0	199
2024.04.22	16:00:00	2334.789	2336.455	2328.908	2329.846	7526	0	199
2024.04.22	17:00:00	2329.843	2334.860	2329.576	2330.006	6518	0	199
2024.04.22	18:00:00	2330.057	2330.988	2324.497	2327.592	5499	0	199
2024.04.22	19:00:00	2327.622	2331.673	2327.338	2329.332	4317	0	199
2024.04.22	20:00:00	2329.290	2330.182	2325.319	2326.498	2494	0	199
2024.04.22	22:00:00	2329.070	2331.320	2326.641	2330.253	2644	0	599
2024.04.22	23:00:00	2330.253	2333.930	2328.080	2333.738	4094	0	199
2024.04.23	00:00:00	2333.716	2333.835	2330.091	2332.589	4588	0	199
2024.04.23	01:00:00	2332.558	2334.376	2295.500	2298.946	23622	0	199
2024.04.23	02:00:00	2298.976	2314.265	2298.298	2301.871	16892	0	199
2024.04.23	03:00:00	2301.873	2307.240	2300.880	2302.603	8496	0	199
2024.04.23	04:00:00	2302.578	2308.208	2301.709	2305.489	5488	0	199
2024.04.23	05:00:00	2305.493	2314.793	2304.279	2308.229	8287	0	199
2024.04.23	06:00:00	2308.204	2309.984	2298.853	2301.984	10342	0	199
2024.04.23	07:00:00	2301.941	2311.255	2301.144	2309.051	8919	0	199
2024.04.23	08:00:00	2309.090	2309.782	2301.856	2303.294	7609	0	199
2024.04.23	09:00:00	2303.231	2303.443	2291.321	2295.668	10882	0	199
2024.04.23	10:00:00	2295.655	2306.221	2295.425	2303.231	6920	0	199
2024.04.23	11:00:00	2303.211	2303.251	2299.748	2302.134	6545	0	199
2024.04.23	12:00:00	2302.146	2313.593	2301.274	2311.713	10854	0	199
2024.04.23	13:00:00	2311.776	2330.688	2309.499	2329.654	22784	0	199
2024.04.23	14:00:00	2329.484	2332.176	2314.416	2320.306	23384	0	199
2024.04.23	15:00:00	2320.352	2324.512	2315.204	2323.193	11154	0	199
2024.04.23	16:00:00	2323.219	2331.147	2321.702	2330.229	8199	0	199
2024.04.23	17:00:00	2330.232	2331.353	2325.018	2326.313	7108	0	199
2024.04.23	18:00:00	2326.304	2329.753	2323.582	2324.253	5198	0	199
2024.04.23	19:00:00	2324.247	2325.112	2321.195	2322.201	4109	0	199
2024.04.23	20:00:00	2322.254	2323.275	2321.375	2321.929	2378	0	199
2024.04.23	22:00:00	2322.080	2322.918	2321.097	2321.683	1846	0	599
2024.04.23	23:00:00	2321.665	2324.344	2321.665	2323.210	2723	0	199
2024.04.24	00:00:00	2323.226	2323.598	2320.693	2320.852	3908	0	199
2024.04.24	01:00:00	2320.906	2323.175	2316.002	2318.215	7720	0	199
2024.04.24	02:00:00	2318.212	2322.142	2315.743	2321.640	6038	0	199
2024.04.24	03:00:00	2321.652	2328.134	2320.815	2327.841	5507	0	199
2024.04.24	04:00:00	2327.866	2330.074	2325.178	2326.637	4325	0	199
2024.04.24	05:00:00	2326.647	2329.888	2324.425	2328.818	5002	0	199
2024.04.24	06:00:00	2328.821	2331.319	2324.183	2326.856	6962	0	199
2024.04.24	07:00:00	2326.805	2326.805	2320.625	2320.708	6411	0	199
2024.04.24	08:00:00	2320.698	2321.910	2316.030	2319.182	5954	0	199
2024.04.24	09:00:00	2319.224	2319.331	2311.704	2315.001	6993	0	199
2024.04.24	10:00:00	2315.039	2318.513	2314.219	2316.770	4595	0	199
2024.04.24	11:00:00	2316.795	2316.973	2313.152	2316.174	4830	0	199
2024.04.24	12:00:00	2316.218	2323.493	2312.068	2323.154	11198	0	199
2024.04.24	13:00:00	2323.128	2326.061	2315.843	2321.243	17957	0	199
2024.04.24	14:00:00	2321.281	2330.410	2316.886	2329.621	12356	0	199
2024.04.24	15:00:00	2329.662	2337.354	2322.530	2322.592	12078	0	199
2024.04.24	16:00:00	2322.560	2326.407	2321.803	2325.159	7410	0	199
2024.04.24	17:00:00	2325.117	2330.483	2321.747	2324.391	7280	0	199
2024.04.24	18:00:00	2324.405	2324.654	2318.586	2320.493	5241	0	199
2024.04.24	19:00:00	2320.523	2322.457	2317.785	2319.074	4417	0	199
2024.04.24	20:00:00	2319.104	2319.645	2313.629	2315.786	3499	0	199
2024.04.24	22:00:00	2315.996	2318.395	2315.064	2317.794	1905	0	599
2024.04.24	23:00:00	2317.783	2318.276	2315.380	2316.219	3412	0	199
2024.04.25	00:00:00	2316.223	2319.420	2315.390	2319.111	3728	0	199
2024.04.25	01:00:00	2319.118	2320.708	2315.973	2319.152	5163	0	199
2024.04.25	02:00:00	2319.158	2322.041	2318.851	2319.855	4063	0	199
2024.04.25	03:00:00	2319.854	2320.671	2304.862	2313.177	8790	0	199
2024.04.25	04:00:00	2313.227	2315.890	2312.361	2315.316	3401	0	199
2024.04.25	05:00:00	2315.353	2320.796	2314.458	2319.482	5103	0	199
2024.04.25	06:00:00	2319.541	2323.592	2317.742	2322.640	6224	0	199
2024.04.25	07:00:00	2322.607	2326.124	2320.235	2325.621	5128	0	199
2024.04.25	08:00:00	2325.649	2328.846	2324.845	2326.869	5333	0	199
2024.04.25	09:00:00	2326.849	2327.572	2324.092	2324.893	4328	0	199
2024.04.25	10:00:00	2324.878	2328.699	2324.245	2328.080	4168	0	199
2024.04.25	11:00:00	2328.044	2330.621	2326.674	2328.505	4699	0	199
2024.04.25	12:00:00	2328.502	2334.768	2323.242	2330.717	16636	0	199
2024.04.25	13:00:00	2330.766	2331.213	2312.716	2318.971	28674	0	199
2024.04.25	14:00:00	2318.999	2344.872	2316.925	2333.889	24370	0	199
2024.04.25	15:00:00	2333.857	2336.681	2327.079	2330.475	13322	0	199
2024.04.25	16:00:00	2330.507	2332.470	2322.968	2328.739	7741	0	199
2024.04.25	17:00:00	2328.784	2332.212	2326.196	2332.200	6296	0	199
2024.04.25	18:00:00	2332.242	2335.052	2330.585	2333.057	5274	0	199
2024.04.25	19:00:00	2333.003	2336.414	2331.586	2332.887	4332	0	199
2024.04.25	20:00:00	2332.932	2333.737	2330.828	2331.926	2704	0	199
2024.04.25	22:00:00	2331.958	2333.156	2331.356	2332.461	1841	0	599
2024.04.25	23:00:00	2332.416	2332.616	2330.022	2330.621	2681	0	199
2024.04.26	00:00:00	2330.617	2331.404	2328.702	2329.817	2896	0	199
2024.04.26	01:00:00	2329.822	2333.230	2326.219	2332.082	5789	0	199
2024.04.26	02:00:00	2332.072	2336.263	2331.097	2333.837	4948	0	199
2024.04.26	03:00:00	2333.829	2334.939	2332.181	2334.634	4417	0	199
2024.04.26	04:00:00	2334.634	2338.355	2333.425	2335.874	3993	0	199
2024.04.26	05:00:00	2335.865	2338.550	2333.946	2337.796	4411	0	199
2024.04.26	06:00:00	2337.752	2343.102	2337.321	2341.029	6256	0	199
2024.04.26	07:00:00	2340.964	2347.319	2338.119	2345.503	6841	0	199
2024.04.26	08:00:00	2345.507	2350.355	2344.101	2347.032	9930	0	199
2024.04.26	09:00:00	2347.039	2352.555	2346.734	2349.317	5275	0	199
2024.04.26	10:00:00	2349.335	2350.340	2345.697	2348.132	4576	0	199
2024.04.26	11:00:00	2348.078	2348.626	2343.352	2344.901	4800	0	199
2024.04.26	12:00:00	2344.880	2351.594	2340.491	2344.669	12330	0	199
2024.04.26	13:00:00	2344.720	2350.381	2336.832	2341.374	16415	0	199
2024.04.26	14:00:00	2341.306	2345.255	2328.669	2333.548	15251	0	199
2024.04.26	15:00:00	2333.588	2337.666	2331.199	2336.632	10352	0	199
2024.04.26	16:00:00	2336.687	2338.951	2333.036	2333.603	6369	0	199
2024.04.26	17:00:00	2333.573	2340.328	2332.588	2338.450	5369	0	199
2024.04.26	18:00:00	2338.483	2341.411	2337.726	2340.851	4060	0	199
2024.04.26	19:00:00	2340.814	2340.892	2336.104	2339.895	4077	0	199
2024.04.26	20:00:00	2339.946	2340.112	2336.321	2337.792	3452	0	199
2024.04.28	22:00:00	2333.884	2336.097	2332.473	2334.733	3492	0	199
2024.04.28	23:00:00	2334.678	2336.829	2334.296	2335.985	2900	0	200
2024.04.29	00:00:00	2335.937	2336.331	2330.584	2332.059	3891	0	199
2024.04.29	01:00:00	2332.022	2332.022	2319.802	2330.985	12907	0	199
2024.04.29	02:00:00	2330.977	2331.518	2324.046	2324.282	5636	0	199
2024.04.29	03:00:00	2324.338	2329.461	2323.576	2328.432	4653	0	199
2024.04.29	04:00:00	2328.443	2333.224	2327.358	2332.563	10455	0	199
2024.04.29	05:00:00	2332.593	2336.502	2329.323	2330.557	6416	0	199
2024.04.29	06:00:00	2330.551	2333.514	2327.465	2329.195	6012	0	199
2024.04.29	07:00:00	2329.140	2337.905	2329.036	2337.317	9749	0	199
2024.04.29	08:00:00	2337.239	2341.255	2336.152	2338.087	5855	0	199
2024.04.29	09:00:00	2337.977	2344.356	2336.668	2343.164	5381	0	199
2024.04.29	10:00:00	2343.160	2344.120	2339.861	2341.174	4577	0	199
2024.04.29	11:00:00	2341.170	2342.898	2335.378	2337.058	4827	0	199
2024.04.29	12:00:00	2337.028	2337.567	2328.273	2331.869	7068	0	199
2024.04.29	13:00:00	2331.825	2336.509	2325.586	2333.969	12082	0	199
2024.04.29	14:00:00	2333.920	2339.510	2333.880	2337.767	10053	0	199
2024.04.29	15:00:00	2337.799	2338.951	2332.754	2337.783	7157	0	199
2024.04.29	16:00:00	2337.800	2346.706	2337.303	2342.848	9969	0	199
2024.04.29	17:00:00	2342.886	2346.639	2339.775	2342.135	6810	0	199
2024.04.29	18:00:00	2342.130	2343.831	2337.501	2341.257	5509	0	199
2024.04.29	19:00:00	2341.199	2341.199	2332.974	2335.628	7187	0	199
2024.04.29	20:00:00	2335.677	2337.108	2335.181	2335.200	2437	0	199
2024.04.29	22:00:00	2334.576	2336.142	2333.791	2334.755	1746	0	600
2024.04.29	23:00:00	2334.750	2334.962	2332.635	2333.173	2988	0	199
2024.04.30	00:00:00	2333.178	2334.790	2331.679	2333.916	4158	0	199
2024.04.30	01:00:00	2333.885	2336.113	2332.415	2333.975	5959	0	199
2024.04.30	02:00:00	2334.021	2334.435	2326.825	2331.304	5644	0	199
2024.04.30	03:00:00	2331.262	2331.648	2328.538	2329.190	4277	0	199
2024.04.30	04:00:00	2329.227	2329.468	2324.926	2326.442	3579	0	199
2024.04.30	05:00:00	2326.435	2327.031	2321.769	2322.961	5363	0	199
2024.04.30	06:00:00	2322.956	2323.568	2318.786	2322.369	6587	0	199
2024.04.30	07:00:00	2322.433	2322.649	2315.284	2317.532	5849	0	199
2024.04.30	08:00:00	2317.517	2318.455	2310.663	2312.879	5701	0	199
2024.04.30	09:00:00	2312.871	2317.423	2312.273	2314.778	5284	0	199
2024.04.30	10:00:00	2314.785	2317.967	2314.183	2315.481	4502	0	199
2024.04.30	11:00:00	2315.413	2315.557	2309.449	2312.706	5502	0	199
2024.04.30	12:00:00	2312.657	2313.366	2304.591	2306.055	12174	0	199
2024.04.30	13:00:00	2306.033	2313.282	2302.796	2307.484	14859	0	199
2024.04.30	14:00:00	2307.398	2310.639	2293.093	2293.093	18835	0	199
2024.04.30	15:00:00	2293.139	2300.469	2293.139	2295.834	11858	0	199
2024.04.30	16:00:00	2295.798	2299.305	2294.436	2294.710	7399	0	199
2024.04.30	17:00:00	2294.708	2297.201	2291.556	2295.967	7138	0	199
2024.04.30	18:00:00	2295.911	2297.495	2289.824	2290.081	5198	0	199
2024.04.30	19:00:00	2290.128	2294.855	2289.302	2290.837	5964	0	199
2024.04.30	20:00:00	2290.790	2293.467	2284.967	2285.328	5035	0	199
2024.04.30	22:00:00	2287.354	2291.663	2287.021	2291.095	2415	0	599
2024.04.30	23:00:00	2291.096	2293.285	2289.898	2291.244	3204	0	199
2024.05.01	00:00:00	2291.256	2292.869	2285.674	2286.906	4720	0	199
2024.05.01	01:00:00	2286.899	2289.519	2286.012	2287.950	4518	0	199
2024.05.01	02:00:00	2287.975	2288.656	2286.747	2287.987	3183	0	199
2024.05.01	03:00:00	2287.979	2288.370	2282.949	2284.053	3469	0	199
2024.05.01	04:00:00	2284.014	2285.471	2281.544	2283.238	3568	0	199
2024.05.01	05:00:00	2283.189	2288.442	2282.543	2287.472	3718	0	199
2024.05.01	06:00:00	2287.430	2289.744	2286.419	2286.867	4173	0	199
2024.05.01	07:00:00	2286.880	2287.957	2283.484	2285.785	4453	0	199
2024.05.01	08:00:00	2285.735	2286.788	2283.799	2286.189	4389	0	199
2024.05.01	09:00:00	2286.244	2293.087	2285.672	2291.894	4996	0	199
2024.05.01	10:00:00	2291.873	2294.339	2289.100	2293.117	4805	0	199
2024.05.01	11:00:00	2293.127	2297.093	2291.366	2294.538	4725	0	199
2024.05.01	12:00:00	2294.489	2300.028	2294.092	2298.191	9109	0	199
2024.05.01	13:00:00	2298.251	2303.470	2295.130	2303.019	10040	0	199
2024.05.01	14:00:00	2303.040	2310.431	2297.349	2304.382	16919	0	199
2024.05.01	15:00:00	2304.431	2310.469	2302.486	2307.256	9031	0	199
2024.05.01	16:00:00	2307.291	2307.353	2301.818	2303.732	6468	0	199
2024.05.01	17:00:00	2303.773	2304.954	2297.592	2299.827	6440	0	199
2024.05.01	18:00:00	2299.775	2328.287	2295.825	2325.295	34986	0	199
2024.05.01	19:00:00	2325.239	2327.866	2309.724	2309.724	17157	0	199
2024.05.01	20:00:00	2309.757	2320.578	2306.995	2317.702	10494	0	199
2024.05.01	22:00:00	2319.510	2323.064	2317.552	2320.640	2789	0	599
2024.05.01	23:00:00	2320.737	2324.833	2320.737	2323.809	3961	0	199
2024.05.02	00:00:00	2323.848	2325.995	2322.918	2324.455	4350	0	199
2024.05.02	01:00:00	2324.411	2326.470	2321.746	2324.116	4600	0	199
2024.05.02	02:00:00	2324.089	2325.569	2318.742	2320.197	4600	0	199
2024.05.02	03:00:00	2320.186	2320.751	2317.277	2319.497	4387	0	199
2024.05.02	04:00:00	2319.497	2320.986	2318.043	2318.186	3201	0	199
2024.05.02	05:00:00	2318.189	2318.471	2313.005	2314.914	4869	0	199
2024.05.02	06:00:00	2314.983	2319.057	2312.470	2313.665	6409	0	199
2024.05.02	07:00:00	2313.613	2315.053	2308.140	2309.262	6659	0	199
2024.05.02	08:00:00	2309.292	2311.064	2302.999	2304.047	6027	0	199
2024.05.02	09:00:00	2304.074	2305.380	2298.796	2301.799	5482	0	199
2024.05.02	10:00:00	2301.748	2301.848	2295.140	2299.227	6590	0	199
2024.05.02	11:00:00	2299.282	2302.969	2297.513	2299.008	5825	0	199
2024.05.02	12:00:00	2298.956	2304.462	2293.474	2294.465	10316	0	199
2024.05.02	13:00:00	2294.523	2295.770	2285.392	2291.587	16010	0	199
2024.05.02	14:00:00	2291.583	2304.880	2287.650	2303.936	16631	0	199
2024.05.02	15:00:00	2303.988	2306.912	2297.294	2299.929	11244	0	199
2024.05.02	16:00:00	2299.940	2303.835	2297.910	2299.660	6888	0	199
2024.05.02	17:00:00	2299.667	2308.521	2299.299	2308.023	6124	0	199
2024.05.02	18:00:00	2308.012	2309.472	2305.026	2307.990	4883	0	199
2024.05.02	19:00:00	2308.029	2308.029	2301.577	2302.917	4986	0	199
2024.05.02	20:00:00	2302.877	2304.130	2300.573	2303.906	3096	0	199
2024.05.02	22:00:00	2303.714	2305.504	2303.529	2303.606	1833	0	599
2024.05.02	23:00:00	2303.617	2304.547	2302.357	2304.247	2738	0	200
2024.05.03	00:00:00	2304.243	2304.818	2300.188	2303.906	3970	0	199
2024.05.03	01:00:00	2303.899	2306.388	2301.832	2302.577	4702	0	199
2024.05.03	02:00:00	2302.507	2303.044	2299.873	2301.103	4521	0	199
2024.05.03	03:00:00	2301.063	2302.428	2300.497	2302.408	3026	0	199
2024.05.03	04:00:00	2302.480	2308.015	2302.092	2307.371	3730	0	199
2024.05.03	05:00:00	2307.422	2308.790	2305.777	2306.144	3526	0	199
2024.05.03	06:00:00	2306.147	2306.445	2298.251	2298.473	5480	0	199
2024.05.03	07:00:00	2298.514	2301.406	2297.719	2299.215	5911	0	199
2024.05.03	08:00:00	2299.170	2302.619	2298.324	2301.303	5206	0	199
2024.05.03	09:00:00	2301.252	2303.172	2299.398	2301.431	4535	0	199
2024.05.03	10:00:00	2301.457	2301.733	2297.872	2299.046	4374	0	199
2024.05.03	11:00:00	2299.089	2299.841	2296.203	2298.280	4824	0	199
2024.05.03	12:00:00	2298.276	2320.712	2294.598	2304.767	20521	0	199
2024.05.03	13:00:00	2304.681	2308.942	2277.069	2290.322	31850	0	199
2024.05.03	14:00:00	2290.407	2302.773	2283.161	2291.117	28936	0	199
2024.05.03	15:00:00	2291.163	2298.969	2289.630	2293.729	11352	0	199
2024.05.03	16:00:00	2293.775	2300.238	2292.788	2299.183	7042	0	199
2024.05.03	17:00:00	2299.142	2303.086	2296.336	2302.031	5550	0	199
2024.05.03	18:00:00	2302.071	2302.899	2297.379	2299.277	4390	0	199
2024.05.03	19:00:00	2299.253	2301.494	2295.959	2301.365	4820	0	199
2024.05.03	20:00:00	2301.363	2303.418	2300.633	2301.627	3120	0	199
2024.05.05	22:00:00	2302.321	2303.288	2300.780	2301.786	2381	0	199
2024.05.05	23:00:00	2301.768	2302.934	2293.265	2293.968	4845	0	199
2024.05.06	00:00:00	2293.929	2298.030	2291.774	2295.971	5534	0	199
2024.05.06	01:00:00	2296.026	2309.145	2295.739	2308.277	13089	0	199
2024.05.06	02:00:00	2308.328	2315.394	2307.497	2311.169	7491	0	199
2024.05.06	03:00:00	2311.113	2311.952	2308.348	2309.322	4613	0	199
2024.05.06	04:00:00	2309.367	2311.795	2308.114	2309.191	3408	0	199
2024.05.06	05:00:00	2309.162	2313.950	2308.677	2313.436	6007	0	199
2024.05.06	06:00:00	2313.388	2314.790	2311.729	2314.145	5729	0	199
2024.05.06	07:00:00	2314.119	2324.135	2312.336	2322.646	6914	0	199
2024.05.06	08:00:00	2322.643	2323.082	2317.278	2318.302	5512	0	199
2024.05.06	09:00:00	2318.306	2322.035	2315.579	2321.162	5064	0	199
2024.05.06	10:00:00	2321.111	2322.065	2318.707	2319.276	4747	0	199
2024.05.06	11:00:00	2319.307	2322.423	2315.941	2318.189	4820	0	199
2024.05.06	12:00:00	2318.132	2330.285	2314.506	2323.291	10306	0	199
2024.05.06	13:00:00	2323.261	2332.091	2321.594	2327.858	14739	0	199
2024.05.06	14:00:00	2327.902	2330.558	2318.912	2321.065	12445	0	199
2024.05.06	15:00:00	2321.002	2325.480	2319.472	2324.774	6260	0	199
2024.05.06	16:00:00	2324.731	2327.458	2317.659	2325.569	9233	0	199
2024.05.06	17:00:00	2325.587	2326.182	2320.964	2324.618	6111	0	199
2024.05.06	18:00:00	2324.656	2326.533	2324.297	2326.245	3925	0	199
2024.05.06	19:00:00	2326.300	2327.174	2323.521	2325.031	4007	0	199
2024.05.06	20:00:00	2324.993	2328.838	2323.575	2323.942	3571	0	199
2024.05.06	22:00:00	2324.803	2326.682	2324.188	2326.535	2002	0	599
2024.05.06	23:00:00	2326.482	2326.898	2322.186	2325.943	3157	0	199
2024.05.07	00:00:00	2325.955	2329.482	2325.503	2329.196	4424	0	199
2024.05.07	01:00:00	2329.240	2329.925	2322.440	2322.771	6716	0	199
2024.05.07	02:00:00	2322.789	2324.331	2319.604	2321.578	5411	0	199
2024.05.07	03:00:00	2321.551	2325.087	2321.163	2324.857	3934	0	199
2024.05.07	04:00:00	2324.885	2325.075	2321.324	2322.637	4044	0	199
2024.05.07	05:00:00	2322.642	2323.263	2320.245	2321.500	4789	0	199
2024.05.07	06:00:00	2321.499	2321.499	2318.331	2320.389	5008	0	199
2024.05.07	07:00:00	2320.438	2322.000	2317.679	2319.204	5209	0	199
2024.05.07	08:00:00	2319.254	2319.841	2311.641	2315.675	5617	0	199
2024.05.07	09:00:00	2315.628	2317.211	2312.668	2313.738	4759	0	199
2024.05.07	10:00:00	2313.746	2315.902	2312.171	2315.310	4500	0	199
2024.05.07	11:00:00	2315.351	2316.532	2312.080	2312.348	4560	0	199
2024.05.07	12:00:00	2312.343	2317.347	2309.906	2315.994	7563	0	199
2024.05.07	13:00:00	2315.954	2323.719	2315.291	2318.537	11036	0	199
2024.05.07	14:00:00	2318.538	2322.394	2312.320	2314.177	7997	0	199
2024.05.07	15:00:00	2314.215	2319.098	2312.731	2314.703	7682	0	199
2024.05.07	16:00:00	2314.754	2316.114	2312.397	2312.507	4893	0	199
2024.05.07	17:00:00	2312.557	2317.464	2311.033	2314.333	4946	0	199
2024.05.07	18:00:00	2314.283	2315.313	2312.931	2314.415	3939	0	199
2024.05.07	19:00:00	2314.456	2315.572	2311.792	2314.618	3947	0	199
2024.05.07	20:00:00	2314.634	2315.500	2312.707	2314.015	2404	0	199
2024.05.07	22:00:00	2314.110	2316.542	2313.866	2314.391	1648	0	599
2024.05.07	23:00:00	2314.392	2316.336	2314.177	2315.119	1948	0	199
2024.05.08	00:00:00	2315.167	2316.272	2313.746	2314.195	3973	0	199
2024.05.08	01:00:00	2314.193	2314.462	2306.785	2307.868	6126	0	199
2024.05.08	02:00:00	2307.830	2317.465	2307.292	2317.082	6011	0	199
2024.05.08	03:00:00	2317.087	2318.184	2315.385	2317.001	4389	0	199
2024.05.08	04:00:00	2317.000	2319.296	2316.794	2319.228	3382	0	199
2024.05.08	05:00:00	2319.222	2321.336	2317.649	2317.711	3968	0	199
2024.05.08	06:00:00	2317.709	2318.948	2313.559	2314.693	5315	0	199
2024.05.08	07:00:00	2314.644	2314.919	2305.269	2305.727	6028	0	199
2024.05.08	08:00:00	2305.691	2309.257	2303.584	2307.297	6751	0	199
2024.05.08	09:00:00	2307.295	2311.393	2306.918	2310.763	4899	0	199
2024.05.08	10:00:00	2310.807	2317.103	2310.658	2315.529	5054	0	199
2024.05.08	11:00:00	2315.516	2318.097	2312.890	2314.673	5720	0	199
2024.05.08	12:00:00	2314.646	2319.064	2313.338	2314.486	8455	0	199
2024.05.08	13:00:00	2314.462	2316.219	2306.721	2310.006	14856	0	199
2024.05.08	14:00:00	2310.063	2317.729	2309.009	2315.468	8513	0	199
2024.05.08	15:00:00	2315.465	2320.391	2312.644	2320.391	7352	0	199
2024.05.08	16:00:00	2320.422	2321.095	2315.817	2316.977	5179	0	199
2024.05.08	17:00:00	2316.992	2317.483	2313.665	2313.861	4489	0	199
2024.05.08	18:00:00	2313.831	2313.900	2311.403	2312.633	3482	0	199
2024.05.08	19:00:00	2312.681	2312.811	2307.860	2308.174	3907	0	199
2024.05.08	20:00:00	2308.231	2309.586	2307.812	2308.768	2633	0	199
2024.05.08	22:00:00	2308.447	2310.706	2308.298	2309.521	1660	0	599
2024.05.08	23:00:00	2309.551	2309.987	2307.911	2308.740	2280	0	199
2024.05.09	00:00:00	2308.733	2310.535	2307.764	2309.311	3274	0	199
2024.05.09	01:00:00	2309.381	2312.216	2308.773	2309.944	4523	0	199
2024.05.09	02:00:00	2309.898	2311.606	2307.852	2310.350	4167	0	199
2024.05.09	03:00:00	2310.326	2312.996	2309.323	2312.274	3619	0	199
2024.05.09	04:00:00	2312.273	2315.288	2311.845	2314.508	3680	0	199
2024.05.09	05:00:00	2314.512	2319.735	2314.441	2316.509	5336	0	199
2024.05.09	06:00:00	2316.469	2317.052	2313.693	2314.217	4783	0	199
2024.05.09	07:00:00	2314.273	2314.965	2307.406	2309.303	5368	0	199
2024.05.09	08:00:00	2309.268	2313.353	2308.995	2310.412	5071	0	199
2024.05.09	09:00:00	2310.352	2311.940	2306.455	2307.635	4181	0	199
2024.05.09	10:00:00	2307.601	2312.857	2307.284	2311.796	4628	0	199
2024.05.09	11:00:00	2311.768	2316.666	2311.008	2315.918	4887	0	199
2024.05.09	12:00:00	2315.915	2329.416	2314.585	2326.648	10005	0	199
2024.05.09	13:00:00	2326.691	2326.691	2312.072	2324.367	16689	0	199
2024.05.09	14:00:00	2324.317	2338.930	2323.242	2333.260	15546	0	199
2024.05.09	15:00:00	2333.312	2337.625	2328.110	2330.397	7865	0	199
2024.05.09	16:00:00	2330.432	2333.966	2329.503	2329.721	5083	0	199
2024.05.09	17:00:00	2329.746	2334.985	2329.093	2334.760	5236	0	199
2024.05.09	18:00:00	2334.761	2337.652	2333.821	2337.491	3797	0	199
2024.05.09	19:00:00	2337.537	2343.998	2335.560	2343.750	5557	0	199
2024.05.09	20:00:00	2343.697	2347.186	2343.116	2345.437	4463	0	199
2024.05.09	22:00:00	2346.036	2347.307	2344.915	2346.032	1874	0	599
2024.05.09	23:00:00	2346.034	2348.325	2345.846	2346.517	2529	0	199
2024.05.10	00:00:00	2346.560	2349.066	2345.925	2347.564	3827	0	199
2024.05.10	01:00:00	2347.612	2355.814	2347.353	2350.355	9640	0	199
2024.05.10	02:00:00	2350.298	2351.816	2347.116	2349.433	5524	0	199
2024.05.10	03:00:00	2349.438	2354.018	2349.061	2353.325	4533	0	199
2024.05.10	04:00:00	2353.383	2354.519	2351.170	2353.913	3297	0	199
2024.05.10	05:00:00	2353.908	2358.790	2353.679	2357.133	5516	0	199
2024.05.10	06:00:00	2357.059	2369.044	2356.005	2368.397	8372	0	199
2024.05.10	07:00:00	2368.356	2370.402	2364.697	2366.700	7231	0	199
2024.05.10	08:00:00	2366.733	2372.199	2365.831	2369.526	5966	0	199
2024.05.10	09:00:00	2369.571	2375.446	2369.571	2372.469	6396	0	199
2024.05.10	10:00:00	2372.482	2378.509	2371.597	2374.715	5768	0	199
2024.05.10	11:00:00	2374.717	2375.694	2371.053	2372.126	5942	0	199
2024.05.10	12:00:00	2372.130	2375.752	2361.654	2364.832	11477	0	199
2024.05.10	13:00:00	2364.846	2372.036	2360.111	2367.760	15187	0	199
2024.05.10	14:00:00	2367.708	2372.999	2357.737	2360.604	15126	0	199
2024.05.10	15:00:00	2360.572	2366.385	2356.536	2364.804	9291	0	199
2024.05.10	16:00:00	2364.779	2369.970	2361.663	2368.232	6416	0	199
2024.05.10	17:00:00	2368.285	2370.055	2366.808	2369.505	5723	0	199
2024.05.10	18:00:00	2369.555	2370.961	2366.584	2367.319	3971	0	199
2024.05.10	19:00:00	2367.276	2367.480	2362.180	2363.315	4479	0	199
2024.05.10	20:00:00	2363.366	2365.047	2359.695	2360.449	2981	0	199
2024.05.12	22:00:00	2361.401	2363.088	2360.037	2361.521	2605	0	199
2024.05.12	23:00:00	2361.514	2362.580	2359.722	2360.411	2684	0	199
2024.05.13	00:00:00	2360.447	2364.488	2359.867	2364.006	3741	0	199
2024.05.13	01:00:00	2363.982	2364.130	2354.774	2359.135	7361	0	199
2024.05.13	02:00:00	2359.144	2359.861	2357.599	2358.946	4556	0	199
2024.05.13	03:00:00	2358.989	2359.337	2356.230	2357.070	4061	0	199
2024.05.13	04:00:00	2357.070	2357.070	2354.010	2354.304	3306	0	199
2024.05.13	05:00:00	2354.279	2355.064	2351.172	2352.538	4474	0	199
2024.05.13	06:00:00	2352.598	2354.412	2347.352	2349.579	5960	0	199
2024.05.13	07:00:00	2349.566	2351.298	2346.438	2348.570	5198	0	199
2024.05.13	08:00:00	2348.523	2350.336	2341.579	2343.237	5747	0	199
2024.05.13	09:00:00	2343.305	2344.347	2339.029	2340.113	5374	0	199
2024.05.13	10:00:00	2340.071	2344.059	2339.246	2343.278	5181	0	199
2024.05.13	11:00:00	2343.270	2346.629	2338.364	2344.540	6891	0	199
2024.05.13	12:00:00	2344.476	2349.777	2343.603	2347.062	9541	0	199
2024.05.13	13:00:00	2347.006	2349.348	2340.301	2344.068	11228	0	199
2024.05.13	14:00:00	2344.012	2345.958	2340.736	2343.629	11376	0	199
2024.05.13	15:00:00	2343.692	2343.692	2332.029	2335.866	11092	0	199
2024.05.13	16:00:00	2335.884	2337.793	2334.640	2336.634	5975	0	199
2024.05.13	17:00:00	2336.681	2338.163	2334.424	2335.977	4877	0	199
2024.05.13	18:00:00	2335.997	2337.907	2335.745	2337.242	3865	0	199
2024.05.13	19:00:00	2337.290	2338.490	2335.837	2337.334	3506	0	199
2024.05.13	20:00:00	2337.375	2337.518	2335.220	2336.006	2032	0	199
2024.05.13	22:00:00	2336.444	2338.254	2336.320	2337.377	1365	0	599
2024.05.13	23:00:00	2337.382	2339.298	2337.303	2338.408	2167	0	199
2024.05.14	00:00:00	2338.390	2339.611	2334.734	2336.401	3342	0	199
2024.05.14	01:00:00	2336.342	2342.072	2336.342	2341.940	5643	0	199
2024.05.14	02:00:00	2341.974	2344.431	2340.094	2340.438	4787	0	199
2024.05.14	03:00:00	2340.475	2343.579	2339.951	2343.059	3624	0	199
2024.05.14	04:00:00	2343.077	2344.865	2342.542	2343.982	3076	0	199
2024.05.14	05:00:00	2344.014	2345.926	2342.623	2344.736	4618	0	199
2024.05.14	06:00:00	2344.679	2345.208	2336.832	2338.165	5942	0	199
2024.05.14	07:00:00	2338.115	2339.729	2336.081	2339.151	4902	0	199
2024.05.14	08:00:00	2339.111	2343.957	2337.713	2343.743	4977	0	199
2024.05.14	09:00:00	2343.742	2348.205	2343.650	2345.845	5305	0	199
2024.05.14	10:00:00	2345.840	2347.527	2342.619	2345.632	4796	0	200
2024.05.14	11:00:00	2345.616	2346.265	2342.422	2343.585	4680	0	199
2024.05.14	12:00:00	2343.614	2350.281	2336.519	2348.192	13078	0	199
2024.05.14	13:00:00	2348.199	2355.201	2344.857	2353.863	13832	0	199
2024.05.14	14:00:00	2353.810	2357.072	2348.046	2353.061	14048	0	199
2024.05.14	15:00:00	2353.019	2353.888	2347.196	2347.925	8314	0	199
2024.05.14	16:00:00	2347.881	2355.550	2346.291	2354.194	7198	0	199
2024.05.14	17:00:00	2354.143	2356.560	2351.931	2355.842	5012	0	199
2024.05.14	18:00:00	2355.796	2359.615	2355.656	2357.629	4174	0	199
2024.05.14	19:00:00	2357.629	2357.955	2354.965	2356.486	4140	0	199
2024.05.14	20:00:00	2356.520	2358.383	2356.049	2358.247	2140	0	199
2024.05.14	22:00:00	2357.051	2357.745	2356.034	2357.314	1492	0	599
2024.05.14	23:00:00	2357.244	2357.529	2355.047	2355.772	2431	0	200
2024.05.15	00:00:00	2355.771	2356.866	2354.840	2355.805	3297	0	199
2024.05.15	01:00:00	2355.823	2359.016	2354.873	2357.452	5378	0	199
2024.05.15	02:00:00	2357.507	2359.105	2356.566	2358.592	3981	0	199
2024.05.15	03:00:00	2358.580	2361.019	2357.706	2360.273	3906	0	199
2024.05.15	04:00:00	2360.296	2360.856	2356.120	2356.955	3764	0	199
2024.05.15	05:00:00	2356.947	2359.036	2355.642	2358.525	4141	0	199
2024.05.15	06:00:00	2358.529	2359.679	2356.830	2358.721	5212	0	199
2024.05.15	07:00:00	2358.717	2365.200	2358.425	2362.401	5610	0	199
2024.05.15	08:00:00	2362.440	2374.313	2362.383	2373.073	6582	0	199
2024.05.15	09:00:00	2373.131	2374.252	2368.195	2369.220	5208	0	199
2024.05.15	10:00:00	2369.268	2370.846	2365.214	2365.879	4557	0	199
2024.05.15	11:00:00	2365.836	2366.815	2361.980	2362.742	5189	0	199
2024.05.15	12:00:00	2362.743	2378.940	2358.334	2372.613	19876	0	199
2024.05.15	13:00:00	2372.589	2375.450	2351.746	2358.105	20905	0	199
2024.05.15	14:00:00	2358.051	2373.778	2353.776	2373.778	14386	0	199
2024.05.15	15:00:00	2373.770	2385.721	2372.977	2377.551	12671	0	199
2024.05.15	16:00:00	2377.591	2386.776	2377.047	2383.688	8562	0	199
2024.05.15	17:00:00	2383.721	2390.295	2383.457	2389.208	6540	0	199
2024.05.15	18:00:00	2389.205	2389.381	2383.563	2385.500	5091	0	199
2024.05.15	19:00:00	2385.448	2387.453	2383.807	2386.313	4675	0	199
2024.05.15	20:00:00	2386.283	2388.710	2385.860	2386.450	3299	0	199
2024.05.15	22:00:00	2385.385	2389.446	2385.281	2388.761	2249	0	599
2024.05.15	23:00:00	2388.703	2391.910	2388.703	2391.769	3791	0	200
2024.05.16	00:00:00	2391.764	2395.075	2390.217	2394.909	5020	0	199
2024.05.16	01:00:00	2394.910	2397.355	2389.521	2391.550	8764	0	199
2024.05.16	02:00:00	2391.518	2391.807	2386.546	2387.543	7275	0	199
2024.05.16	03:00:00	2387.490	2390.727	2386.580	2388.608	4761	0	199
2024.05.16	04:00:00	2388.636	2392.170	2387.002	2391.257	4112	0	199
2024.05.16	05:00:00	2391.277	2394.499	2390.112	2390.159	5079	0	199
2024.05.16	06:00:00	2390.215	2390.413	2386.389	2387.097	5841	0	199
2024.05.16	07:00:00	2387.133	2391.184	2384.606	2389.336	6255	0	199
2024.05.16	08:00:00	2389.313	2391.362	2385.326	2386.077	5433	0	199
2024.05.16	09:00:00	2386.034	2387.772	2383.587	2385.362	5041	0	199
2024.05.16	10:00:00	2385.367	2385.676	2380.797	2384.786	4682	0	199
2024.05.16	11:00:00	2384.833	2386.613	2381.485	2384.622	5165	0	199
2024.05.16	12:00:00	2384.671	2386.355	2377.812	2379.174	12197	0	199
2024.05.16	13:00:00	2379.121	2382.156	2371.625	2375.156	17554	0	199
2024.05.16	14:00:00	2375.098	2379.034	2370.885	2373.271	10209	0	199
2024.05.16	15:00:00	2373.319	2382.335	2373.099	2381.509	7043	0	199
2024.05.16	16:00:00	2381.564	2383.743	2379.133	2381.891	6081	0	199
2024.05.16	17:00:00	2381.941	2382.454	2379.819	2381.407	4632	0	199
2024.05.16	18:00:00	2381.378	2381.994	2378.347	2379.657	4104	0	199
2024.05.16	19:00:00	2379.646	2381.765	2377.704	2378.106	3950	0	199
2024.05.16	20:00:00	2378.153	2378.400	2375.839	2376.607	2512	0	199
2024.05.16	22:00:00	2377.550	2379.177	2377.281	2378.189	1705	0	599
2024.05.16	23:00:00	2378.220	2379.664	2377.726	2377.726	2166	0	199
2024.05.17	00:00:00	2377.720	2379.684	2377.473	2377.987	3633	0	199
2024.05.17	01:00:00	2377.996	2378.822	2376.055	2378.155	4946	0	199
2024.05.17	02:00:00	2378.203	2381.233	2373.931	2375.205	5046	0	199
2024.05.17	03:00:00	2375.238	2377.816	2374.662	2377.803	3656	0	199
2024.05.17	04:00:00	2377.809	2379.101	2376.584	2378.799	2870	0	199
2024.05.17	05:00:00	2378.810	2382.397	2378.508	2381.324	4882	0	199
2024.05.17	06:00:00	2381.281	2386.698	2380.863	2385.955	5457	0	199
2024.05.17	07:00:00	2386.002	2387.764	2382.843	2383.815	5399	0	199
2024.05.17	08:00:00	2383.874	2385.677	2381.299	2384.181	5169	0	199
2024.05.17	09:00:00	2384.173	2386.568	2381.601	2382.507	4425	0	199
2024.05.17	10:00:00	2382.466	2387.555	2381.782	2387.328	4438	0	199
2024.05.17	11:00:00	2387.378	2390.131	2385.759	2389.682	4795	0	199
2024.05.17	12:00:00	2389.644	2393.988	2386.798	2393.211	7597	0	199
2024.05.17	13:00:00	2393.248	2405.139	2393.248	2401.648	16920	0	199
2024.05.17	14:00:00	2401.603	2415.505	2398.751	2413.377	14395	0	199
2024.05.17	15:00:00	2413.328	2419.174	2403.528	2407.708	13024	0	199
2024.05.17	16:00:00	2407.739	2414.142	2407.642	2407.813	7429	0	199
2024.05.17	17:00:00	2407.775	2414.396	2405.731	2414.227	6674	0	199
2024.05.17	18:00:00	2414.256	2419.180	2413.285	2417.388	5421	0	199
2024.05.17	19:00:00	2417.352	2417.799	2411.480	2416.402	6103	0	199
2024.05.17	20:00:00	2416.451	2422.736	2413.418	2413.933	5382	0	199
2024.05.19	22:00:00	2425.202	2425.202	2416.731	2417.734	5566	0	199
2024.05.19	23:00:00	2417.756	2420.561	2417.123	2420.194	4673	0	199
2024.05.20	00:00:00	2420.206	2426.551	2416.452	2425.322	6458	0	199
2024.05.20	01:00:00	2425.321	2440.647	2425.321	2434.518	19379	0	199
2024.05.20	02:00:00	2434.575	2437.096	2428.736	2434.011	8405	0	199
2024.05.20	03:00:00	2433.964	2438.940	2430.901	2437.543	6825	0	199
2024.05.20	04:00:00	2437.543	2439.647	2435.137	2437.283	4912	0	199
2024.05.20	05:00:00	2437.298	2450.025	2436.929	2449.525	9113	0	199
2024.05.20	06:00:00	2449.561	2449.695	2431.756	2438.676	13489	0	199
2024.05.20	07:00:00	2438.674	2443.718	2435.491	2442.214	9153	0	199
2024.05.20	08:00:00	2442.235	2443.669	2436.817	2440.090	6656	0	199
2024.05.20	09:00:00	2440.045	2447.204	2438.674	2441.606	7254	0	199
2024.05.20	10:00:00	2441.657	2442.998	2434.576	2436.247	6424	0	199
2024.05.20	11:00:00	2436.279	2437.155	2427.604	2430.604	9331	0	199
2024.05.20	12:00:00	2430.572	2430.897	2407.265	2413.889	20833	0	199
2024.05.20	13:00:00	2413.872	2422.708	2410.355	2420.034	21698	0	199
2024.05.20	14:00:00	2420.098	2423.695	2414.752	2422.967	12280	0	199
2024.05.20	15:00:00	2423.035	2426.957	2419.375	2424.838	9919	0	199
2024.05.20	16:00:00	2424.814	2428.069	2422.441	2426.514	6427	0	199
2024.05.20	17:00:00	2426.535	2436.743	2425.641	2435.270	6712	0	199
2024.05.20	18:00:00	2435.227	2437.381	2431.852	2435.167	6268	0	199
2024.05.20	19:00:00	2435.218	2435.293	2426.036	2426.682	6464	0	199
2024.05.20	20:00:00	2426.734	2427.976	2423.279	2425.263	4635	0	199
2024.05.20	22:00:00	2427.372	2430.346	2426.169	2427.104	2289	0	599
2024.05.20	23:00:00	2427.193	2428.583	2425.106	2426.133	2980	0	200
2024.05.21	00:00:00	2426.135	2429.917	2424.300	2428.910	4586	0	199
2024.05.21	01:00:00	2428.916	2433.081	2419.568	2420.462	14290	0	199
2024.05.21	02:00:00	2420.407	2422.659	2411.442	2413.918	13560	0	199
2024.05.21	03:00:00	2413.893	2417.203	2406.037	2413.695	8112	0	199
2024.05.21	04:00:00	2413.685	2415.933	2410.597	2412.347	4977	0	199
2024.05.21	05:00:00	2412.342	2418.054	2412.082	2416.516	5839	0	199
2024.05.21	06:00:00	2416.564	2417.379	2409.615	2410.631	8056	0	199
2024.05.21	07:00:00	2410.598	2422.218	2408.498	2419.211	8417	0	199
2024.05.21	08:00:00	2419.267	2419.958	2414.306	2418.695	6630	0	199
2024.05.21	09:00:00	2418.646	2420.190	2412.094	2416.326	6433	0	199
2024.05.21	10:00:00	2416.301	2420.095	2414.771	2419.809	5292	0	199
2024.05.21	11:00:00	2419.738	2423.737	2417.276	2423.386	5698	0	199
2024.05.21	12:00:00	2423.411	2429.990	2422.347	2426.205	8695	0	199
2024.05.21	13:00:00	2426.256	2431.516	2420.425	2427.743	18326	0	199
2024.05.21	14:00:00	2427.750	2431.706	2425.312	2429.449	11133	0	199
2024.05.21	15:00:00	2429.503	2433.943	2419.970	2423.410	11926	0	199
2024.05.21	16:00:00	2423.345	2423.689	2417.958	2422.842	8681	0	199
2024.05.21	17:00:00	2422.891	2423.772	2418.501	2419.971	5917	0	199
2024.05.21	18:00:00	2419.920	2420.565	2417.292	2420.287	4514	0	199
2024.05.21	19:00:00	2420.342	2425.000	2419.886	2423.317	4142	0	199
2024.05.21	20:00:00	2423.305	2423.457	2420.319	2420.747	2378	0	199
2024.05.21	22:00:00	2420.730	2422.053	2420.590	2421.768	1515	0	599
2024.05.21	23:00:00	2421.775	2422.163	2421.201	2421.654	2311	0	199
2024.05.22	00:00:00	2421.659	2423.142	2420.304	2420.468	3425	0	199
2024.05.22	01:00:00	2420.509	2423.359	2419.281	2421.901	6418	0	199
2024.05.22	02:00:00	2421.952	2426.539	2415.875	2417.776	6442	0	199
2024.05.22	03:00:00	2417.725	2419.502	2412.541	2414.163	5927	0	199
2024.05.22	04:00:00	2414.164	2416.173	2412.030	2412.879	4235	0	199
2024.05.22	05:00:00	2412.848	2417.363	2411.368	2417.099	6071	0	199
2024.05.22	06:00:00	2417.049	2418.032	2413.720	2417.044	6131	0	199
2024.05.22	07:00:00	2416.988	2418.528	2412.279	2417.232	6211	0	199
2024.05.22	08:00:00	2417.199	2417.493	2410.585	2416.827	6131	0	199
2024.05.22	09:00:00	2416.852	2418.018	2414.362	2417.204	5273	0	199
2024.05.22	10:00:00	2417.251	2419.395	2414.227	2414.702	4583	0	199
2024.05.22	11:00:00	2414.667	2415.275	2404.681	2408.682	7978	0	199
2024.05.22	12:00:00	2408.711	2415.039	2408.711	2412.420	9668	0	199
2024.05.22	13:00:00	2412.381	2413.312	2405.800	2411.529	13122	0	199
2024.05.22	14:00:00	2411.499	2411.499	2382.134	2388.568	24090	0	199
2024.05.22	15:00:00	2388.507	2395.350	2386.507	2391.965	11717	0	199
2024.05.22	16:00:00	2391.922	2394.993	2389.416	2391.985	7423	0	199
2024.05.22	17:00:00	2391.992	2394.312	2386.737	2388.650	7108	0	199
2024.05.22	18:00:00	2388.483	2390.755	2374.935	2377.764	11813	0	199
2024.05.22	19:00:00	2377.736	2380.069	2376.829	2379.304	6486	0	199
2024.05.22	20:00:00	2379.265	2380.567	2377.281	2378.556	4052	0	199
2024.05.22	22:00:00	2378.371	2381.048	2378.185	2380.517	2307	0	599
2024.05.22	23:00:00	2380.561	2382.707	2380.338	2382.124	3004	0	199
2024.05.23	00:00:00	2382.156	2383.686	2378.846	2380.308	4511	0	199
2024.05.23	01:00:00	2380.318	2381.849	2366.748	2372.936	13913	0	199
2024.05.23	02:00:00	2372.916	2375.689	2368.150	2369.530	7112	0	199
2024.05.23	03:00:00	2369.479	2372.870	2367.838	2372.438	4751	0	199
2024.05.23	04:00:00	2372.421	2373.988	2371.438	2372.740	4053	0	199
2024.05.23	05:00:00	2372.790	2373.108	2358.256	2359.980	8349	0	199
2024.05.23	06:00:00	2360.013	2367.228	2354.914	2364.276	9164	0	199
2024.05.23	07:00:00	2364.218	2364.723	2355.118	2356.108	9066	0	199
2024.05.23	08:00:00	2356.056	2361.821	2355.073	2360.513	7081	0	199
2024.05.23	09:00:00	2360.461	2364.286	2358.794	2364.022	6147	0	199
2024.05.23	10:00:00	2364.069	2367.710	2363.520	2366.289	5448	0	199
2024.05.23	11:00:00	2366.312	2369.443	2365.584	2368.043	5900	0	199
2024.05.23	12:00:00	2367.998	2369.333	2360.686	2362.638	9688	0	199
2024.05.23	13:00:00	2362.681	2369.866	2350.609	2358.610	20166	0	199
2024.05.23	14:00:00	2358.566	2363.873	2341.441	2345.871	25338	0	199
2024.05.23	15:00:00	2345.901	2349.863	2340.314	2346.083	12458	0	199
2024.05.23	16:00:00	2346.044	2350.144	2339.952	2340.907	8172	0	199
2024.05.23	17:00:00	2340.921	2343.016	2331.823	2332.236	9594	0	199
2024.05.23	18:00:00	2332.184	2336.334	2331.726	2334.841	7106	0	199
2024.05.23	19:00:00	2334.798	2334.845	2330.910	2331.580	5083	0	199
2024.05.23	20:00:00	2331.622	2332.749	2326.845	2328.365	3607	0	199
2024.05.23	22:00:00	2328.610	2331.906	2328.436	2330.815	1927	0	599
2024.05.23	23:00:00	2330.820	2333.613	2330.441	2332.012	2912	0	199
2024.05.24	00:00:00	2332.015	2332.347	2327.414	2329.075	4145	0	199
2024.05.24	01:00:00	2329.026	2335.187	2326.569	2333.784	7886	0	199
2024.05.24	02:00:00	2333.817	2334.469	2325.351	2330.732	7971	0	199
2024.05.24	03:00:00	2330.722	2331.566	2328.466	2330.596	4430	0	199
2024.05.24	04:00:00	2330.589	2335.138	2330.415	2335.025	4047	0	199
2024.05.24	05:00:00	2334.976	2339.248	2333.180	2338.442	5304	0	199
2024.05.24	06:00:00	2338.488	2339.535	2335.234	2338.746	6306	0	199
2024.05.24	07:00:00	2338.702	2340.560	2336.907	2337.731	5454	0	199
2024.05.24	08:00:00	2337.686	2341.021	2336.032	2340.147	5335	0	199
2024.05.24	09:00:00	2340.136	2343.298	2337.440	2337.575	5186	0	199
2024.05.24	10:00:00	2337.579	2343.922	2336.944	2340.249	5342	0	199
2024.05.24	11:00:00	2340.295	2342.027	2337.732	2338.178	4966	0	199
2024.05.24	12:00:00	2338.177	2340.796	2335.738	2339.251	7836	0	199
2024.05.24	13:00:00	2339.198	2347.385	2336.786	2337.312	10062	0	199
2024.05.24	14:00:00	2337.229	2343.194	2335.407	2338.332	9782	0	199
2024.05.24	15:00:00	2338.390	2340.235	2332.350	2334.490	7802	0	199
2024.05.24	16:00:00	2334.523	2336.973	2332.787	2334.270	5426	0	199
2024.05.24	17:00:00	2334.244	2334.501	2331.889	2332.694	4738	0	199
2024.05.24	18:00:00	2332.670	2336.728	2332.486	2334.846	4051	0	199
2024.05.24	19:00:00	2334.848	2334.848	2331.792	2333.766	3780	0	199
2024.05.24	20:00:00	2333.806	2335.171	2333.307	2333.781	2359	0	199
2024.05.26	22:00:00	2335.785	2340.596	2332.184	2340.186	3732	0	199
2024.05.26	23:00:00	2340.165	2340.678	2336.541	2337.175	3053	0	199
2024.05.27	00:00:00	2337.186	2337.442	2334.360	2336.197	3721	0	199
2024.05.27	01:00:00	2336.149	2340.299	2334.523	2339.678	5843	0	199
2024.05.27	02:00:00	2339.674	2346.389	2338.719	2346.058	4718	0	199
2024.05.27	03:00:00	2346.055	2347.600	2343.632	2345.976	4781	0	199
2024.05.27	04:00:00	2345.973	2346.016	2340.984	2342.913	3674	0	199
2024.05.27	05:00:00	2342.913	2344.225	2340.310	2343.661	4592	0	199
2024.05.27	06:00:00	2343.619	2344.577	2341.237	2341.414	5358	0	199
2024.05.27	07:00:00	2341.425	2341.572	2338.110	2338.561	4467	0	199
2024.05.27	08:00:00	2338.606	2346.145	2338.159	2344.207	5402	0	199
2024.05.27	09:00:00	2344.238	2345.792	2342.966	2343.288	3865	0	199
2024.05.27	10:00:00	2343.336	2345.792	2342.390	2344.898	4056	0	199
2024.05.27	11:00:00	2344.896	2346.005	2343.153	2345.031	4877	0	199
2024.05.27	12:00:00	2345.076	2349.839	2343.675	2347.110	6973	0	199
2024.05.27	13:00:00	2347.135	2357.007	2344.619	2354.886	10858	0	199
2024.05.27	14:00:00	2354.937	2358.486	2354.081	2354.293	7170	0	199
2024.05.27	15:00:00	2354.268	2356.798	2352.184	2352.446	5755	0	199
2024.05.27	16:00:00	2352.398	2355.604	2352.122	2354.844	4177	0	199
2024.05.27	17:00:00	2354.891	2355.030	2353.396	2353.899	829	0	199
2024.05.27	22:00:00	2352.085	2353.657	2351.320	2351.908	1569	0	599
2024.05.27	23:00:00	2351.998	2352.782	2351.061	2352.373	2489	0	199
2024.05.28	00:00:00	2352.412	2353.545	2351.195	2351.763	3834	0	199
2024.05.28	01:00:00	2351.751	2356.324	2349.136	2354.744	7749	0	199
2024.05.28	02:00:00	2354.722	2355.829	2351.555	2354.137	4908	0	199
2024.05.28	03:00:00	2354.131	2354.486	2350.087	2350.860	4731	0	199
2024.05.28	04:00:00	2350.825	2352.047	2350.408	2350.988	3470	0	199
2024.05.28	05:00:00	2350.986	2353.668	2349.579	2350.403	4757	0	199
2024.05.28	06:00:00	2350.368	2350.368	2341.306	2341.791	9431	0	199
2024.05.28	07:00:00	2341.738	2344.961	2341.689	2344.008	6122	0	199
2024.05.28	08:00:00	2343.974	2345.046	2340.233	2344.818	5942	0	199
2024.05.28	09:00:00	2344.767	2345.138	2342.233	2343.824	4571	0	199
2024.05.28	10:00:00	2343.803	2346.294	2343.128	2345.622	4288	0	199
2024.05.28	11:00:00	2345.671	2348.434	2343.519	2347.408	4922	0	199
2024.05.28	12:00:00	2347.368	2357.066	2345.865	2353.179	9391	0	199
2024.05.28	13:00:00	2353.128	2364.078	2352.216	2354.954	16655	0	199
2024.05.28	14:00:00	2354.888	2356.832	2347.898	2355.308	13609	0	199
2024.05.28	15:00:00	2355.350	2362.074	2352.993	2360.241	9370	0	199
2024.05.28	16:00:00	2360.203	2362.203	2355.218	2356.697	6862	0	199
2024.05.28	17:00:00	2356.696	2360.030	2353.045	2356.867	7376	0	199
2024.05.28	18:00:00	2356.832	2357.785	2352.758	2357.040	5121	0	199
2024.05.28	19:00:00	2357.072	2360.189	2355.738	2358.155	4515	0	199
2024.05.28	20:00:00	2358.139	2361.243	2357.808	2361.243	3174	0	199
2024.05.28	22:00:00	2362.294	2362.294	2357.900	2358.962	1953	0	599
2024.05.28	23:00:00	2358.990	2360.830	2358.102	2359.685	3016	0	199
2024.05.29	00:00:00	2359.650	2361.031	2357.333	2357.894	3571	0	199
2024.05.29	01:00:00	2357.894	2359.481	2355.574	2356.463	6510	0	199
2024.05.29	02:00:00	2356.415	2360.845	2354.370	2355.660	5367	0	199
2024.05.29	03:00:00	2355.637	2359.085	2355.174	2358.126	5007	0	199
2024.05.29	04:00:00	2358.136	2358.972	2356.863	2358.269	3279	0	199
2024.05.29	05:00:00	2358.315	2361.361	2356.448	2356.801	6276	0	199
2024.05.29	06:00:00	2356.761	2356.761	2351.069	2355.765	6786	0	199
2024.05.29	07:00:00	2355.714	2356.140	2349.982	2350.473	5647	0	199
2024.05.29	08:00:00	2350.542	2351.728	2344.878	2345.538	6914	0	199
2024.05.29	09:00:00	2345.533	2346.149	2340.774	2345.681	6318	0	199
2024.05.29	10:00:00	2345.665	2347.216	2343.074	2346.399	4867	0	199
2024.05.29	11:00:00	2346.356	2346.962	2338.414	2341.662	5736	0	199
2024.05.29	12:00:00	2341.653	2343.766	2334.482	2337.590	8481	0	199
2024.05.29	13:00:00	2337.626	2347.222	2335.830	2345.612	13139	0	199
2024.05.29	14:00:00	2345.643	2346.467	2341.401	2343.432	9189	0	199
2024.05.29	15:00:00	2343.474	2343.709	2336.731	2339.149	7085	0	199
2024.05.29	16:00:00	2339.141	2341.921	2336.005	2341.921	5349	0	199
2024.05.29	17:00:00	2341.858	2344.257	2339.322	2343.605	4996	0	199
2024.05.29	18:00:00	2343.613	2344.290	2337.913	2338.201	4105	0	199
2024.05.29	19:00:00	2338.246	2339.284	2336.317	2336.746	4012	0	199
2024.05.29	20:00:00	2336.776	2338.689	2335.842	2338.414	3193	0	199
2024.05.29	22:00:00	2337.915	2338.885	2337.048	2337.508	1996	0	599
2024.05.29	23:00:00	2337.510	2339.097	2337.510	2338.364	2871	0	199
2024.05.30	00:00:00	2338.378	2338.378	2333.946	2336.861	4687	0	199
2024.05.30	01:00:00	2336.918	2339.887	2332.800	2334.078	7880	0	199
2024.05.30	02:00:00	2334.030	2336.549	2328.020	2330.862	7944	0	199
2024.05.30	03:00:00	2330.817	2335.040	2329.149	2334.311	6108	0	199
2024.05.30	04:00:00	2334.264	2337.094	2334.030	2335.266	4438	0	199
2024.05.30	05:00:00	2335.230	2335.785	2322.527	2324.963	8100	0	199
2024.05.30	06:00:00	2324.930	2333.031	2323.925	2332.912	7623	0	199
2024.05.30	07:00:00	2332.811	2337.695	2332.255	2334.336	6748	0	199
2024.05.30	08:00:00	2334.370	2335.788	2331.828	2334.997	6365	0	199
2024.05.30	09:00:00	2335.049	2338.010	2331.627	2333.107	6235	0	199
2024.05.30	10:00:00	2333.164	2340.945	2330.547	2340.603	5452	0	199
2024.05.30	11:00:00	2340.532	2340.603	2335.243	2335.831	6370	0	199
2024.05.30	12:00:00	2335.801	2345.232	2331.929	2341.350	13129	0	199
2024.05.30	13:00:00	2341.307	2348.631	2339.762	2348.631	14778	0	199
2024.05.30	14:00:00	2348.704	2351.847	2342.715	2344.066	12845	0	199
2024.05.30	15:00:00	2344.072	2345.740	2341.725	2343.804	8119	0	199
2024.05.30	16:00:00	2343.835	2347.994	2340.859	2347.771	5950	0	199
2024.05.30	17:00:00	2347.837	2348.793	2342.847	2344.400	5179	0	199
2024.05.30	18:00:00	2344.400	2344.547	2341.205	2342.603	4497	0	199
2024.05.30	19:00:00	2342.553	2342.572	2339.831	2341.567	4537	0	199
2024.05.30	20:00:00	2341.515	2343.535	2341.440	2343.147	2657	0	200
2024.05.30	22:00:00	2343.994	2344.590	2341.853	2343.905	2585	0	599
2024.05.30	23:00:00	2343.913	2346.391	2343.111	2343.907	3154	0	199
2024.05.31	00:00:00	2343.921	2347.511	2342.501	2346.319	4104	0	199
2024.05.31	01:00:00	2346.366	2347.639	2343.082	2346.547	7169	0	199
2024.05.31	02:00:00	2346.545	2347.686	2342.295	2342.508	5075	0	199
2024.05.31	03:00:00	2342.545	2343.704	2336.931	2343.688	6199	0	199
2024.05.31	04:00:00	2343.677	2345.545	2340.963	2344.002	4455	0	199
2024.05.31	05:00:00	2344.011	2344.841	2341.663	2342.360	4987	0	199
2024.05.31	06:00:00	2342.302	2347.032	2341.924	2345.908	5394	0	199
2024.05.31	07:00:00	2345.855	2345.855	2339.901	2340.362	5422	0	199
2024.05.31	08:00:00	2340.337	2343.841	2339.654	2343.213	5092	0	199
2024.05.31	09:00:00	2343.206	2344.440	2340.985	2342.076	4787	0	199
2024.05.31	10:00:00	2342.035	2344.546	2341.522	2343.982	4102	0	199
2024.05.31	11:00:00	2343.978	2344.949	2342.585	2343.784	4696	0	199
2024.05.31	12:00:00	2343.739	2356.816	2342.407	2354.748	11420	0	199
2024.05.31	13:00:00	2354.736	2359.724	2343.163	2348.112	14511	0	199
2024.05.31	14:00:00	2348.167	2349.024	2334.124	2335.229	17486	0	199
2024.05.31	15:00:00	2335.179	2336.121	2327.639	2330.027	15599	0	199
2024.05.31	16:00:00	2329.978	2336.694	2329.665	2332.911	8728	0	199
2024.05.31	17:00:00	2332.846	2333.744	2323.852	2325.937	9149	0	199
2024.05.31	18:00:00	2325.986	2327.187	2322.269	2322.924	5537	0	199
2024.05.31	19:00:00	2322.923	2328.253	2320.529	2327.644	6017	0	199
2024.05.31	20:00:00	2327.686	2330.548	2326.992	2327.191	4103	0	199
2024.06.02	22:00:00	2328.496	2328.760	2323.339	2326.368	3553	0	199
2024.06.02	23:00:00	2326.364	2326.799	2324.006	2325.937	3064	0	199
2024.06.03	00:00:00	2325.967	2327.471	2323.956	2327.038	4062	0	199
2024.06.03	01:00:00	2327.097	2331.112	2326.139	2330.709	6598	0	199
2024.06.03	02:00:00	2330.694	2330.947	2325.550	2326.315	4930	0	199
2024.06.03	03:00:00	2326.262	2328.150	2320.846	2321.394	5502	0	199
2024.06.03	04:00:00	2321.441	2322.499	2319.965	2321.370	3990	0	199
2024.06.03	05:00:00	2321.350	2323.670	2315.314	2320.147	6918	0	199
2024.06.03	06:00:00	2320.125	2322.794	2314.667	2322.344	7927	0	199
2024.06.03	07:00:00	2322.307	2328.854	2322.160	2325.955	6357	0	199
2024.06.03	08:00:00	2325.920	2328.498	2324.704	2325.498	5776	0	199
2024.06.03	09:00:00	2325.510	2328.725	2324.297	2327.727	4962	0	199
2024.06.03	10:00:00	2327.725	2333.311	2326.193	2330.714	5953	0	199
2024.06.03	11:00:00	2330.689	2332.393	2328.913	2329.976	5259	0	199
2024.06.03	12:00:00	2329.995	2334.373	2325.658	2333.977	7328	0	199
2024.06.03	13:00:00	2333.936	2336.716	2329.821	2333.661	11688	0	199
2024.06.03	14:00:00	2333.451	2345.699	2333.451	2341.713	16194	0	199
2024.06.03	15:00:00	2341.653	2344.215	2335.419	2342.815	9821	0	199
2024.06.03	16:00:00	2342.781	2350.258	2341.348	2349.131	7016	0	199
2024.06.03	17:00:00	2349.079	2354.746	2345.995	2348.425	7519	0	199
2024.06.03	18:00:00	2348.379	2349.436	2346.481	2348.169	5103	0	199
2024.06.03	19:00:00	2348.216	2349.027	2344.683	2347.609	4317	0	199
2024.06.03	20:00:00	2347.654	2351.100	2346.893	2350.813	2749	0	200
2024.06.03	22:00:00	2351.660	2351.763	2349.879	2350.491	1674	0	599
2024.06.03	23:00:00	2350.558	2351.119	2349.712	2350.629	2438	0	199
2024.06.04	00:00:00	2350.641	2352.799	2350.102	2350.667	3478	0	199
2024.06.04	01:00:00	2350.647	2352.312	2343.112	2347.104	6215	0	199
2024.06.04	02:00:00	2347.078	2349.583	2345.637	2346.842	4635	0	199
2024.06.04	03:00:00	2346.808	2347.004	2344.111	2345.748	4175	0	199
2024.06.04	04:00:00	2345.694	2349.859	2345.099	2349.267	3518	0	199
2024.06.04	05:00:00	2349.217	2349.623	2347.265	2347.725	4294	0	199
2024.06.04	06:00:00	2347.678	2351.804	2344.281	2344.519	6009	0	199
2024.06.04	07:00:00	2344.499	2345.129	2339.052	2339.732	6087	0	199
2024.06.04	08:00:00	2339.678	2339.789	2332.192	2333.324	8482	0	199
2024.06.04	09:00:00	2333.369	2334.194	2326.685	2329.860	8647	0	199
2024.06.04	10:00:00	2329.907	2334.812	2328.841	2329.163	6198	0	199
2024.06.04	11:00:00	2329.212	2329.793	2325.238	2327.917	6509	0	199
2024.06.04	12:00:00	2327.884	2335.991	2326.627	2335.076	8570	0	199
2024.06.04	13:00:00	2335.125	2337.922	2322.037	2324.225	14143	0	199
2024.06.04	14:00:00	2324.323	2332.486	2315.520	2317.620	19125	0	199
2024.06.04	15:00:00	2317.651	2328.773	2317.390	2326.070	9731	0	199
2024.06.04	16:00:00	2326.071	2329.663	2322.505	2323.863	6994	0	199
2024.06.04	17:00:00	2323.912	2330.320	2323.692	2328.754	6148	0	199
2024.06.04	18:00:00	2328.699	2329.741	2326.023	2328.239	4657	0	199
2024.06.04	19:00:00	2328.199	2328.352	2325.983	2327.312	3960	0	199
2024.06.04	20:00:00	2327.355	2327.659	2325.977	2327.058	2373	0	200
2024.06.04	22:00:00	2327.612	2328.119	2327.256	2327.563	1288	0	599
2024.06.04	23:00:00	2327.566	2328.898	2327.554	2328.786	2131	0	199
2024.06.05	00:00:00	2328.790	2329.663	2327.718	2328.133	3347	0	199
2024.06.05	01:00:00	2328.182	2330.914	2325.827	2330.436	5058	0	199
2024.06.05	02:00:00	2330.448	2333.516	2329.877	2333.310	4493	0	199
2024.06.05	03:00:00	2333.266	2337.918	2332.952	2337.121	4445	0	199
2024.06.05	04:00:00	2337.172	2338.218	2335.823	2337.962	3411	0	199
2024.06.05	05:00:00	2337.958	2341.647	2337.330	2337.330	4965	0	199
2024.06.05	06:00:00	2337.330	2338.380	2328.068	2332.702	6531	0	199
2024.06.05	07:00:00	2332.716	2333.706	2329.093	2331.587	5644	0	199
2024.06.05	08:00:00	2331.583	2335.095	2331.299	2332.538	5148	0	199
2024.06.05	09:00:00	2332.588	2333.921	2330.965	2332.303	5222	0	199
2024.06.05	10:00:00	2332.241	2335.530	2329.443	2333.748	5576	0	199
2024.06.05	11:00:00	2333.698	2335.514	2331.008	2332.512	4998	0	199
2024.06.05	12:00:00	2332.568	2344.079	2332.184	2342.163	10000	0	199
2024.06.05	13:00:00	2342.112	2345.942	2338.119	2345.723	12444	0	199
2024.06.05	14:00:00	2345.755	2350.311	2334.025	2348.880	18851	0	199
2024.06.05	15:00:00	2348.936	2357.389	2348.936	2353.649	10164	0	199
2024.06.05	16:00:00	2353.644	2354.997	2351.371	2352.542	6192	0	199
2024.06.05	17:00:00	2352.593	2355.714	2351.670	2355.029	4856	0	199
2024.06.05	18:00:00	2354.987	2356.736	2353.435	2355.769	4294	0	199
2024.06.05	19:00:00	2355.767	2356.071	2352.616	2353.929	4030	0	199
2024.06.05	20:00:00	2353.971	2355.218	2352.756	2355.147	2661	0	199
2024.06.05	22:00:00	2356.891	2356.891	2354.888	2356.609	1850	0	599
2024.06.05	23:00:00	2356.598	2357.530	2354.752	2355.012	2222	0	199
2024.06.06	00:00:00	2355.008	2355.980	2354.494	2355.736	2906	0	200
2024.06.06	01:00:00	2355.685	2373.327	2355.544	2367.451	10944	0	199
2024.06.06	02:00:00	2367.465	2374.647	2365.098	2374.310	6689	0	199
2024.06.06	03:00:00	2374.350	2374.958	2367.592	2368.446	4996	0	199
2024.06.06	04:00:00	2368.444	2370.539	2366.851	2369.380	3583	0	199
2024.06.06	05:00:00	2369.377	2371.402	2366.321	2367.698	4598	0	199
2024.06.06	06:00:00	2367.720	2367.958	2363.128	2367.042	5179	0	199
2024.06.06	07:00:00	2366.997	2368.405	2362.133	2362.906	5056	0	199
2024.06.06	08:00:00	2362.899	2363.182	2359.756	2362.863	4626	0	199
2024.06.06	09:00:00	2362.905	2363.890	2358.506	2361.552	4522	0	199
2024.06.06	10:00:00	2361.562	2361.924	2359.429	2360.986	3840	0	199
2024.06.06	11:00:00	2361.013	2361.961	2359.122	2359.761	4113	0	199
2024.06.06	12:00:00	2359.742	2365.181	2355.212	2357.532	10878	0	199
2024.06.06	13:00:00	2357.585	2366.955	2353.344	2360.620	16834	0	199
2024.06.06	14:00:00	2360.620	2366.348	2358.395	2364.192	10300	0	199
2024.06.06	15:00:00	2364.159	2378.522	2364.065	2374.226	9876	0	199
2024.06.06	16:00:00	2374.209	2376.934	2370.307	2372.857	7893	0	199
2024.06.06	17:00:00	2372.883	2373.996	2370.630	2373.075	5372	0	199
2024.06.06	18:00:00	2373.085	2373.654	2368.971	2372.056	4784	0	199
2024.06.06	19:00:00	2372.037	2375.448	2371.175	2372.497	4292	0	199
2024.06.06	20:00:00	2372.472	2376.098	2372.282	2375.753	2808	0	199
2024.06.06	22:00:00	2376.652	2377.134	2375.592	2376.945	1604	0	200
2024.06.06	23:00:00	2376.949	2378.124	2376.235	2376.730	2159	0	199
2024.06.07	00:00:00	2376.735	2379.244	2376.007	2378.424	3865	0	199
2024.06.07	01:00:00	2378.413	2379.964	2370.141	2370.927	7127	0	199
2024.06.07	02:00:00	2370.963	2378.260	2369.374	2376.536	6009	0	199
2024.06.07	03:00:00	2376.572	2381.969	2375.131	2380.117	4728	0	199
2024.06.07	04:00:00	2380.119	2387.482	2379.221	2386.546	4178	0	199
2024.06.07	05:00:00	2386.566	2387.696	2375.010	2375.946	7147	0	199
2024.06.07	06:00:00	2375.906	2377.754	2372.849	2375.404	6490	0	199
2024.06.07	07:00:00	2375.373	2379.279	2372.746	2373.583	5368	0	199
2024.06.07	08:00:00	2373.536	2373.930	2342.505	2347.262	18345	0	199
2024.06.07	09:00:00	2347.306	2347.949	2337.372	2339.282	9296	0	199
2024.06.07	10:00:00	2339.266	2339.266	2331.939	2333.613	7218	0	199
2024.06.07	11:00:00	2333.572	2339.308	2330.873	2336.495	8190	0	199
2024.06.07	12:00:00	2336.487	2339.308	2313.197	2319.262	23169	0	199
2024.06.07	13:00:00	2319.225	2328.038	2304.939	2309.407	21858	0	199
2024.06.07	14:00:00	2309.454	2321.117	2307.520	2313.248	16389	0	199
2024.06.07	15:00:00	2313.217	2315.487	2304.418	2304.975	11507	0	199
2024.06.07	16:00:00	2305.019	2314.505	2302.941	2311.576	9254	0	199
2024.06.07	17:00:00	2311.624	2312.374	2303.681	2305.472	7143	0	199
2024.06.07	18:00:00	2305.511	2307.119	2299.893	2301.405	6023	0	199
2024.06.07	19:00:00	2301.437	2301.441	2287.539	2288.266	7892	0	199
2024.06.07	20:00:00	2288.305	2294.327	2286.726	2293.801	5429	0	199
2024.06.09	22:00:00	2290.432	2298.435	2290.380	2297.427	3684	0	199
2024.06.09	23:00:00	2297.383	2300.041	2296.434	2298.479	3488	0	199
2024.06.10	00:00:00	2298.480	2299.859	2294.129	2296.991	4227	0	199
2024.06.10	01:00:00	2296.949	2297.970	2293.904	2297.630	4201	0	199
2024.06.10	02:00:00	2297.583	2301.383	2295.493	2296.222	5021	0	199
2024.06.10	03:00:00	2296.254	2297.735	2294.822	2295.329	3863	0	199
2024.06.10	04:00:00	2295.287	2295.824	2292.702	2294.780	4086	0	199
2024.06.10	05:00:00	2294.793	2297.258	2292.122	2295.650	4843	0	199
2024.06.10	06:00:00	2295.698	2296.545	2287.707	2291.202	6778	0	199
2024.06.10	07:00:00	2291.241	2297.243	2290.428	2296.475	6806	0	199
2024.06.10	08:00:00	2296.523	2297.566	2292.414	2292.627	5679	0	199
2024.06.10	09:00:00	2292.602	2297.483	2291.807	2295.303	5193	0	199
2024.06.10	10:00:00	2295.329	2298.781	2295.281	2298.436	4990	0	199
2024.06.10	11:00:00	2298.480	2305.293	2297.832	2305.044	5936	0	199
2024.06.10	12:00:00	2304.994	2308.719	2303.141	2306.094	8071	0	199
2024.06.10	13:00:00	2306.143	2307.792	2300.357	2305.567	9041	0	199
2024.06.10	14:00:00	2305.611	2307.224	2301.705	2302.692	8516	0	199
2024.06.10	15:00:00	2302.742	2308.635	2301.259	2307.300	6573	0	199
2024.06.10	16:00:00	2307.345	2313.761	2306.930	2312.923	6501	0	199
2024.06.10	17:00:00	2312.918	2313.367	2309.063	2311.831	4906	0	199
2024.06.10	18:00:00	2311.816	2312.011	2309.876	2310.879	4021	0	199
2024.06.10	19:00:00	2310.907	2312.277	2308.629	2308.734	3920	0	199
2024.06.10	20:00:00	2308.786	2310.947	2308.477	2310.782	2315	0	199
2024.06.10	22:00:00	2311.889	2312.144	2309.699	2309.741	2188	0	199
2024.06.10	23:00:00	2309.757	2310.584	2308.751	2309.947	2315	0	199
2024.06.11	00:00:00	2309.929	2311.952	2309.030	2310.866	3266	0	199
2024.06.11	01:00:00	2310.812	2310.812	2301.594	2302.838	10182	0	199
2024.06.11	02:00:00	2302.805	2303.675	2298.776	2301.868	7388	0	199
2024.06.11	03:00:00	2301.838	2304.439	2300.755	2303.733	4497	0	199
2024.06.11	04:00:00	2303.686	2303.932	2301.411	2303.571	3304	0	199
2024.06.11	05:00:00	2303.521	2304.398	2297.625	2299.595	4711	0	199
2024.06.11	06:00:00	2299.570	2304.625	2298.656	2302.072	5235	0	199
2024.06.11	07:00:00	2302.023	2305.434	2301.660	2304.485	5295	0	199
2024.06.11	08:00:00	2304.517	2307.754	2303.211	2306.019	5464	0	199
2024.06.11	09:00:00	2306.004	2307.350	2301.519	2306.328	5335	0	199
2024.06.11	10:00:00	2306.377	2308.859	2305.213	2307.829	4813	0	199
2024.06.11	11:00:00	2307.864	2308.263	2305.422	2307.639	4947	0	199
2024.06.11	12:00:00	2307.607	2319.950	2307.538	2317.954	8439	0	199
2024.06.11	13:00:00	2317.974	2319.604	2309.224	2314.672	16223	0	199
2024.06.11	14:00:00	2314.713	2317.780	2312.411	2314.705	8932	0	199
2024.06.11	15:00:00	2314.759	2315.953	2309.929	2310.126	6962	0	199
2024.06.11	16:00:00	2310.171	2312.354	2305.788	2308.470	5909	0	199
2024.06.11	17:00:00	2308.518	2313.432	2307.822	2312.702	5700	0	199
2024.06.11	18:00:00	2312.732	2315.725	2312.084	2313.717	4262	0	199
2024.06.11	19:00:00	2313.765	2315.666	2312.424	2315.310	3872	0	199
2024.06.11	20:00:00	2315.351	2316.873	2314.734	2316.636	2482	0	199
2024.06.11	22:00:00	2316.526	2317.593	2315.130	2316.790	2060	0	200
2024.06.11	23:00:00	2316.865	2317.440	2313.854	2315.071	2827	0	199
2024.06.12	00:00:00	2315.056	2315.632	2313.366	2313.797	3019	0	199
2024.06.12	01:00:00	2313.795	2315.163	2310.790	2314.421	5679	0	199
2024.06.12	02:00:00	2314.433	2315.493	2310.675	2313.642	5283	0	199
2024.06.12	03:00:00	2313.589	2316.734	2313.537	2314.025	3578	0	199
2024.06.12	04:00:00	2314.030	2314.376	2312.370	2312.705	2834	0	199
2024.06.12	05:00:00	2312.726	2315.343	2312.372	2314.949	3784	0	199
2024.06.12	06:00:00	2314.968	2317.775	2313.792	2314.880	4925	0	199
2024.06.12	07:00:00	2314.833	2315.464	2311.156	2314.479	4424	0	199
2024.06.12	08:00:00	2314.518	2315.699	2310.770	2312.816	4435	0	199
2024.06.12	09:00:00	2312.775	2315.383	2312.166	2314.006	4475	0	199
2024.06.12	10:00:00	2313.956	2314.740	2312.133	2313.349	3995	0	199
2024.06.12	11:00:00	2313.297	2314.767	2312.215	2312.848	5253	0	199
2024.06.12	12:00:00	2312.864	2337.668	2311.557	2335.919	16211	0	199
2024.06.12	13:00:00	2335.874	2341.624	2324.941	2329.787	22704	0	199
2024.06.12	14:00:00	2329.774	2329.951	2320.036	2325.229	11894	0	199
2024.06.12	15:00:00	2325.287	2337.127	2324.649	2335.542	10816	0	199
2024.06.12	16:00:00	2335.552	2338.188	2333.128	2337.635	7883	0	199
2024.06.12	17:00:00	2337.688	2339.545	2332.795	2335.260	6157	0	199
2024.06.12	18:00:00	2335.292	2335.292	2319.330	2322.696	26789	0	199
2024.06.12	19:00:00	2322.728	2324.635	2315.811	2321.213	9847	0	199
2024.06.12	20:00:00	2321.263	2324.713	2320.256	2324.395	3604	0	199
2024.06.12	22:00:00	2324.700	2325.350	2321.657	2321.944	2352	0	199
2024.06.12	23:00:00	2321.913	2322.386	2320.097	2320.550	2633	0	200
2024.06.13	00:00:00	2320.569	2322.952	2317.562	2320.729	3855	0	200
2024.06.13	01:00:00	2320.775	2321.546	2308.044	2312.615	10085	0	199
2024.06.13	02:00:00	2312.655	2316.125	2310.645	2314.151	5309	0	199
2024.06.13	03:00:00	2314.130	2316.324	2312.544	2314.248	4396	0	199
2024.06.13	04:00:00	2314.239	2314.842	2309.312	2311.773	3648	0	199
2024.06.13	05:00:00	2311.777	2312.226	2308.939	2311.613	4391	0	199
2024.06.13	06:00:00	2311.563	2316.109	2311.149	2315.632	5174	0	199
2024.06.13	07:00:00	2315.586	2318.544	2313.298	2317.015	5358	0	199
2024.06.13	08:00:00	2317.061	2317.201	2313.905	2315.556	4661	0	199
2024.06.13	09:00:00	2315.538	2318.433	2313.361	2315.447	4628	0	199
2024.06.13	10:00:00	2315.397	2319.962	2315.247	2316.287	4586	0	199
2024.06.13	11:00:00	2316.334	2316.692	2303.910	2307.025	7007	0	199
2024.06.13	12:00:00	2307.073	2326.755	2305.512	2323.305	14747	0	199
2024.06.13	13:00:00	2323.262	2324.740	2308.351	2310.739	13388	0	199
2024.06.13	14:00:00	2310.700	2314.443	2305.605	2313.508	12325	0	199
2024.06.13	15:00:00	2313.563	2317.038	2297.746	2298.992	13397	0	199
2024.06.13	16:00:00	2298.938	2300.330	2295.463	2299.241	8586	0	199
2024.06.13	17:00:00	2299.282	2304.409	2299.050	2301.444	6365	0	199
2024.06.13	18:00:00	2301.431	2303.958	2300.031	2302.970	4152	0	199
2024.06.13	19:00:00	2302.966	2304.886	2302.686	2303.413	3996	0	199
2024.06.13	20:00:00	2303.464	2304.322	2302.894	2303.847	2185	0	199
2024.06.13	22:00:00	2303.326	2304.117	2302.872	2302.886	1673	0	199
2024.06.13	23:00:00	2302.920	2303.268	2301.720	2302.336	1989	0	199
2024.06.14	00:00:00	2302.383	2305.729	2301.499	2304.884	3309	0	200
2024.06.14	01:00:00	2304.888	2307.179	2303.031	2305.967	5224	0	199
2024.06.14	02:00:00	2305.918	2307.040	2304.214	2306.590	4408	0	199
2024.06.14	03:00:00	2306.587	2308.605	2304.988	2305.462	4667	0	199
2024.06.14	04:00:00	2305.415	2306.097	2303.447	2305.864	3617	0	199
2024.06.14	05:00:00	2305.868	2311.655	2305.493	2309.880	4571	0	199
2024.06.14	06:00:00	2309.825	2312.778	2307.440	2312.613	5659	0	199
2024.06.14	07:00:00	2312.564	2316.736	2309.358	2315.226	6363	0	199
2024.06.14	08:00:00	2315.184	2321.652	2314.724	2317.349	6279	0	199
2024.06.14	09:00:00	2317.382	2322.704	2315.220	2322.656	5720	0	199
2024.06.14	10:00:00	2322.592	2332.670	2320.921	2330.491	7819	0	199
2024.06.14	11:00:00	2330.444	2336.560	2325.998	2332.009	8057	0	199
2024.06.14	12:00:00	2332.046	2333.408	2327.214	2330.314	9540	0	199
2024.06.14	13:00:00	2330.285	2332.868	2324.141	2330.406	11715	0	199
2024.06.14	14:00:00	2330.393	2335.463	2327.937	2330.158	10828	0	199
2024.06.14	15:00:00	2330.056	2332.176	2324.004	2326.087	7136	0	199
2024.06.14	16:00:00	2326.134	2331.897	2325.353	2328.790	6422	0	199
2024.06.14	17:00:00	2328.840	2335.567	2328.478	2334.088	5220	0	199
2024.06.14	18:00:00	2334.085	2335.084	2332.193	2334.563	4147	0	199
2024.06.14	19:00:00	2334.531	2335.378	2332.136	2332.452	4100	0	200
2024.06.14	20:00:00	2332.506	2333.064	2330.916	2332.826	2569	0	199
2024.06.16	22:00:00	2331.087	2331.481	2327.555	2328.798	1897	0	199
2024.06.16	23:00:00	2328.858	2329.672	2327.411	2328.874	2487	0	199
2024.06.17	00:00:00	2328.918	2328.918	2325.223	2326.417	3905	0	199
2024.06.17	01:00:00	2326.396	2328.947	2322.740	2326.257	6437	0	199
2024.06.17	02:00:00	2326.212	2326.212	2321.480	2322.655	5050	0	199
2024.06.17	03:00:00	2322.606	2325.208	2321.660	2324.309	4039	0	199
2024.06.17	04:00:00	2324.307	2326.225	2322.629	2323.692	3338	0	199
2024.06.17	05:00:00	2323.676	2323.676	2317.705	2318.553	4919	0	200
2024.06.17	06:00:00	2318.510	2319.230	2315.446	2317.366	5235	0	199
2024.06.17	07:00:00	2317.336	2320.121	2315.512	2316.993	4807	0	199
2024.06.17	08:00:00	2316.962	2322.275	2316.408	2321.280	4815	0	199
2024.06.17	09:00:00	2321.295	2322.585	2319.203	2320.061	4464	0	199
2024.06.17	10:00:00	2320.033	2322.542	2319.519	2320.460	4070	0	199
2024.06.17	11:00:00	2320.475	2321.926	2317.551	2318.185	4844	0	199
2024.06.17	12:00:00	2318.230	2321.093	2316.766	2319.567	6024	0	199
2024.06.17	13:00:00	2319.533	2326.284	2318.730	2320.982	8555	0	199
2024.06.17	14:00:00	2320.933	2327.611	2318.309	2324.476	7281	0	199
2024.06.17	15:00:00	2324.523	2325.502	2309.953	2312.494	8817	0	199
2024.06.17	16:00:00	2312.537	2317.025	2312.537	2316.843	5362	0	199
2024.06.17	17:00:00	2316.837	2318.343	2313.203	2316.630	4579	0	199
2024.06.17	18:00:00	2316.666	2319.238	2316.085	2317.848	4076	0	199
2024.06.17	19:00:00	2317.858	2320.564	2317.794	2320.139	3935	0	199
2024.06.17	20:00:00	2320.184	2320.766	2318.415	2319.013	2137	0	199
2024.06.17	22:00:00	2320.134	2321.197	2319.694	2320.968	1497	0	200
2024.06.17	23:00:00	2321.008	2321.227	2319.148	2320.645	2080	0	200
2024.06.18	00:00:00	2320.634	2325.530	2320.634	2324.096	3917	0	199
2024.06.18	01:00:00	2324.083	2325.445	2319.192	2322.544	5272	0	199
2024.06.18	02:00:00	2322.557	2325.621	2321.490	2324.379	4354	0	199
2024.06.18	03:00:00	2324.350	2325.097	2323.185	2324.412	3443	0	200
2024.06.18	04:00:00	2324.409	2324.813	2321.858	2322.606	3280	0	199
2024.06.18	05:00:00	2322.598	2323.757	2319.370	2322.127	4498	0	199
2024.06.18	06:00:00	2322.121	2322.702	2318.712	2320.085	4277	0	199
2024.06.18	07:00:00	2320.089	2320.171	2314.945	2315.526	4413	0	199
2024.06.18	08:00:00	2315.505	2315.505	2310.674	2311.316	5143	0	199
2024.06.18	09:00:00	2311.259	2314.277	2310.855	2311.168	4668	0	199
2024.06.18	10:00:00	2311.136	2312.392	2306.502	2308.304	4715	0	199
2024.06.18	11:00:00	2308.350	2314.163	2306.656	2313.311	4815	0	199
2024.06.18	12:00:00	2313.279	2324.183	2311.394	2313.896	11222	0	199
2024.06.18	13:00:00	2313.949	2327.717	2313.683	2326.682	14862	0	199
2024.06.18	14:00:00	2326.659	2327.150	2322.144	2323.634	8605	0	199
2024.06.18	15:00:00	2323.650	2329.758	2318.708	2326.867	8024	0	199
2024.06.18	16:00:00	2326.917	2330.738	2326.438	2330.181	5341	0	199
2024.06.18	17:00:00	2330.230	2333.079	2328.187	2329.685	5249	0	199
2024.06.18	18:00:00	2329.645	2331.454	2327.433	2331.226	4444	0	199
2024.06.18	19:00:00	2331.223	2331.223	2328.496	2329.358	3662	0	199
2024.06.18	20:00:00	2329.351	2330.549	2328.860	2329.408	1982	0	199
2024.06.18	22:00:00	2329.788	2330.182	2327.496	2328.290	1905	0	199
2024.06.18	23:00:00	2328.289	2329.602	2327.963	2328.255	1851	0	199
2024.06.19	00:00:00	2328.272	2329.959	2328.016	2329.447	3051	0	199
2024.06.19	01:00:00	2329.414	2330.922	2326.489	2330.067	4495	0	199
2024.06.19	02:00:00	2330.072	2331.271	2328.911	2330.283	3650	0	199
2024.06.19	03:00:00	2330.289	2331.758	2327.936	2328.270	3100	0	199
2024.06.19	04:00:00	2328.222	2328.471	2327.251	2327.917	2651	0	200
2024.06.19	05:00:00	2327.941	2330.026	2326.816	2329.298	3352	0	200
2024.06.19	06:00:00	2329.343	2330.719	2328.361	2330.237	3958	0	199
2024.06.19	07:00:00	2330.236	2332.688	2329.754	2331.765	4539	0	199
2024.06.19	08:00:00	2331.812	2334.963	2331.812	2332.541	4057	0	199
2024.06.19	09:00:00	2332.539	2332.752	2327.671	2328.106	4287	0	199
2024.06.19	10:00:00	2328.105	2329.923	2327.378	2327.924	3881	0	199
2024.06.19	11:00:00	2327.921	2331.052	2325.783	2330.411	4287	0	199
2024.06.19	12:00:00	2330.384	2332.921	2325.163	2328.310	5163	0	199
2024.06.19	13:00:00	2328.312	2331.388	2326.726	2328.228	5298	0	199
2024.06.19	14:00:00	2328.176	2328.422	2323.640	2326.136	5582	0	199
2024.06.19	15:00:00	2326.097	2329.777	2325.160	2329.774	4223	0	199
2024.06.19	16:00:00	2329.783	2331.336	2328.870	2329.465	3296	0	199
2024.06.19	17:00:00	2329.411	2330.872	2329.188	2329.971	518	0	200
2024.06.19	22:00:00	2329.947	2330.552	2329.090	2330.401	2056	0	199
2024.06.19	23:00:00	2330.415	2330.415	2328.629	2329.342	1967	0	200
2024.06.20	00:00:00	2329.351	2329.776	2327.740	2329.681	2797	0	199
2024.06.20	01:00:00	2329.667	2338.980	2329.667	2336.301	7017	0	199
2024.06.20	02:00:00	2336.294	2337.375	2332.822	2333.740	4750	0	199
2024.06.20	03:00:00	2333.729	2334.338	2332.348	2333.897	3821	0	200
2024.06.20	04:00:00	2333.899	2340.888	2333.720	2340.356	4448	0	199
2024.06.20	05:00:00	2340.349	2344.867	2339.747	2340.216	5294	0	199
2024.06.20	06:00:00	2340.271	2345.682	2340.194	2344.032	5155	0	199
2024.06.20	07:00:00	2344.069	2344.953	2338.449	2338.576	5520	0	199
2024.06.20	08:00:00	2338.528	2338.660	2332.643	2333.319	5908	0	199
2024.06.20	09:00:00	2333.321	2335.727	2331.564	2334.590	4667	0	199
2024.06.20	10:00:00	2334.643	2340.584	2333.421	2339.487	3927	0	199
2024.06.20	11:00:00	2339.443	2341.376	2337.683	2339.243	4566	0	199
2024.06.20	12:00:00	2339.300	2344.055	2335.230	2338.447	9654	0	199
2024.06.20	13:00:00	2338.495	2349.405	2336.595	2349.223	11171	0	199
2024.06.20	14:00:00	2349.268	2364.976	2348.860	2364.058	13199	0	199
2024.06.20	15:00:00	2364.051	2365.500	2351.329	2353.738	9164	0	199
2024.06.20	16:00:00	2353.713	2357.108	2352.799	2356.314	5519	0	199
2024.06.20	17:00:00	2356.324	2357.550	2354.567	2357.293	4984	0	199
2024.06.20	18:00:00	2357.341	2361.000	2357.247	2357.923	4202	0	199
2024.06.20	19:00:00	2357.968	2359.820	2357.580	2358.812	4020	0	199
2024.06.20	20:00:00	2358.856	2360.068	2358.166	2359.911	2342	0	199
2024.06.20	22:00:00	2360.372	2360.372	2358.154	2359.411	2837	0	199
2024.06.20	23:00:00	2359.395	2361.131	2358.833	2360.747	2527	0	199
2024.06.21	00:00:00	2360.764	2364.870	2360.764	2364.067	3594	0	200
2024.06.21	01:00:00	2364.119	2364.178	2357.068	2359.613	6318	0	199
2024.06.21	02:00:00	2359.649	2361.610	2358.114	2359.329	4312	0	199
2024.06.21	03:00:00	2359.357	2362.193	2358.690	2362.137	3430	0	199
2024.06.21	04:00:00	2362.171	2362.980	2361.003	2362.908	2765	0	199
2024.06.21	05:00:00	2362.902	2365.602	2362.180	2364.486	3667	0	199
2024.06.21	06:00:00	2364.443	2364.443	2357.907	2358.469	5354	0	199
2024.06.21	07:00:00	2358.426	2364.380	2355.088	2362.907	6649	0	199
2024.06.21	08:00:00	2362.939	2368.085	2362.616	2365.259	5543	0	199
2024.06.21	09:00:00	2365.211	2367.301	2362.815	2363.936	4724	0	199
2024.06.21	10:00:00	2363.958	2364.159	2361.268	2363.571	4582	0	199
2024.06.21	11:00:00	2363.575	2368.742	2363.417	2366.217	4679	0	199
2024.06.21	12:00:00	2366.276	2368.077	2360.386	2360.650	6692	0	199
2024.06.21	13:00:00	2360.617	2363.757	2334.715	2340.543	18034	0	199
2024.06.21	14:00:00	2340.495	2340.527	2328.507	2329.876	15960	0	199
2024.06.21	15:00:00	2329.920	2334.747	2323.246	2327.893	11724	0	199
2024.06.21	16:00:00	2327.946	2329.353	2323.588	2324.745	6726	0	199
2024.06.21	17:00:00	2324.698	2325.137	2316.654	2319.272	8247	0	199
2024.06.21	18:00:00	2319.286	2322.784	2316.678	2322.116	5049	0	199
2024.06.21	19:00:00	2322.124	2323.352	2320.371	2322.055	4574	0	199
2024.06.21	20:00:00	2322.107	2322.653	2320.760	2321.503	2873	0	200
2024.06.23	22:00:00	2321.110	2322.193	2320.410	2321.490	2167	0	199
2024.06.23	23:00:00	2321.493	2321.493	2317.683	2319.184	2930	0	199
2024.06.24	00:00:00	2319.170	2321.731	2317.866	2320.881	3824	0	199
2024.06.24	01:00:00	2320.915	2326.250	2319.042	2323.643	6762	0	199
2024.06.24	02:00:00	2323.587	2325.144	2319.546	2324.728	5199	0	199
2024.06.24	03:00:00	2324.681	2326.642	2324.312	2325.395	3931	0	199
2024.06.24	04:00:00	2325.405	2326.621	2324.093	2324.507	3160	0	199
2024.06.24	05:00:00	2324.493	2327.254	2323.598	2325.113	3961	0	199
2024.06.24	06:00:00	2325.064	2325.304	2321.310	2323.481	4911	0	199
2024.06.24	07:00:00	2323.534	2331.793	2321.694	2330.707	5228	0	199
2024.06.24	08:00:00	2330.724	2332.767	2329.146	2330.572	4977	0	199
2024.06.24	09:00:00	2330.538	2330.978	2320.767	2325.038	6140	0	199
2024.06.24	10:00:00	2325.022	2327.115	2324.434	2325.169	5104	0	199
2024.06.24	11:00:00	2325.160	2328.062	2324.053	2326.194	4639	0	199
2024.06.24	12:00:00	2326.249	2327.846	2323.285	2327.605	6157	0	199
2024.06.24	13:00:00	2327.604	2333.842	2325.805	2328.052	9273	0	199
2024.06.24	14:00:00	2328.008	2333.639	2326.902	2330.709	7975	0	199
2024.06.24	15:00:00	2330.655	2333.105	2327.401	2327.626	5740	0	199
2024.06.24	16:00:00	2327.581	2332.204	2326.820	2331.641	4465	0	199
2024.06.24	17:00:00	2331.602	2333.165	2330.518	2331.972	4391	0	199
2024.06.24	18:00:00	2331.978	2334.635	2331.914	2333.782	4153	0	199
2024.06.24	19:00:00	2333.804	2333.804	2330.933	2331.681	3986	0	199
2024.06.24	20:00:00	2331.640	2333.852	2331.607	2333.671	2252	0	199
2024.06.24	22:00:00	2333.990	2334.388	2331.669	2331.777	1496	0	199
2024.06.24	23:00:00	2331.770	2331.969	2330.222	2330.876	2225	0	199
2024.06.25	00:00:00	2330.869	2330.923	2328.208	2330.016	3177	0	199
2024.06.25	01:00:00	2330.019	2330.908	2323.128	2325.792	5754	0	199
2024.06.25	02:00:00	2325.802	2327.016	2324.501	2326.448	4651	0	199
2024.06.25	03:00:00	2326.403	2328.520	2324.003	2324.146	4035	0	199
2024.06.25	04:00:00	2324.188	2327.778	2322.694	2327.395	3644	0	199
2024.06.25	05:00:00	2327.397	2330.073	2324.501	2324.949	4299	0	199
2024.06.25	06:00:00	2324.998	2328.139	2323.422	2327.330	4755	0	199
2024.06.25	07:00:00	2327.282	2327.637	2324.005	2324.788	5074	0	199
2024.06.25	08:00:00	2324.745	2330.587	2322.814	2329.576	6160	0	199
2024.06.25	09:00:00	2329.594	2334.039	2329.255	2333.024	4698	0	199
2024.06.25	10:00:00	2333.028	2337.086	2332.586	2335.286	4913	0	199
2024.06.25	11:00:00	2335.251	2335.801	2327.331	2330.121	5258	0	199
2024.06.25	12:00:00	2330.108	2330.450	2323.985	2324.214	6451	0	199
2024.06.25	13:00:00	2324.263	2327.401	2320.174	2325.713	10714	0	199
2024.06.25	14:00:00	2325.718	2328.200	2319.472	2327.158	9416	0	199
2024.06.25	15:00:00	2327.184	2327.756	2315.566	2324.687	8597	0	199
2024.06.25	16:00:00	2324.746	2324.984	2315.436	2317.784	5525	0	199
2024.06.25	17:00:00	2317.730	2320.080	2316.764	2319.078	4972	0	199
2024.06.25	18:00:00	2319.133	2319.749	2316.995	2319.170	3913	0	199
2024.06.25	19:00:00	2319.127	2320.611	2318.765	2319.776	3502	0	199
2024.06.25	20:00:00	2319.725	2319.895	2317.892	2319.337	2260	0	199
2024.06.25	22:00:00	2319.490	2321.287	2318.985	2320.595	2799	0	199
2024.06.25	23:00:00	2320.597	2321.427	2318.720	2320.028	2548	0	199
2024.06.26	00:00:00	2319.977	2323.896	2317.790	2318.441	4349	0	199
2024.06.26	01:00:00	2318.390	2320.713	2310.564	2312.913	8920	0	199
2024.06.26	02:00:00	2312.905	2321.706	2312.393	2319.474	6269	0	199
2024.06.26	03:00:00	2319.443	2321.068	2316.637	2317.247	3885	0	200
2024.06.26	04:00:00	2317.289	2317.705	2315.084	2316.775	3263	0	199
2024.06.26	05:00:00	2316.791	2318.124	2311.835	2312.120	4613	0	199
2024.06.26	06:00:00	2312.067	2317.370	2309.675	2317.089	6025	0	199
2024.06.26	07:00:00	2317.165	2317.348	2312.925	2316.075	5173	0	199
2024.06.26	08:00:00	2316.044	2318.018	2312.913	2315.669	5331	0	199
2024.06.26	09:00:00	2315.713	2318.428	2315.694	2316.338	4735	0	199
2024.06.26	10:00:00	2316.332	2316.467	2307.687	2308.352	5825	0	199
2024.06.26	11:00:00	2308.306	2313.945	2304.357	2313.006	6576	0	199
2024.06.26	12:00:00	2312.990	2317.831	2310.119	2310.119	7468	0	199
2024.06.26	13:00:00	2310.068	2311.556	2293.524	2296.348	13456	0	199
2024.06.26	14:00:00	2296.302	2301.272	2295.309	2297.427	9868	0	199
2024.06.26	15:00:00	2297.483	2304.150	2295.826	2299.944	8699	0	199
2024.06.26	16:00:00	2299.919	2302.211	2298.406	2299.712	5369	0	199
2024.06.26	17:00:00	2299.726	2302.995	2299.297	2301.839	5010	0	199
2024.06.26	18:00:00	2301.887	2302.062	2298.557	2298.919	4022	0	199
2024.06.26	19:00:00	2298.965	2299.454	2296.872	2298.629	4026	0	199
2024.06.26	20:00:00	2298.686	2299.207	2297.195	2298.094	2632	0	200
2024.06.26	22:00:00	2298.442	2299.047	2298.118	2298.262	1805	0	199
2024.06.26	23:00:00	2298.264	2298.591	2296.767	2298.401	2253	0	199
2024.06.27	00:00:00	2298.412	2300.100	2297.862	2298.959	3632	0	199
2024.06.27	01:00:00	2299.016	2299.730	2296.766	2297.778	4656	0	199
2024.06.27	02:00:00	2297.773	2300.043	2297.758	2299.295	3872	0	199
2024.06.27	03:00:00	2299.298	2299.850	2298.016	2298.932	3082	0	199
2024.06.27	04:00:00	2298.935	2301.136	2298.703	2300.499	2985	0	199
2024.06.27	05:00:00	2300.494	2300.579	2296.784	2297.520	3791	0	199
2024.06.27	06:00:00	2297.538	2303.383	2296.429	2301.210	4942	0	199
2024.06.27	07:00:00	2301.161	2302.517	2299.957	2302.260	4702	0	199
2024.06.27	08:00:00	2302.213	2308.365	2301.968	2307.532	4852	0	199
2024.06.27	09:00:00	2307.525	2313.781	2307.255	2312.592	5588	0	199
2024.06.27	10:00:00	2312.556	2315.508	2312.229	2315.082	5026	0	199
2024.06.27	11:00:00	2315.131	2317.891	2313.294	2317.015	5042	0	199
2024.06.27	12:00:00	2316.975	2325.824	2316.052	2322.833	10358	0	199
2024.06.27	13:00:00	2322.802	2324.967	2319.449	2323.257	11420	0	199
2024.06.27	14:00:00	2323.224	2330.936	2322.626	2328.944	10487	0	199
2024.06.27	15:00:00	2328.999	2330.871	2325.060	2327.436	7245	0	199
2024.06.27	16:00:00	2327.401	2328.305	2323.918	2325.397	5473	0	199
2024.06.27	17:00:00	2325.446	2327.991	2324.196	2325.821	5182	0	199
2024.06.27	18:00:00	2325.779	2326.419	2322.376	2326.222	4166	0	199
2024.06.27	19:00:00	2326.225	2327.709	2325.573	2325.951	3798	0	199
2024.06.27	20:00:00	2325.917	2328.533	2325.380	2327.869	2459	0	199
2024.06.27	22:00:00	2327.490	2327.585	2325.877	2326.838	1420	0	199
2024.06.27	23:00:00	2326.833	2327.912	2326.426	2327.720	2086	0	199
2024.06.28	00:00:00	2327.663	2328.257	2321.390	2321.662	3750	0	199
2024.06.28	01:00:00	2321.656	2324.484	2318.988	2320.294	6702	0	199
2024.06.28	02:00:00	2320.235	2324.180	2319.779	2323.667	4859	0	199
2024.06.28	03:00:00	2323.693	2325.014	2320.765	2321.712	3963	0	199
2024.06.28	04:00:00	2321.786	2321.821	2319.712	2321.190	3134	0	199
2024.06.28	05:00:00	2321.185	2326.994	2320.901	2325.722	3949	0	199
2024.06.28	06:00:00	2325.673	2328.124	2325.070	2327.361	4537	0	199
2024.06.28	07:00:00	2327.409	2328.850	2324.823	2327.146	4509	0	199
2024.06.28	08:00:00	2327.149	2331.947	2326.448	2328.701	4982	0	199
2024.06.28	09:00:00	2328.690	2330.368	2327.224	2330.320	4738	0	199
2024.06.28	10:00:00	2330.307	2336.760	2329.330	2335.774	4983	0	199
2024.06.28	11:00:00	2335.813	2337.149	2333.265	2333.942	4464	0	199
2024.06.28	12:00:00	2333.908	2339.358	2331.108	2335.496	9225	0	199
2024.06.28	13:00:00	2335.441	2339.809	2326.598	2330.290	12078	0	199
2024.06.28	14:00:00	2330.337	2333.645	2322.811	2326.437	10756	0	199
2024.06.28	15:00:00	2326.480	2330.373	2324.156	2328.593	7111	0	199
2024.06.28	16:00:00	2328.640	2332.512	2327.668	2329.950	5281	0	199
2024.06.28	17:00:00	2330.032	2332.713	2326.383	2326.816	4852	0	199
2024.06.28	18:00:00	2326.871	2328.405	2325.335	2325.802	4033	0	199
2024.06.28	19:00:00	2325.793	2326.236	2322.926	2325.004	4489	0	199
2024.06.28	20:00:00	2324.972	2326.814	2322.870	2326.638	3400	0	199
2024.06.30	22:00:00	2322.849	2325.884	2322.838	2324.521	2268	0	200
2024.06.30	23:00:00	2324.528	2326.157	2323.089	2324.933	2497	0	199
2024.07.01	00:00:00	2324.952	2325.286	2322.100	2324.819	4043	0	199
2024.07.01	01:00:00	2324.769	2328.499	2323.464	2327.837	5121	0	199
2024.07.01	02:00:00	2327.785	2327.785	2324.430	2326.613	3968	0	199
2024.07.01	03:00:00	2326.605	2327.588	2324.451	2324.746	3381	0	199
2024.07.01	04:00:00	2324.729	2326.047	2321.400	2323.578	3429	0	199
2024.07.01	05:00:00	2323.532	2323.981	2318.442	2321.794	5094	0	199
2024.07.01	06:00:00	2321.795	2328.974	2321.292	2326.447	5447	0	199
2024.07.01	07:00:00	2326.400	2326.935	2323.637	2323.686	4598	0	199
2024.07.01	08:00:00	2323.647	2326.204	2321.816	2325.749	5222	0	199
2024.07.01	09:00:00	2325.750	2329.437	2325.403	2327.409	4664	0	199
2024.07.01	10:00:00	2327.393	2332.454	2327.393	2332.426	4734	0	199
2024.07.01	11:00:00	2332.469	2338.247	2332.024	2338.129	5404	0	199
2024.07.01	12:00:00	2338.161	2338.472	2327.130	2327.427	6913	0	199
2024.07.01	13:00:00	2327.462	2334.109	2322.549	2326.867	9802	0	199
2024.07.01	14:00:00	2327.029	2334.275	2319.185	2324.013	12637	0	199
2024.07.01	15:00:00	2324.049	2328.993	2323.017	2327.713	6887	0	199
2024.07.01	16:00:00	2327.707	2331.870	2326.603	2328.096	5567	0	199
2024.07.01	17:00:00	2328.115	2329.865	2326.737	2329.265	4502	0	199
2024.07.01	18:00:00	2329.224	2330.732	2326.972	2329.931	3742	0	199
2024.07.01	19:00:00	2329.977	2331.451	2328.908	2330.900	3710	0	199
2024.07.01	20:00:00	2330.974	2332.387	2330.861	2331.638	2203	0	199
2024.07.01	22:00:00	2332.521	2332.521	2331.299	2331.831	1647	0	199
2024.07.01	23:00:00	2331.812	2332.553	2331.659	2332.222	1766	0	200
2024.07.02	00:00:00	2332.216	2333.889	2331.732	2333.095	3082	0	199
2024.07.02	01:00:00	2333.064	2334.198	2331.089	2333.996	4354	0	199
2024.07.02	02:00:00	2334.050	2334.302	2331.213	2332.279	3451	0	199
2024.07.02	03:00:00	2332.278	2332.682	2325.697	2326.033	3841	0	199
2024.07.02	04:00:00	2326.036	2327.819	2324.866	2327.265	3207	0	199
2024.07.02	05:00:00	2327.251	2330.825	2326.301	2329.855	3937	0	199
2024.07.02	06:00:00	2329.923	2331.777	2327.570	2330.470	4229	0	199
2024.07.02	07:00:00	2330.437	2330.877	2323.281	2330.679	5528	0	199
2024.07.02	08:00:00	2330.737	2332.463	2328.381	2331.153	4986	0	199
2024.07.02	09:00:00	2331.181	2331.931	2324.110	2324.880	4766	0	199
2024.07.02	10:00:00	2324.923	2326.463	2322.834	2324.530	4549	0	199
2024.07.02	11:00:00	2324.533	2325.645	2319.922	2320.696	4917	0	199
2024.07.02	12:00:00	2320.727	2328.692	2319.004	2327.388	7765	0	199
2024.07.02	13:00:00	2327.343	2336.779	2326.089	2334.413	10578	0	199
2024.07.02	14:00:00	2334.421	2335.788	2322.874	2326.573	13372	0	199
2024.07.02	15:00:00	2326.565	2330.418	2324.125	2324.711	7027	0	199
2024.07.02	16:00:00	2324.678	2325.011	2320.921	2322.837	5081	0	199
2024.07.02	17:00:00	2322.835	2325.212	2322.067	2324.591	4377	0	199
2024.07.02	18:00:00	2324.546	2328.838	2324.432	2328.279	3617	0	199
2024.07.02	19:00:00	2328.277	2331.298	2328.036	2330.760	3504	0	199
2024.07.02	20:00:00	2330.725	2330.962	2328.607	2329.496	2348	0	199
2024.07.02	22:00:00	2330.266	2331.266	2329.717	2330.005	1709	0	200
2024.07.02	23:00:00	2329.989	2331.443	2329.649	2330.180	1676	0	199
2024.07.03	00:00:00	2330.177	2332.121	2330.177	2330.261	2836	0	199
2024.07.03	01:00:00	2330.242	2331.545	2328.429	2329.102	4417	0	199
2024.07.03	02:00:00	2329.144	2331.051	2326.820	2328.785	3803	0	199
2024.07.03	03:00:00	2328.772	2332.496	2328.017	2331.648	3438	0	199
2024.07.03	04:00:00	2331.699	2335.295	2331.699	2334.417	2921	0	199
2024.07.03	05:00:00	2334.384	2335.811	2331.922	2333.324	4311	0	199
2024.07.03	06:00:00	2333.340	2341.244	2332.879	2340.114	5552	0	199
2024.07.03	07:00:00	2340.145	2347.201	2338.868	2345.303	6341	0	199
2024.07.03	08:00:00	2345.320	2347.549	2343.080	2344.589	5521	0	199
2024.07.03	09:00:00	2344.642	2346.463	2342.123	2346.180	4740	0	199
2024.07.03	10:00:00	2346.211	2349.482	2344.530	2346.988	5109	0	199
2024.07.03	11:00:00	2346.953	2346.953	2342.426	2345.373	5189	0	199
2024.07.03	12:00:00	2345.394	2356.165	2344.871	2350.472	9502	0	199
2024.07.03	13:00:00	2350.430	2358.734	2347.473	2355.479	11381	0	199
2024.07.03	14:00:00	2355.563	2364.926	2355.563	2362.369	13408	0	199
2024.07.03	15:00:00	2362.425	2363.982	2359.960	2363.040	7645	0	199
2024.07.03	16:00:00	2363.001	2363.146	2355.133	2356.512	5942	0	199
2024.07.03	17:00:00	2356.486	2360.901	2353.843	2356.814	5192	0	199
2024.07.03	18:00:00	2356.775	2357.968	2355.180	2356.300	3269	0	199
2024.07.03	19:00:00	2356.345	2356.689	2353.614	2354.280	2791	0	199
2024.07.03	20:00:00	2354.302	2356.438	2354.222	2356.114	1493	0	199
2024.07.03	22:00:00	2357.081	2359.212	2356.100	2358.789	1744	0	200
2024.07.03	23:00:00	2358.840	2359.579	2357.655	2358.699	1949	0	199
2024.07.04	00:00:00	2358.721	2359.263	2356.441	2358.565	2860	0	199
2024.07.04	01:00:00	2358.541	2362.534	2358.273	2361.937	4676	0	199
2024.07.04	02:00:00	2361.913	2362.217	2357.388	2359.297	3634	0	199
2024.07.04	03:00:00	2359.306	2360.303	2357.153	2358.103	3855	0	199
2024.07.04	04:00:00	2358.102	2359.587	2357.592	2358.529	2799	0	200
2024.07.04	05:00:00	2358.483	2358.588	2355.483	2356.872	3641	0	199
2024.07.04	06:00:00	2356.877	2357.199	2350.364	2356.310	4966	0	199
2024.07.04	07:00:00	2356.263	2357.688	2353.587	2357.455	4172	0	199
2024.07.04	08:00:00	2357.515	2359.592	2355.443	2358.742	4136	0	199
2024.07.04	09:00:00	2358.757	2359.121	2355.665	2357.661	3692	0	199
2024.07.04	10:00:00	2357.674	2359.260	2356.385	2358.023	3472	0	199
2024.07.04	11:00:00	2358.022	2359.980	2357.521	2358.390	3568	0	199
2024.07.04	12:00:00	2358.466	2360.450	2356.877	2357.756	3809	0	199
2024.07.04	13:00:00	2357.759	2360.044	2357.243	2359.648	4342	0	199
2024.07.04	14:00:00	2359.636	2361.872	2357.993	2358.890	4347	0	199
2024.07.04	15:00:00	2358.840	2360.684	2355.403	2357.392	5465	0	199
2024.07.04	16:00:00	2357.418	2359.098	2356.903	2357.876	3420	0	199
2024.07.04	17:00:00	2357.833	2358.061	2357.226	2357.230	484	0	200
2024.07.04	22:00:00	2357.034	2357.387	2354.214	2357.387	2624	0	199
2024.07.04	23:00:00	2357.405	2357.711	2356.323	2356.721	2043	0	199
2024.07.05	00:00:00	2356.753	2358.978	2356.030	2358.809	3108	0	199
2024.07.05	01:00:00	2358.820	2360.230	2356.838	2358.432	4565	0	199
2024.07.05	02:00:00	2358.477	2363.105	2358.089	2360.487	4424	0	199
2024.07.05	03:00:00	2360.474	2362.362	2359.523	2361.713	3920	0	199
2024.07.05	04:00:00	2361.716	2364.663	2361.294	2363.901	3239	0	200
2024.07.05	05:00:00	2363.904	2365.007	2362.656	2364.651	3641	0	200
2024.07.05	06:00:00	2364.664	2366.293	2363.569	2363.978	4526	0	199
2024.07.05	07:00:00	2363.953	2367.446	2362.242	2365.225	4818	0	199
2024.07.05	08:00:00	2365.261	2368.002	2364.561	2366.342	4616	0	199
2024.07.05	09:00:00	2366.333	2366.819	2361.917	2362.428	4062	0	199
2024.07.05	10:00:00	2362.385	2365.460	2361.770	2364.907	4163	0	199
2024.07.05	11:00:00	2364.938	2366.012	2362.238	2365.755	4600	0	199
2024.07.05	12:00:00	2365.736	2376.108	2347.375	2372.058	15804	0	199
2024.07.05	13:00:00	2372.108	2385.148	2370.626	2383.165	17340	0	199
2024.07.05	14:00:00	2383.116	2384.416	2374.401	2380.717	12207	0	199
2024.07.05	15:00:00	2380.748	2388.395	2378.484	2384.639	8357	0	199
2024.07.05	16:00:00	2384.685	2387.593	2383.904	2386.481	6116	0	199
2024.07.05	17:00:00	2386.526	2389.886	2384.592	2385.764	5956	0	199
2024.07.05	18:00:00	2385.736	2392.579	2385.098	2391.021	4938	0	199
2024.07.05	19:00:00	2391.031	2392.929	2388.069	2388.833	4355	0	199
2024.07.05	20:00:00	2388.783	2391.636	2388.193	2391.557	2649	0	199
2024.07.07	22:00:00	2389.586	2390.178	2384.877	2385.336	2493	0	199
2024.07.07	23:00:00	2385.360	2386.900	2384.766	2386.117	2864	0	199
2024.07.08	00:00:00	2386.065	2387.800	2384.517	2386.665	3777	0	199
2024.07.08	01:00:00	2386.623	2391.084	2384.208	2386.421	6495	0	199
2024.07.08	02:00:00	2386.370	2387.156	2381.345	2382.833	4847	0	199
2024.07.08	03:00:00	2382.830	2384.125	2380.674	2382.884	4165	0	199
2024.07.08	04:00:00	2382.935	2385.035	2382.003	2384.874	2930	0	199
2024.07.08	05:00:00	2384.923	2386.764	2381.513	2382.774	4695	0	199
2024.07.08	06:00:00	2382.835	2384.167	2376.657	2376.924	5693	0	199
2024.07.08	07:00:00	2376.894	2381.141	2376.592	2377.825	5195	0	199
2024.07.08	08:00:00	2377.824	2378.825	2371.916	2372.787	5408	0	199
2024.07.08	09:00:00	2372.752	2373.773	2368.253	2370.169	5237	0	199
2024.07.08	10:00:00	2370.117	2374.269	2369.619	2374.026	4478	0	199
2024.07.08	11:00:00	2374.073	2375.634	2372.370	2375.284	4334	0	199
2024.07.08	12:00:00	2375.236	2377.469	2370.243	2372.752	6779	0	199
2024.07.08	13:00:00	2372.704	2377.078	2370.209	2375.436	10049	0	199
2024.07.08	14:00:00	2375.404	2379.517	2373.122	2373.255	8473	0	199
2024.07.08	15:00:00	2373.212	2374.994	2350.975	2355.459	12876	0	199
2024.07.08	16:00:00	2355.409	2358.764	2350.993	2358.613	7804	0	199
2024.07.08	17:00:00	2358.643	2359.706	2355.561	2357.159	5446	0	199
2024.07.08	18:00:00	2357.112	2358.201	2354.840	2356.591	3840	0	199
2024.07.08	19:00:00	2356.551	2359.836	2356.158	2359.132	3790	0	199
2024.07.08	20:00:00	2359.174	2359.834	2357.986	2358.713	2002	0	199
2024.07.08	22:00:00	2358.981	2359.785	2358.452	2359.774	1520	0	199
2024.07.08	23:00:00	2359.743	2362.002	2359.734	2361.710	2135	0	200
2024.07.09	00:00:00	2361.738	2363.660	2360.750	2361.894	3650	0	199
2024.07.09	01:00:00	2361.928	2365.285	2361.339	2363.413	4975	0	199
2024.07.09	02:00:00	2363.380	2366.714	2360.436	2364.025	4988	0	199
2024.07.09	03:00:00	2364.030	2367.949	2363.338	2367.625	4064	0	199
2024.07.09	04:00:00	2367.619	2368.791	2366.336	2367.363	3708	0	199
2024.07.09	05:00:00	2367.309	2368.289	2364.086	2364.601	4249	0	199
2024.07.09	06:00:00	2364.644	2365.481	2362.687	2364.067	4531	0	199
2024.07.09	07:00:00	2364.046	2364.496	2358.255	2358.933	4656	0	199
2024.07.09	08:00:00	2358.980	2361.965	2358.191	2361.609	4311	0	199
2024.07.09	09:00:00	2361.602	2365.352	2361.514	2364.245	4461	0	199
2024.07.09	10:00:00	2364.284	2365.663	2362.105	2363.120	3989	0	199
2024.07.09	11:00:00	2363.175	2363.175	2357.485	2360.579	4886	0	199
2024.07.09	12:00:00	2360.631	2361.323	2356.061	2360.125	5932	0	199
2024.07.09	13:00:00	2360.094	2368.455	2359.488	2367.714	11524	0	199
2024.07.09	14:00:00	2367.671	2371.576	2354.050	2354.882	15500	0	199
2024.07.09	15:00:00	2354.932	2362.213	2349.335	2361.993	10835	0	199
2024.07.09	16:00:00	2361.976	2363.115	2356.504	2357.493	6795	0	199
2024.07.09	17:00:00	2357.498	2362.471	2357.469	2361.895	5648	0	199
2024.07.09	18:00:00	2361.916	2365.308	2361.071	2364.400	4348	0	199
2024.07.09	19:00:00	2364.446	2365.600	2362.870	2363.496	3638	0	199
2024.07.09	20:00:00	2363.538	2364.895	2363.511	2363.706	1956	0	199
2024.07.09	22:00:00	2364.133	2364.431	2363.281	2364.431	1451	0	199
2024.07.09	23:00:00	2364.414	2366.047	2364.382	2364.966	1923	0	199
2024.07.10	00:00:00	2364.944	2366.537	2364.418	2364.631	3153	0	199
2024.07.10	01:00:00	2364.644	2369.867	2363.304	2368.236	5464	0	199
2024.07.10	02:00:00	2368.276	2370.256	2366.887	2369.282	4179	0	199
2024.07.10	03:00:00	2369.266	2369.788	2366.452	2368.145	3481	0	199
2024.07.10	04:00:00	2368.166	2368.891	2366.536	2367.740	3181	0	199
2024.07.10	05:00:00	2367.741	2370.340	2367.291	2368.321	3769	0	199
2024.07.10	06:00:00	2368.377	2372.776	2367.113	2371.884	4410	0	199
2024.07.10	07:00:00	2371.941	2374.954	2371.375	2372.606	4300	0	199
2024.07.10	08:00:00	2372.569	2374.218	2371.427	2372.815	4128	0	200
2024.07.10	09:00:00	2372.804	2374.164	2371.646	2371.897	3756	0	199
2024.07.10	10:00:00	2371.897	2375.295	2371.724	2372.477	3588	0	199
2024.07.10	11:00:00	2372.437	2378.379	2372.400	2378.344	4275	0	199
2024.07.10	12:00:00	2378.386	2381.813	2377.188	2377.771	5834	0	199
2024.07.10	13:00:00	2377.717	2386.696	2376.194	2383.164	9221	0	199
2024.07.10	14:00:00	2383.177	2385.097	2373.881	2374.900	9185	0	199
2024.07.10	15:00:00	2374.870	2380.716	2374.017	2378.761	6621	0	199
2024.07.10	16:00:00	2378.788	2381.331	2376.600	2377.889	4843	0	199
2024.07.10	17:00:00	2377.874	2378.516	2370.466	2372.944	5829	0	199
2024.07.10	18:00:00	2372.891	2373.577	2369.859	2372.647	3827	0	199
2024.07.10	19:00:00	2372.630	2372.630	2370.522	2371.765	3682	0	199
2024.07.10	20:00:00	2371.761	2372.422	2370.860	2371.284	2100	0	199
2024.07.10	22:00:00	2372.147	2372.881	2371.194	2372.840	1462	0	200
2024.07.10	23:00:00	2372.826	2372.911	2372.193	2372.852	1695	0	200
2024.07.11	00:00:00	2372.832	2374.429	2371.391	2374.189	3097	0	199
2024.07.11	01:00:00	2374.180	2376.291	2373.074	2375.848	4463	0	199
2024.07.11	02:00:00	2375.848	2377.788	2374.351	2377.352	4153	0	199
2024.07.11	03:00:00	2377.334	2380.254	2376.822	2378.741	3776	0	199
2024.07.11	04:00:00	2378.773	2382.482	2378.634	2381.888	3048	0	199
2024.07.11	05:00:00	2381.956	2383.003	2381.170	2382.523	4001	0	199
2024.07.11	06:00:00	2382.473	2383.197	2378.456	2381.775	4774	0	199
2024.07.11	07:00:00	2381.726	2381.969	2378.771	2379.890	4531	0	199
2024.07.11	08:00:00	2379.924	2384.037	2379.541	2381.328	4983	0	199
2024.07.11	09:00:00	2381.287	2384.527	2381.287	2383.930	4032	0	200
2024.07.11	10:00:00	2383.954	2383.993	2380.375	2382.182	3916	0	199
2024.07.11	11:00:00	2382.140	2383.371	2379.005	2380.792	4401	0	199
2024.07.11	12:00:00	2380.753	2409.779	2378.084	2406.306	19873	0	199
2024.07.11	13:00:00	2406.263	2412.993	2395.795	2406.613	26756	0	199
2024.07.11	14:00:00	2406.675	2417.863	2404.305	2417.620	15393	0	199
2024.07.11	15:00:00	2417.673	2424.538	2412.452	2417.353	12286	0	199
2024.07.11	16:00:00	2417.303	2419.238	2411.568	2411.658	7753	0	199
2024.07.11	17:00:00	2411.622	2416.634	2409.993	2413.621	7038	0	199
2024.07.11	18:00:00	2413.602	2416.607	2412.919	2416.378	4627	0	199
2024.07.11	19:00:00	2416.335	2418.702	2414.044	2414.082	4470	0	199
2024.07.11	20:00:00	2414.133	2415.085	2413.106	2414.775	2746	0	199
2024.07.11	22:00:00	2414.522	2414.522	2411.134	2413.973	2573	0	199
2024.07.11	23:00:00	2413.916	2416.005	2411.916	2415.857	4331	0	199
2024.07.12	00:00:00	2415.851	2416.250	2410.984	2411.957	4892	0	199
2024.07.12	01:00:00	2411.968	2414.227	2407.003	2407.896	5860	0	199
2024.07.12	02:00:00	2407.941	2410.916	2406.677	2409.571	4761	0	199
2024.07.12	03:00:00	2409.523	2410.222	2408.507	2408.779	3583	0	199
2024.07.12	04:00:00	2408.779	2409.923	2408.094	2408.620	2832	0	199
2024.07.12	05:00:00	2408.654	2410.086	2405.367	2408.012	4635	0	199
2024.07.12	06:00:00	2407.968	2408.255	2402.167	2404.092	5776	0	199
2024.07.12	07:00:00	2404.100	2405.511	2400.292	2404.174	5553	0	199
2024.07.12	08:00:00	2404.100	2408.127	2403.686	2407.315	5233	0	199
2024.07.12	09:00:00	2407.369	2408.311	2403.078	2404.905	4474	0	199
2024.07.12	10:00:00	2404.859	2405.478	2399.790	2400.181	4610	0	199
2024.07.12	11:00:00	2400.230	2402.664	2398.290	2401.714	4709	0	199
2024.07.12	12:00:00	2401.768	2404.262	2391.378	2397.862	13927	0	199
2024.07.12	13:00:00	2397.909	2405.702	2396.760	2403.716	14171	0	199
2024.07.12	14:00:00	2403.674	2410.903	2403.674	2408.863	10863	0	199
2024.07.12	15:00:00	2408.870	2413.710	2408.028	2411.711	6765	0	199
2024.07.12	16:00:00	2411.749	2416.893	2411.699	2415.906	5120	0	199
2024.07.12	17:00:00	2415.895	2418.241	2414.430	2417.781	4279	0	199
2024.07.12	18:00:00	2417.825	2417.945	2413.865	2414.123	3618	0	199
2024.07.12	19:00:00	2414.147	2414.748	2412.160	2412.823	3770	0	199
2024.07.12	20:00:00	2412.771	2412.771	2411.262	2411.399	2301	0	199
2024.07.14	22:00:00	2411.618	2412.238	2406.870	2407.603	3473	0	179
2024.07.14	23:00:00	2407.583	2408.706	2405.677	2408.657	3054	0	179
2024.07.15	00:00:00	2408.659	2408.856	2406.256	2408.410	3632	0	179
2024.07.15	01:00:00	2408.438	2410.326	2404.881	2409.950	5622	0	179
2024.07.15	02:00:00	2410.007	2410.887	2408.158	2409.155	4508	0	179
2024.07.15	03:00:00	2409.152	2411.972	2408.627	2411.555	3260	0	179
2024.07.15	04:00:00	2411.596	2413.365	2410.648	2411.480	2723	0	179
2024.07.15	05:00:00	2411.465	2413.965	2407.922	2408.113	4276	0	179
2024.07.15	06:00:00	2408.140	2408.286	2402.000	2403.198	5779	0	179
2024.07.15	07:00:00	2403.134	2407.924	2401.296	2407.881	5983	0	179
2024.07.15	08:00:00	2407.897	2412.068	2406.870	2411.992	4839	0	179
2024.07.15	09:00:00	2411.978	2412.587	2407.694	2410.701	4896	0	179
2024.07.15	10:00:00	2410.691	2415.842	2410.691	2414.763	4827	0	179
2024.07.15	11:00:00	2414.749	2420.332	2414.496	2418.236	6198	0	179
2024.07.15	12:00:00	2418.241	2420.848	2413.428	2414.777	7850	0	179
2024.07.15	13:00:00	2414.763	2419.285	2411.510	2419.101	9722	0	179
2024.07.15	14:00:00	2419.035	2431.999	2418.093	2431.555	10118	0	162
2024.07.15	15:00:00	2431.504	2437.477	2431.398	2433.281	10488	0	179
2024.07.15	16:00:00	2433.263	2439.760	2429.524	2430.172	10653	0	179
2024.07.15	17:00:00	2430.137	2430.225	2420.428	2421.488	9497	0	179
2024.07.15	18:00:00	2421.525	2424.801	2419.713	2422.421	5532	0	179
2024.07.15	19:00:00	2422.389	2423.249	2420.210	2421.091	5127	0	179
2024.07.15	20:00:00	2421.145	2422.432	2420.587	2422.115	2349	0	179
2024.07.15	22:00:00	2421.728	2422.187	2420.896	2420.989	1622	0	179
2024.07.15	23:00:00	2420.979	2422.725	2420.955	2422.496	2159	0	179
2024.07.16	00:00:00	2422.482	2422.872	2419.914	2421.221	3660	0	179
2024.07.16	01:00:00	2421.233	2427.665	2421.171	2427.221	6183	0	179
2024.07.16	02:00:00	2427.225	2430.245	2426.029	2430.133	5260	0	179
2024.07.16	03:00:00	2430.087	2431.449	2426.578	2428.577	4318	0	179
2024.07.16	04:00:00	2428.581	2429.532	2425.032	2429.291	3737	0	179
2024.07.16	05:00:00	2429.283	2432.798	2428.141	2431.870	5310	0	179
2024.07.16	06:00:00	2431.890	2433.837	2428.066	2433.837	5886	0	179
2024.07.16	07:00:00	2433.936	2439.411	2432.550	2436.950	6317	0	179
2024.07.16	08:00:00	2436.951	2438.572	2433.607	2436.517	6129	0	179
2024.07.16	09:00:00	2436.548	2443.409	2435.048	2442.381	6154	0	179
2024.07.16	10:00:00	2442.426	2443.418	2439.675	2440.090	5159	0	179
2024.07.16	11:00:00	2440.139	2442.474	2438.092	2439.521	5655	0	179
2024.07.16	12:00:00	2439.494	2443.989	2429.334	2432.564	13792	0	179
2024.07.16	13:00:00	2432.533	2447.973	2430.950	2442.773	14138	0	179
2024.07.16	14:00:00	2442.755	2454.039	2440.525	2452.025	11143	0	179
2024.07.16	15:00:00	2451.987	2465.283	2451.855	2463.099	11575	0	179
2024.07.16	16:00:00	2463.101	2463.704	2457.844	2459.165	8217	0	179
2024.07.16	17:00:00	2459.157	2466.406	2458.631	2464.631	5132	0	179
2024.07.16	18:00:00	2464.593	2466.599	2462.423	2465.339	5191	0	179
2024.07.16	19:00:00	2465.376	2468.700	2463.200	2468.483	4596	0	179
2024.07.16	20:00:00	2468.537	2469.806	2466.824	2468.876	3367	0	179
2024.07.16	22:00:00	2468.399	2469.967	2466.246	2468.969	2959	0	179
2024.07.16	23:00:00	2468.973	2469.769	2467.355	2468.278	2907	0	179
2024.07.17	00:00:00	2468.268	2473.330	2466.114	2468.773	5572	0	179
2024.07.17	01:00:00	2468.747	2481.282	2468.542	2479.403	11242	0	179
2024.07.17	02:00:00	2479.453	2482.365	2469.514	2474.502	7787	0	179
2024.07.17	03:00:00	2474.474	2474.515	2463.910	2471.700	7161	0	179
2024.07.17	04:00:00	2471.677	2472.744	2467.669	2467.816	4626	0	179
2024.07.17	05:00:00	2467.821	2470.999	2465.385	2465.415	6022	0	179
2024.07.17	06:00:00	2465.398	2467.540	2461.799	2466.453	7950	0	179
2024.07.17	07:00:00	2466.484	2474.324	2464.139	2474.104	8004	0	179
2024.07.17	08:00:00	2474.080	2478.877	2471.519	2474.973	8554	0	179
2024.07.17	09:00:00	2474.933	2475.486	2469.751	2475.023	6753	0	179
2024.07.17	10:00:00	2475.051	2476.354	2466.656	2467.829	6351	0	179
2024.07.17	11:00:00	2467.793	2473.209	2467.203	2470.029	6853	0	179
2024.07.17	12:00:00	2470.059	2475.350	2468.715	2473.379	8289	0	179
2024.07.17	13:00:00	2473.340	2483.480	2471.155	2482.972	15448	0	179
2024.07.17	14:00:00	2482.911	2483.752	2461.055	2463.738	19750	0	179
2024.07.17	15:00:00	2463.710	2465.965	2457.991	2463.374	14320	0	179
2024.07.17	16:00:00	2463.422	2465.106	2452.811	2455.646	9278	0	179
2024.07.17	17:00:00	2455.667	2459.270	2451.851	2452.566	7336	0	179
2024.07.17	18:00:00	2452.592	2458.113	2451.407	2457.905	5256	0	179
2024.07.17	19:00:00	2457.953	2460.422	2457.015	2457.986	4972	0	179
2024.07.17	20:00:00	2458.021	2459.428	2457.212	2458.829	2621	0	179
2024.07.17	22:00:00	2458.984	2459.546	2457.968	2459.217	2387	0	179
2024.07.17	23:00:00	2459.256	2461.832	2459.085	2461.296	3654	0	179
2024.07.18	00:00:00	2461.334	2461.436	2457.290	2458.851	4292	0	179
2024.07.18	01:00:00	2458.803	2464.104	2457.576	2462.401	6679	0	179
2024.07.18	02:00:00	2462.420	2465.971	2460.291	2465.532	5135	0	179
2024.07.18	03:00:00	2465.494	2468.851	2465.243	2468.009	5369	0	179
2024.07.18	04:00:00	2468.000	2468.186	2465.077	2465.269	4294	0	179
2024.07.18	05:00:00	2465.309	2469.918	2464.887	2466.944	6188	0	179
2024.07.18	06:00:00	2466.988	2472.144	2464.551	2471.411	6802	0	179
2024.07.18	07:00:00	2471.446	2474.966	2470.747	2471.930	6075	0	179
2024.07.18	08:00:00	2471.959	2473.694	2465.578	2465.986	6074	0	179
2024.07.18	09:00:00	2465.991	2467.688	2464.544	2465.651	5710	0	179
2024.07.18	10:00:00	2465.609	2466.325	2461.488	2464.180	6029	0	179
2024.07.18	11:00:00	2464.149	2466.363	2462.057	2464.461	5207	0	179
2024.07.18	12:00:00	2464.503	2468.765	2462.609	2464.043	9760	0	179
2024.07.18	13:00:00	2464.071	2466.165	2457.522	2464.950	12972	0	179
2024.07.18	14:00:00	2465.003	2469.919	2460.061	2468.409	10241	0	199
2024.07.18	15:00:00	2468.521	2469.043	2461.137	2461.223	8805	0	179
2024.07.18	16:00:00	2461.322	2462.071	2455.768	2456.227	7282	0	179
2024.07.18	17:00:00	2456.142	2457.574	2451.740	2456.260	7154	0	179
2024.07.18	18:00:00	2456.302	2456.482	2450.783	2451.484	5070	0	179
2024.07.18	19:00:00	2451.496	2451.817	2440.226	2442.916	8088	0	179
2024.07.18	20:00:00	2442.965	2445.508	2441.223	2444.902	3424	0	179
2024.07.18	22:00:00	2445.407	2445.563	2443.748	2444.423	2210	0	179
2024.07.18	23:00:00	2444.420	2445.194	2441.169	2441.250	2218	0	179
2024.07.19	00:00:00	2441.292	2441.343	2426.085	2434.301	10631	0	179
2024.07.19	01:00:00	2434.415	2434.607	2420.436	2426.191	13769	0	179
2024.07.19	02:00:00	2426.166	2428.690	2422.575	2428.256	7469	0	179
2024.07.19	03:00:00	2428.258	2429.498	2425.000	2428.700	5292	0	179
2024.07.19	04:00:00	2428.697	2429.321	2423.894	2425.397	4142	0	179
2024.07.19	05:00:00	2425.404	2426.085	2421.091	2423.371	6341	0	179
2024.07.19	06:00:00	2423.352	2424.065	2414.267	2419.943	11264	0	179
2024.07.19	07:00:00	2419.980	2422.171	2412.833	2418.127	7914	0	179
2024.07.19	08:00:00	2418.139	2421.641	2416.298	2420.384	7324	0	179
2024.07.19	09:00:00	2420.434	2421.160	2414.812	2416.122	6113	0	179
2024.07.19	10:00:00	2416.183	2416.372	2410.532	2412.460	6505	0	179
2024.07.19	11:00:00	2412.504	2414.329	2408.411	2410.053	7024	0	179
2024.07.19	12:00:00	2410.059	2410.228	2401.470	2403.745	10977	0	179
2024.07.19	13:00:00	2403.700	2406.719	2393.727	2403.792	20102	0	179
2024.07.19	14:00:00	2403.820	2404.748	2395.971	2397.983	13153	0	179
2024.07.19	15:00:00	2397.935	2408.450	2397.704	2405.386	9419	0	179
2024.07.19	16:00:00	2405.445	2406.003	2399.312	2399.667	5890	0	179
2024.07.19	17:00:00	2399.666	2400.761	2395.640	2399.218	6838	0	179
2024.07.19	18:00:00	2399.210	2400.275	2397.064	2398.530	4611	0	179
2024.07.19	19:00:00	2398.526	2400.123	2397.034	2398.712	4586	0	179
2024.07.19	20:00:00	2398.743	2400.550	2397.783	2400.451	3119	0	179
2024.07.21	22:00:00	2403.680	2411.728	2402.487	2411.319	3376	0	179
2024.07.21	23:00:00	2411.272	2411.931	2409.224	2411.528	3890	0	180
2024.07.22	00:00:00	2411.496	2411.675	2406.848	2407.882	4819	0	179
2024.07.22	01:00:00	2407.832	2412.188	2405.746	2406.398	7754	0	179
2024.07.22	02:00:00	2406.371	2408.208	2403.233	2406.499	6087	0	179
2024.07.22	03:00:00	2406.522	2409.534	2405.861	2406.732	4385	0	179
2024.07.22	04:00:00	2406.690	2407.167	2403.153	2405.508	4194	0	179
2024.07.22	05:00:00	2405.527	2407.325	2402.867	2402.943	5611	0	179
2024.07.22	06:00:00	2402.910	2405.217	2398.881	2402.526	8858	0	179
2024.07.22	07:00:00	2402.553	2404.536	2399.702	2402.511	6606	0	179
2024.07.22	08:00:00	2402.501	2404.676	2399.836	2400.757	5394	0	179
2024.07.22	09:00:00	2400.746	2405.765	2399.833	2404.399	5778	0	179
2024.07.22	10:00:00	2404.448	2408.349	2403.578	2406.871	5109	0	179
2024.07.22	11:00:00	2406.913	2407.615	2397.953	2398.056	5915	0	179
2024.07.22	12:00:00	2398.043	2399.544	2388.755	2394.218	11798	0	179
2024.07.22	13:00:00	2394.248	2400.127	2391.436	2392.687	13106	0	179
2024.07.22	14:00:00	2392.659	2394.804	2383.797	2387.287	12470	0	179
2024.07.22	15:00:00	2387.279	2390.556	2384.177	2386.312	8027	0	179
2024.07.22	16:00:00	2386.304	2393.303	2386.085	2392.980	5985	0	179
2024.07.22	17:00:00	2393.017	2396.393	2391.758	2393.950	5338	0	179
2024.07.22	18:00:00	2393.991	2396.460	2392.473	2395.721	4123	0	179
2024.07.22	19:00:00	2395.708	2400.060	2395.093	2399.000	3844	0	179
2024.07.22	20:00:00	2398.954	2399.479	2395.678	2396.582	2183	0	180
2024.07.22	22:00:00	2397.067	2397.988	2395.055	2395.122	1706	0	179
2024.07.22	23:00:00	2395.132	2396.164	2394.705	2395.783	2286	0	179
2024.07.23	00:00:00	2395.750	2400.281	2395.451	2399.980	3864	0	180
2024.07.23	01:00:00	2400.020	2403.981	2397.858	2401.094	7344	0	179
2024.07.23	02:00:00	2401.046	2402.399	2397.442	2399.643	5272	0	179
2024.07.23	03:00:00	2399.604	2400.747	2396.200	2398.357	5098	0	179
2024.07.23	04:00:00	2398.360	2399.643	2395.716	2396.449	4118	0	179
2024.07.23	05:00:00	2396.492	2396.882	2390.736	2392.621	5314	0	179
2024.07.23	06:00:00	2392.562	2393.721	2388.182	2390.330	7405	0	179
2024.07.23	07:00:00	2390.410	2399.192	2389.971	2397.790	7393	0	179
2024.07.23	08:00:00	2397.823	2407.152	2396.303	2404.075	6774	0	179
2024.07.23	09:00:00	2404.042	2408.124	2403.145	2406.867	6250	0	179
2024.07.23	10:00:00	2406.769	2408.291	2405.505	2407.644	5234	0	179
2024.07.23	11:00:00	2407.604	2411.984	2405.943	2407.614	6048	0	179
2024.07.23	12:00:00	2407.578	2409.298	2403.658	2405.453	7649	0	179
2024.07.23	13:00:00	2405.415	2407.647	2399.511	2401.945	10558	0	179
2024.07.23	14:00:00	2402.053	2407.394	2399.570	2402.876	9342	0	179
2024.07.23	15:00:00	2402.833	2407.188	2402.050	2405.479	6279	0	179
2024.07.23	16:00:00	2405.437	2406.757	2402.935	2405.350	5051	0	179
2024.07.23	17:00:00	2405.302	2408.245	2402.626	2404.918	5508	0	179
2024.07.23	18:00:00	2404.869	2406.321	2403.792	2405.616	4089	0	179
2024.07.23	19:00:00	2405.661	2408.974	2405.325	2407.545	4046	0	179
2024.07.23	20:00:00	2407.504	2410.013	2405.308	2409.404	3005	0	179
2024.07.23	22:00:00	2408.702	2409.675	2408.039	2409.353	1814	0	180
2024.07.23	23:00:00	2409.312	2409.484	2407.848	2408.513	2222	0	179
2024.07.24	00:00:00	2408.558	2410.248	2408.032	2408.310	3369	0	179
2024.07.24	01:00:00	2408.323	2412.157	2404.866	2408.160	7381	0	179
2024.07.24	02:00:00	2408.121	2415.884	2407.128	2414.119	7301	0	179
2024.07.24	03:00:00	2414.147	2418.319	2413.625	2416.406	5541	0	179
2024.07.24	04:00:00	2416.421	2417.963	2414.721	2417.795	4916	0	179
2024.07.24	05:00:00	2417.797	2417.926	2412.978	2416.099	5399	0	179
2024.07.24	06:00:00	2416.045	2419.206	2414.183	2417.498	6601	0	179
2024.07.24	07:00:00	2417.450	2417.852	2411.549	2414.574	5933	0	179
2024.07.24	08:00:00	2414.532	2415.116	2410.689	2411.825	4870	0	179
2024.07.24	09:00:00	2411.864	2414.904	2409.780	2413.447	5379	0	179
2024.07.24	10:00:00	2413.491	2416.488	2412.122	2413.622	5041	0	179
2024.07.24	11:00:00	2413.523	2417.794	2410.532	2417.432	5319	0	179
2024.07.24	12:00:00	2417.469	2422.027	2416.203	2421.426	7678	0	179
2024.07.24	13:00:00	2421.425	2426.737	2413.577	2421.721	13498	0	179
2024.07.24	14:00:00	2421.728	2431.954	2419.145	2430.254	14287	0	179
2024.07.24	15:00:00	2430.303	2431.355	2422.300	2424.757	8737	0	179
2024.07.24	16:00:00	2424.793	2424.924	2418.508	2419.090	6397	0	179
2024.07.24	17:00:00	2419.066	2419.618	2407.995	2409.170	7082	0	179
2024.07.24	18:00:00	2409.135	2409.464	2405.599	2408.258	7140	0	179
2024.07.24	19:00:00	2408.187	2408.740	2398.280	2398.358	6451	0	179
2024.07.24	20:00:00	2398.478	2400.551	2397.059	2397.267	4787	0	179
2024.07.24	22:00:00	2397.531	2398.211	2393.060	2397.822	4407	0	179
2024.07.24	23:00:00	2397.859	2401.193	2397.011	2398.669	3823	0	179
2024.07.25	00:00:00	2398.720	2399.309	2395.977	2397.104	5997	0	179
2024.07.25	01:00:00	2397.062	2399.985	2370.478	2376.350	22572	0	179
2024.07.25	02:00:00	2376.339	2380.676	2369.860	2372.570	14260	0	179
2024.07.25	03:00:00	2372.508	2375.567	2366.737	2374.727	9327	0	179
2024.07.25	04:00:00	2374.711	2377.986	2373.111	2377.547	5686	0	179
2024.07.25	05:00:00	2377.564	2377.845	2369.022	2376.255	7414	0	179
2024.07.25	06:00:00	2376.298	2378.706	2369.793	2371.995	8530	0	179
2024.07.25	07:00:00	2372.036	2377.454	2365.752	2374.020	8690	0	179
2024.07.25	08:00:00	2374.073	2377.556	2372.031	2374.705	7782	0	179
2024.07.25	09:00:00	2374.710	2376.210	2370.469	2373.698	6796	0	179
2024.07.25	10:00:00	2373.737	2382.529	2371.919	2381.154	6577	0	179
2024.07.25	11:00:00	2381.193	2381.765	2367.992	2368.560	8306	0	179
2024.07.25	12:00:00	2368.562	2377.310	2362.720	2371.126	18217	0	179
2024.07.25	13:00:00	2371.138	2376.338	2362.037	2364.864	20868	0	179
2024.07.25	14:00:00	2364.792	2368.491	2357.919	2366.718	17584	0	179
2024.07.25	15:00:00	2366.664	2368.401	2362.081	2363.151	10104	0	179
2024.07.25	16:00:00	2363.123	2364.561	2357.472	2362.614	8946	0	179
2024.07.25	17:00:00	2362.662	2365.522	2353.081	2356.060	10196	0	179
2024.07.25	18:00:00	2356.089	2360.275	2354.242	2357.118	6184	0	179
2024.07.25	19:00:00	2357.108	2363.901	2356.062	2362.579	5508	0	179
2024.07.25	20:00:00	2362.608	2365.205	2359.358	2365.062	4922	0	180
2024.07.25	22:00:00	2364.122	2365.455	2362.855	2363.351	2208	0	179
2024.07.25	23:00:00	2363.360	2364.741	2362.024	2363.801	3091	0	179
2024.07.26	00:00:00	2363.849	2365.405	2362.146	2362.727	4229	0	179
2024.07.26	01:00:00	2362.726	2373.950	2355.842	2373.473	10156	0	179
2024.07.26	02:00:00	2373.512	2379.403	2370.535	2374.247	7535	0	179
2024.07.26	03:00:00	2374.250	2378.278	2371.505	2371.779	6465	0	179
2024.07.26	04:00:00	2371.821	2372.868	2369.716	2369.799	4342	0	179
2024.07.26	05:00:00	2369.796	2375.252	2368.149	2374.291	6147	0	179
2024.07.26	06:00:00	2374.321	2374.426	2365.214	2369.536	7180	0	179
2024.07.26	07:00:00	2369.595	2371.934	2367.576	2371.462	5943	0	179
2024.07.26	08:00:00	2371.503	2374.148	2369.286	2372.912	5906	0	179
2024.07.26	09:00:00	2372.870	2374.479	2371.609	2373.732	5214	0	179
2024.07.26	10:00:00	2373.730	2375.331	2372.612	2372.687	4417	0	179
2024.07.26	11:00:00	2372.649	2375.803	2370.235	2373.278	5029	0	179
2024.07.26	12:00:00	2373.274	2379.046	2371.028	2377.456	11515	0	179
2024.07.26	13:00:00	2377.455	2383.224	2373.945	2381.677	12299	0	179
2024.07.26	14:00:00	2381.584	2390.799	2380.354	2381.969	13445	0	179
2024.07.26	15:00:00	2381.914	2386.880	2379.909	2385.132	7850	0	179
2024.07.26	16:00:00	2385.164	2390.369	2384.606	2389.117	6163	0	179
2024.07.26	17:00:00	2389.081	2389.210	2381.125	2383.374	5706	0	179
2024.07.26	18:00:00	2383.370	2386.207	2382.753	2384.311	4440	0	179
2024.07.26	19:00:00	2384.364	2387.038	2382.656	2386.272	4269	0	179
2024.07.26	20:00:00	2386.312	2388.853	2385.430	2387.114	3256	0	180
2024.07.28	22:00:00	2387.944	2403.181	2387.853	2395.767	7036	0	179
2024.07.28	23:00:00	2395.807	2398.994	2394.621	2397.091	4120	0	179
2024.07.29	00:00:00	2397.055	2401.614	2397.002	2400.056	5572	0	179
2024.07.29	01:00:00	2400.086	2402.484	2388.599	2392.725	11001	0	179
2024.07.29	02:00:00	2392.682	2394.702	2390.894	2393.240	6133	0	179
2024.07.29	03:00:00	2393.211	2395.228	2391.888	2394.526	4696	0	179
2024.07.29	04:00:00	2394.505	2395.976	2393.286	2394.824	4111	0	179
2024.07.29	05:00:00	2394.820	2396.263	2390.218	2392.792	5495	0	179
2024.07.29	06:00:00	2392.750	2395.440	2390.669	2391.752	5994	0	179
2024.07.29	07:00:00	2391.765	2394.422	2389.490	2391.569	7459	0	179
2024.07.29	08:00:00	2391.558	2392.762	2386.926	2390.342	6561	0	179
2024.07.29	09:00:00	2390.374	2393.490	2389.822	2392.702	5517	0	179
2024.07.29	10:00:00	2392.783	2395.368	2392.013	2392.608	5194	0	179
2024.07.29	11:00:00	2392.567	2393.012	2386.809	2387.729	5704	0	179
2024.07.29	12:00:00	2387.740	2394.190	2385.385	2393.785	8703	0	179
2024.07.29	13:00:00	2393.777	2396.786	2389.799	2391.849	11183	0	179
2024.07.29	14:00:00	2391.912	2394.031	2380.045	2381.258	11283	0	179
2024.07.29	15:00:00	2381.219	2382.993	2369.495	2376.796	12718	0	179
2024.07.29	16:00:00	2376.832	2378.986	2374.461	2378.082	6138	0	179
2024.07.29	17:00:00	2378.115	2383.450	2377.441	2378.270	6820	0	179
2024.07.29	18:00:00	2378.296	2380.777	2376.936	2379.563	4601	0	179
2024.07.29	19:00:00	2379.619	2385.490	2378.310	2383.092	5098	0	179
2024.07.29	20:00:00	2383.048	2384.573	2381.248	2383.876	2705	0	180
2024.07.29	22:00:00	2382.680	2384.948	2382.174	2384.073	1529	0	180
2024.07.29	23:00:00	2384.074	2384.290	2380.885	2381.143	2638	0	179
2024.07.30	00:00:00	2381.186	2383.873	2380.170	2381.850	3908	0	179
2024.07.30	01:00:00	2381.843	2382.425	2376.471	2379.790	8843	0	179
2024.07.30	02:00:00	2379.739	2383.236	2378.520	2381.743	5774	0	179
2024.07.30	03:00:00	2381.789	2385.963	2381.454	2385.741	4999	0	179
2024.07.30	04:00:00	2385.730	2388.334	2385.644	2386.332	3928	0	179
2024.07.30	05:00:00	2386.400	2389.882	2386.007	2388.703	5505	0	179
2024.07.30	06:00:00	2388.734	2391.012	2387.731	2390.306	6494	0	179
2024.07.30	07:00:00	2390.364	2391.971	2388.849	2390.225	6116	0	179
2024.07.30	08:00:00	2390.264	2391.517	2388.537	2389.458	5127	0	179
2024.07.30	09:00:00	2389.451	2390.076	2387.795	2389.089	4517	0	179
2024.07.30	10:00:00	2389.057	2392.440	2387.867	2391.646	4853	0	179
2024.07.30	11:00:00	2391.670	2392.165	2386.872	2387.115	5066	0	179
2024.07.30	12:00:00	2387.109	2388.327	2385.669	2386.505	6610	0	179
2024.07.30	13:00:00	2386.552	2397.798	2385.739	2394.105	13228	0	179
2024.07.30	14:00:00	2394.048	2395.975	2387.588	2391.730	13430	0	179
2024.07.30	15:00:00	2391.682	2392.454	2383.320	2385.260	9731	0	179
2024.07.30	16:00:00	2385.303	2400.277	2384.953	2399.745	8218	0	179
2024.07.30	17:00:00	2399.773	2411.070	2399.773	2405.703	12764	0	179
2024.07.30	18:00:00	2405.735	2407.363	2403.606	2404.830	5205	0	179
2024.07.30	19:00:00	2404.847	2408.413	2403.779	2407.008	4480	0	179
2024.07.30	20:00:00	2406.975	2412.878	2406.947	2411.011	4858	0	179
2024.07.30	22:00:00	2409.447	2410.926	2408.001	2409.190	2871	0	179
2024.07.30	23:00:00	2409.225	2410.274	2408.499	2409.807	3094	0	179
2024.07.31	00:00:00	2409.810	2410.034	2407.818	2408.966	3988	0	179
2024.07.31	01:00:00	2408.919	2412.233	2403.877	2409.132	9365	0	179
2024.07.31	02:00:00	2409.071	2409.395	2404.085	2407.383	7106	0	179
2024.07.31	03:00:00	2407.377	2419.165	2407.162	2416.442	9275	0	179
2024.07.31	04:00:00	2416.473	2421.395	2414.427	2421.136	6072	0	179
2024.07.31	05:00:00	2421.136	2422.200	2417.296	2417.793	6074	0	179
2024.07.31	06:00:00	2417.752	2425.510	2416.404	2421.278	7540	0	179
2024.07.31	07:00:00	2421.322	2421.909	2415.850	2417.175	7189	0	179
2024.07.31	08:00:00	2417.137	2421.732	2415.436	2421.410	6901	0	179
2024.07.31	09:00:00	2421.434	2422.301	2417.816	2420.953	4910	0	179
2024.07.31	10:00:00	2420.984	2422.893	2417.567	2418.500	5075	0	179
2024.07.31	11:00:00	2418.406	2423.238	2418.092	2419.576	5697	0	179
2024.07.31	12:00:00	2419.629	2423.017	2417.270	2420.467	10160	0	179
2024.07.31	13:00:00	2420.479	2427.556	2417.811	2426.116	10952	0	179
2024.07.31	14:00:00	2426.190	2428.991	2419.155	2422.335	12671	0	179
2024.07.31	15:00:00	2422.385	2424.279	2420.009	2423.098	7986	0	179
2024.07.31	16:00:00	2423.139	2427.726	2422.397	2426.845	5770	0	179
2024.07.31	17:00:00	2426.888	2428.987	2425.686	2425.837	6108	0	179
2024.07.31	18:00:00	2426.011	2435.373	2421.537	2433.799	14941	0	179
2024.07.31	19:00:00	2433.757	2450.827	2431.119	2449.804	15009	0	179
2024.07.31	20:00:00	2449.758	2450.951	2446.193	2447.786	5658	0	179
2024.07.31	22:00:00	2449.173	2449.505	2446.974	2447.555	2860	0	179
2024.07.31	23:00:00	2447.594	2447.955	2444.084	2445.743	3212	0	179
2024.08.01	00:00:00	2445.725	2449.409	2445.207	2447.575	6337	0	179
2024.08.01	01:00:00	2447.539	2458.350	2446.053	2451.357	13844	0	179
2024.08.01	02:00:00	2451.407	2451.459	2437.256	2441.167	10270	0	179
2024.08.01	03:00:00	2441.176	2444.630	2439.321	2442.777	6899	0	179
2024.08.01	04:00:00	2442.769	2446.815	2442.418	2444.239	4951	0	179
2024.08.01	05:00:00	2444.212	2447.968	2443.541	2446.906	6459	0	179
2024.08.01	06:00:00	2446.860	2448.819	2444.044	2444.795	8543	0	179
2024.08.01	07:00:00	2444.835	2444.877	2439.871	2440.325	7319	0	179
2024.08.01	08:00:00	2440.282	2442.323	2433.144	2433.855	8438	0	179
2024.08.01	09:00:00	2433.849	2435.044	2430.120	2432.937	7299	0	179
2024.08.01	10:00:00	2432.983	2436.772	2431.970	2435.166	6177	0	179
2024.08.01	11:00:00	2435.108	2442.888	2434.332	2440.725	6650	0	179
2024.08.01	12:00:00	2440.773	2454.872	2440.262	2450.600	12120	0	179
2024.08.01	13:00:00	2450.718	2457.355	2448.421	2453.690	15466	0	179
2024.08.01	14:00:00	2453.699	2462.280	2443.147	2448.504	22970	0	179
2024.08.01	15:00:00	2448.467	2451.743	2442.058	2445.107	14277	0	179
2024.08.01	16:00:00	2445.208	2448.761	2443.406	2444.468	9549	0	179
2024.08.01	17:00:00	2444.457	2444.701	2435.812	2439.283	10929	0	179
2024.08.01	18:00:00	2439.240	2441.002	2434.884	2439.563	7420	0	179
2024.08.01	19:00:00	2439.525	2444.099	2438.306	2443.053	6085	0	179
2024.08.01	20:00:00	2443.021	2447.553	2441.715	2446.649	4273	0	179
2024.08.01	22:00:00	2446.364	2447.374	2443.631	2445.155	4031	0	179
2024.08.01	23:00:00	2445.148	2446.526	2444.124	2445.844	3889	0	179
2024.08.02	00:00:00	2445.886	2452.360	2443.901	2449.050	6547	0	179
2024.08.02	01:00:00	2449.045	2450.981	2434.872	2447.179	13597	0	179
2024.08.02	02:00:00	2447.209	2455.698	2446.673	2455.575	10720	0	179
2024.08.02	03:00:00	2455.545	2459.412	2451.575	2454.432	8097	0	179
2024.08.02	04:00:00	2454.422	2460.354	2454.191	2457.850	5182	0	179
2024.08.02	05:00:00	2457.873	2466.889	2457.627	2466.678	7339	0	179
2024.08.02	06:00:00	2466.720	2468.480	2462.364	2465.583	9068	0	179
2024.08.02	07:00:00	2465.504	2466.736	2460.216	2461.538	8662	0	179
2024.08.02	08:00:00	2461.586	2465.312	2460.949	2462.063	6731	0	179
2024.08.02	09:00:00	2462.101	2464.296	2460.858	2463.884	5625	0	179
2024.08.02	10:00:00	2463.912	2465.371	2460.860	2463.593	5941	0	179
2024.08.02	11:00:00	2463.632	2464.651	2457.531	2459.259	7440	0	179
2024.08.02	12:00:00	2459.216	2477.704	2455.781	2472.856	22870	0	179
2024.08.02	13:00:00	2472.828	2474.236	2455.722	2469.775	28817	0	179
2024.08.02	14:00:00	2469.824	2474.369	2428.187	2431.556	38771	0	179
2024.08.02	15:00:00	2431.502	2435.775	2410.794	2433.120	32604	0	179
2024.08.02	16:00:00	2433.068	2439.293	2426.261	2430.530	17998	0	179
2024.08.02	17:00:00	2430.518	2431.601	2422.959	2427.846	10220	0	179
2024.08.02	18:00:00	2427.787	2433.632	2426.557	2428.984	7025	0	179
2024.08.02	19:00:00	2429.011	2438.237	2425.587	2437.618	7358	0	179
2024.08.02	20:00:00	2437.645	2442.477	2435.539	2441.892	4847	0	179
2024.08.04	22:00:00	2441.020	2446.317	2437.915	2441.390	6706	0	179
2024.08.04	23:00:00	2441.379	2445.778	2439.049	2440.952	6562	0	179
2024.08.05	00:00:00	2440.984	2440.984	2413.695	2422.122	24121	0	179
2024.08.05	01:00:00	2422.091	2441.927	2420.129	2439.426	23588	0	179
2024.08.05	02:00:00	2439.442	2446.165	2433.006	2442.734	11875	0	179
2024.08.05	03:00:00	2442.687	2452.510	2442.682	2450.956	10022	0	179
2024.08.05	04:00:00	2451.022	2458.836	2450.841	2452.722	10448	0	179
2024.08.05	05:00:00	2452.636	2452.636	2432.395	2437.913	17527	0	179
2024.08.05	06:00:00	2437.961	2438.726	2422.064	2428.563	21556	0	179
2024.08.05	07:00:00	2428.557	2445.624	2424.557	2431.980	15243	0	179
2024.08.05	08:00:00	2432.021	2434.402	2423.262	2424.947	12107	0	179
2024.08.05	09:00:00	2424.986	2428.730	2419.145	2424.084	13778	0	179
2024.08.05	10:00:00	2424.171	2425.655	2408.076	2408.584	12554	0	179
2024.08.05	11:00:00	2408.625	2408.625	2383.239	2386.736	22155	0	179
2024.08.05	12:00:00	2386.772	2392.246	2364.233	2374.486	32775	0	179
2024.08.05	13:00:00	2374.523	2396.993	2374.523	2393.340	35885	0	179
2024.08.05	14:00:00	2393.309	2397.515	2386.894	2396.548	25210	0	179
2024.08.05	15:00:00	2396.520	2412.236	2396.468	2402.831	20647	0	179
2024.08.05	16:00:00	2402.782	2408.735	2398.986	2403.063	12859	0	179
2024.08.05	17:00:00	2403.034	2406.630	2400.196	2405.023	10501	0	179
2024.08.05	18:00:00	2405.013	2408.923	2403.700	2404.904	7176	0	179
2024.08.05	19:00:00	2404.941	2413.060	2404.619	2407.676	7728	0	179
2024.08.05	20:00:00	2407.658	2411.608	2405.412	2409.343	5383	0	179
2024.08.05	22:00:00	2410.644	2412.562	2407.909	2408.876	3563	0	179
2024.08.05	23:00:00	2408.933	2410.001	2404.340	2404.837	4967	0	179
2024.08.06	00:00:00	2404.865	2418.371	2404.515	2415.900	10079	0	179
2024.08.06	01:00:00	2415.829	2417.686	2410.719	2412.389	12989	0	179
2024.08.06	02:00:00	2412.360	2413.267	2405.825	2407.428	9128	0	179
2024.08.06	03:00:00	2407.468	2411.082	2406.491	2409.017	6898	0	179
2024.08.06	04:00:00	2409.013	2412.647	2406.335	2408.073	6741	0	179
2024.08.06	05:00:00	2408.070	2411.846	2398.107	2398.771	11706	0	179
2024.08.06	06:00:00	2398.867	2408.320	2394.780	2401.541	15770	0	179
2024.08.06	07:00:00	2401.495	2410.675	2401.425	2409.835	11212	0	179
2024.08.06	08:00:00	2409.935	2415.389	2408.073	2411.060	8665	0	179
2024.08.06	09:00:00	2411.106	2415.536	2410.282	2413.296	7795	0	179
2024.08.06	10:00:00	2413.285	2416.344	2411.515	2412.361	7112	0	179
2024.08.06	11:00:00	2412.339	2415.292	2410.104	2410.955	7926	0	179
2024.08.06	12:00:00	2410.996	2412.258	2391.723	2393.110	15181	0	179
2024.08.06	13:00:00	2393.143	2399.514	2388.773	2395.634	21954	0	179
2024.08.06	14:00:00	2395.604	2403.207	2386.183	2388.355	20869	0	179
2024.08.06	15:00:00	2388.318	2391.183	2381.404	2387.536	17934	0	179
2024.08.06	16:00:00	2387.571	2391.423	2385.548	2389.905	8941	0	179
2024.08.06	17:00:00	2389.862	2393.474	2387.607	2391.899	8531	0	179
2024.08.06	18:00:00	2391.865	2396.014	2391.330	2392.733	5849	0	179
2024.08.06	19:00:00	2392.797	2393.058	2386.377	2387.732	6752	0	179
2024.08.06	20:00:00	2387.759	2389.534	2386.829	2389.141	3908	0	179
2024.08.06	22:00:00	2389.898	2390.487	2387.965	2388.688	3299	0	179
2024.08.06	23:00:00	2388.690	2389.655	2382.754	2383.788	4288	0	179
2024.08.07	00:00:00	2383.723	2387.422	2381.083	2386.538	6928	0	179
2024.08.07	01:00:00	2386.566	2387.564	2378.931	2384.017	15610	0	179
2024.08.07	02:00:00	2383.970	2388.440	2380.882	2384.201	12534	0	179
2024.08.07	03:00:00	2384.243	2387.566	2383.191	2385.948	7020	0	179
2024.08.07	04:00:00	2385.985	2394.673	2385.687	2392.833	5885	0	179
2024.08.07	05:00:00	2392.820	2396.240	2388.631	2391.382	8771	0	179
2024.08.07	06:00:00	2391.422	2397.582	2389.576	2394.786	8270	0	179
2024.08.07	07:00:00	2394.824	2394.901	2387.972	2389.310	7792	0	179
2024.08.07	08:00:00	2389.353	2393.723	2388.220	2393.283	7099	0	179
2024.08.07	09:00:00	2393.308	2396.445	2392.401	2394.318	5935	0	179
2024.08.07	10:00:00	2394.368	2398.152	2393.143	2397.433	5353	0	179
2024.08.07	11:00:00	2397.461	2402.392	2394.278	2401.154	7108	0	179
2024.08.07	12:00:00	2401.145	2407.059	2398.846	2403.846	8779	0	179
2024.08.07	13:00:00	2403.878	2404.895	2396.933	2400.040	11907	0	179
2024.08.07	14:00:00	2399.951	2403.403	2397.872	2399.095	11240	0	179
2024.08.07	15:00:00	2399.125	2401.806	2391.932	2394.524	11673	0	179
2024.08.07	16:00:00	2394.450	2399.748	2392.785	2399.676	6533	0	179
2024.08.07	17:00:00	2399.631	2399.714	2389.415	2389.872	7844	0	179
2024.08.07	18:00:00	2389.825	2391.670	2383.782	2386.146	8284	0	179
2024.08.07	19:00:00	2386.185	2390.521	2385.316	2385.719	5858	0	179
2024.08.07	20:00:00	2385.670	2387.382	2381.674	2382.762	3964	0	180
2024.08.07	22:00:00	2382.322	2384.401	2380.884	2383.656	3516	0	179
2024.08.07	23:00:00	2383.655	2385.902	2382.782	2384.791	4280	0	179
2024.08.08	00:00:00	2384.835	2388.775	2383.283	2385.472	6426	0	179
2024.08.08	01:00:00	2385.435	2391.314	2384.959	2386.830	11200	0	179
2024.08.08	02:00:00	2386.795	2390.854	2386.268	2390.390	6443	0	179
2024.08.08	03:00:00	2390.376	2394.729	2388.593	2394.350	5502	0	179
2024.08.08	04:00:00	2394.316	2396.379	2392.693	2394.354	5570	0	179
2024.08.08	05:00:00	2394.283	2395.520	2392.407	2395.252	6030	0	179
2024.08.08	06:00:00	2395.290	2400.674	2392.657	2397.726	9004	0	179
2024.08.08	07:00:00	2397.686	2400.314	2394.714	2396.736	7171	0	179
2024.08.08	08:00:00	2396.786	2398.077	2392.838	2394.570	5507	0	179
2024.08.08	09:00:00	2394.609	2398.968	2393.843	2396.190	5947	0	179
2024.08.08	10:00:00	2396.200	2406.491	2396.187	2405.115	6745	0	179
2024.08.08	11:00:00	2405.085	2413.632	2404.863	2412.192	9645	0	179
2024.08.08	12:00:00	2412.152	2415.554	2407.032	2408.037	14792	0	179
2024.08.08	13:00:00	2408.073	2415.481	2402.295	2414.156	17153	0	179
2024.08.08	14:00:00	2414.157	2424.365	2409.228	2413.728	20571	0	179
2024.08.08	15:00:00	2413.783	2420.272	2411.810	2418.686	8529	0	179
2024.08.08	16:00:00	2418.645	2423.815	2416.727	2418.062	7107	0	179
2024.08.08	17:00:00	2418.102	2424.942	2415.725	2423.551	7834	0	179
2024.08.08	18:00:00	2423.534	2426.361	2422.271	2423.973	5285	0	179
2024.08.08	19:00:00	2423.970	2424.883	2421.498	2423.533	4939	0	179
2024.08.08	20:00:00	2423.550	2427.681	2422.962	2427.136	3300	0	179
2024.08.08	22:00:00	2426.817	2427.818	2424.546	2425.776	3400	0	179
2024.08.08	23:00:00	2425.809	2426.464	2422.829	2424.595	3342	0	179
2024.08.09	00:00:00	2424.519	2425.354	2422.533	2424.025	4978	0	179
2024.08.09	01:00:00	2423.981	2427.676	2420.066	2427.199	8757	0	179
2024.08.09	02:00:00	2427.208	2429.000	2422.363	2422.548	6576	0	179
2024.08.09	03:00:00	2422.507	2423.394	2419.222	2421.089	5335	0	179
2024.08.09	04:00:00	2421.046	2424.510	2420.183	2423.836	4361	0	180
2024.08.09	05:00:00	2423.833	2423.961	2417.114	2417.171	6660	0	179
2024.08.09	06:00:00	2417.128	2421.782	2416.829	2420.683	6762	0	179
2024.08.09	07:00:00	2420.641	2427.054	2420.326	2423.128	6111	0	179
2024.08.09	08:00:00	2423.183	2426.785	2422.205	2424.477	5828	0	179
2024.08.09	09:00:00	2424.433	2425.571	2422.639	2423.559	5179	0	179
2024.08.09	10:00:00	2423.584	2431.556	2422.993	2430.438	5982	0	179
2024.08.09	11:00:00	2430.428	2432.640	2425.128	2426.761	6796	0	179
2024.08.09	12:00:00	2426.734	2429.850	2423.657	2429.610	8218	0	179
2024.08.09	13:00:00	2429.568	2433.185	2420.955	2426.738	16964	0	179
2024.08.09	14:00:00	2426.617	2435.981	2425.327	2428.686	15679	0	179
2024.08.09	15:00:00	2428.682	2432.551	2426.429	2431.470	9523	0	179
2024.08.09	16:00:00	2431.514	2434.763	2427.480	2434.423	6264	0	179
2024.08.09	17:00:00	2434.414	2437.055	2430.487	2430.564	6413	0	179
2024.08.09	18:00:00	2430.573	2430.920	2427.157	2429.782	5076	0	179
2024.08.09	19:00:00	2429.812	2430.103	2427.384	2429.079	4500	0	179
2024.08.09	20:00:00	2429.118	2431.172	2429.118	2430.805	3046	0	179
2024.08.11	22:00:00	2428.332	2433.240	2427.332	2430.405	3321	0	179
2024.08.11	23:00:00	2430.403	2430.605	2427.262	2427.927	3174	0	179
2024.08.12	00:00:00	2427.928	2429.088	2426.731	2428.507	3504	0	179
2024.08.12	01:00:00	2428.471	2430.315	2424.666	2425.985	5837	0	179
2024.08.12	02:00:00	2425.971	2427.444	2423.825	2426.243	5052	0	179
2024.08.12	03:00:00	2426.212	2429.390	2425.709	2428.572	4133	0	179
2024.08.12	04:00:00	2428.529	2433.522	2428.192	2433.331	3198	0	179
2024.08.12	05:00:00	2433.337	2435.040	2429.113	2434.595	5862	0	179
2024.08.12	06:00:00	2434.655	2437.194	2433.569	2436.762	5797	0	179
2024.08.12	07:00:00	2436.713	2442.891	2435.429	2441.573	5686	0	179
2024.08.12	08:00:00	2441.614	2443.844	2439.576	2442.005	5535	0	179
2024.08.12	09:00:00	2441.987	2445.058	2440.525	2442.604	5502	0	179
2024.08.12	10:00:00	2442.705	2444.694	2441.401	2443.781	4954	0	179
2024.08.12	11:00:00	2443.780	2444.182	2439.647	2441.498	5640	0	179
2024.08.12	12:00:00	2441.506	2445.441	2441.409	2444.334	6008	0	180
2024.08.12	13:00:00	2444.343	2457.466	2442.068	2454.182	12798	0	179
2024.08.12	14:00:00	2454.137	2455.474	2444.500	2453.218	12653	0	169
2024.08.12	15:00:00	2453.259	2460.686	2452.882	2459.780	10443	0	169
2024.08.12	16:00:00	2459.771	2466.152	2458.930	2463.161	7297	0	169
2024.08.12	17:00:00	2463.116	2468.593	2461.763	2467.110	6229	0	169
2024.08.12	18:00:00	2467.150	2470.955	2466.344	2470.315	5438	0	169
2024.08.12	19:00:00	2470.297	2472.194	2469.679	2470.473	4305	0	169
2024.08.12	20:00:00	2470.446	2473.189	2470.413	2472.391	2745	0	169
2024.08.12	22:00:00	2470.850	2474.143	2470.151	2473.664	2850	0	169
2024.08.12	23:00:00	2473.673	2476.033	2472.737	2475.536	3265	0	169
2024.08.13	00:00:00	2475.580	2476.963	2468.462	2472.175	5112	0	169
2024.08.13	01:00:00	2472.132	2473.712	2460.848	2466.357	10764	0	169
2024.08.13	02:00:00	2466.323	2467.731	2461.510	2461.510	5699	0	169
2024.08.13	03:00:00	2461.480	2464.663	2461.341	2463.444	5510	0	169
2024.08.13	04:00:00	2463.513	2465.008	2460.124	2462.015	4197	0	169
2024.08.13	05:00:00	2461.963	2464.364	2458.493	2462.736	6277	0	169
2024.08.13	06:00:00	2462.788	2464.608	2461.109	2463.286	5585	0	169
2024.08.13	07:00:00	2463.252	2466.176	2460.773	2464.260	6107	0	169
2024.08.13	08:00:00	2464.302	2464.371	2458.890	2460.573	5533	0	169
2024.08.13	09:00:00	2460.596	2462.049	2458.834	2460.701	4683	0	169
2024.08.13	10:00:00	2460.693	2463.436	2459.411	2462.197	5222	0	169
2024.08.13	11:00:00	2462.170	2466.607	2461.525	2465.768	6020	0	169
2024.08.13	12:00:00	2465.797	2472.507	2464.282	2467.604	10132	0	169
2024.08.13	13:00:00	2467.571	2475.678	2458.866	2472.879	15495	0	169
2024.08.13	14:00:00	2472.843	2473.214	2464.030	2471.222	11025	0	169
2024.08.13	15:00:00	2471.266	2473.042	2465.971	2468.627	7163	0	169
2024.08.13	16:00:00	2468.600	2471.086	2466.289	2469.438	5891	0	169
2024.08.13	17:00:00	2469.454	2470.304	2465.887	2467.594	5288	0	169
2024.08.13	18:00:00	2467.634	2468.916	2466.337	2467.795	4520	0	169
2024.08.13	19:00:00	2467.748	2468.763	2462.235	2466.912	4714	0	169
2024.08.13	20:00:00	2466.922	2467.835	2464.531	2465.234	2903	0	169
2024.08.13	22:00:00	2466.687	2466.906	2463.904	2465.550	2148	0	169
2024.08.13	23:00:00	2465.559	2465.559	2462.942	2464.060	2716	0	169
2024.08.14	00:00:00	2464.104	2467.397	2463.928	2465.709	3893	0	169
2024.08.14	01:00:00	2465.671	2472.490	2464.560	2465.427	8000	0	169
2024.08.14	02:00:00	2465.397	2465.741	2455.271	2459.850	9433	0	169
2024.08.14	03:00:00	2459.807	2461.554	2458.762	2460.792	5173	0	169
2024.08.14	04:00:00	2460.815	2462.929	2459.791	2461.849	4182	0	169
2024.08.14	05:00:00	2461.813	2462.538	2459.259	2462.052	4626	0	169
2024.08.14	06:00:00	2462.089	2467.715	2460.298	2467.466	6544	0	169
2024.08.14	07:00:00	2467.412	2471.891	2466.292	2470.850	5570	0	169
2024.08.14	08:00:00	2470.822	2478.789	2468.677	2474.449	6980	0	169
2024.08.14	09:00:00	2474.396	2475.386	2470.992	2472.811	5113	0	169
2024.08.14	10:00:00	2472.839	2476.161	2470.472	2474.879	4992	0	169
2024.08.14	11:00:00	2474.850	2475.244	2471.698	2474.696	4938	0	169
2024.08.14	12:00:00	2474.735	2480.064	2462.321	2468.768	16295	0	169
2024.08.14	13:00:00	2468.721	2469.580	2449.324	2457.428	22887	0	169
2024.08.14	14:00:00	2457.401	2458.301	2446.862	2450.267	17676	0	169
2024.08.14	15:00:00	2450.215	2452.207	2442.008	2444.024	11545	0	169
2024.08.14	16:00:00	2444.023	2445.485	2437.995	2444.121	8435	0	169
2024.08.14	17:00:00	2444.104	2445.028	2440.323	2441.554	6080	0	169
2024.08.14	18:00:00	2441.593	2448.009	2440.632	2447.678	5217	0	169
2024.08.14	19:00:00	2447.640	2448.449	2444.307	2447.200	4424	0	169
2024.08.14	20:00:00	2447.130	2448.368	2446.529	2447.929	2610	0	169
2024.08.14	22:00:00	2447.924	2448.593	2446.433	2447.847	2043	0	169
2024.08.14	23:00:00	2447.883	2449.482	2447.171	2449.408	2755	0	169
2024.08.15	00:00:00	2449.396	2454.270	2448.418	2450.156	4713	0	169
2024.08.15	01:00:00	2450.122	2453.563	2448.228	2450.657	8353	0	169
2024.08.15	02:00:00	2450.656	2452.548	2449.785	2451.454	5558	0	169
2024.08.15	03:00:00	2451.463	2454.323	2451.253	2453.681	3931	0	169
2024.08.15	04:00:00	2453.709	2455.482	2452.682	2453.379	3742	0	169
2024.08.15	05:00:00	2453.320	2455.038	2450.280	2453.811	5354	0	169
2024.08.15	06:00:00	2453.863	2458.760	2452.711	2456.045	7099	0	169
2024.08.15	07:00:00	2455.997	2456.634	2454.375	2455.710	5081	0	169
2024.08.15	08:00:00	2455.701	2457.214	2453.577	2455.455	5381	0	169
2024.08.15	09:00:00	2455.475	2457.282	2455.278	2456.734	4230	0	169
2024.08.15	10:00:00	2456.770	2460.273	2456.770	2458.176	4493	0	169
2024.08.15	11:00:00	2458.220	2464.147	2457.863	2463.533	6068	0	169
2024.08.15	12:00:00	2463.581	2470.095	2440.961	2441.089	19327	0	169
2024.08.15	13:00:00	2441.137	2451.551	2432.094	2444.430	24990	0	169
2024.08.15	14:00:00	2444.460	2458.576	2444.460	2452.337	16409	0	169
2024.08.15	15:00:00	2452.308	2459.628	2450.509	2458.339	9845	0	169
2024.08.15	16:00:00	2458.394	2459.947	2455.018	2455.694	6052	0	169
2024.08.15	17:00:00	2455.741	2456.509	2453.400	2455.422	5804	0	169
2024.08.15	18:00:00	2455.434	2458.318	2454.835	2458.224	4857	0	169
2024.08.15	19:00:00	2458.219	2461.631	2454.027	2455.566	5215	0	169
2024.08.15	20:00:00	2455.520	2457.490	2454.672	2456.457	3161	0	169
2024.08.15	22:00:00	2455.960	2456.208	2454.579	2454.922	1758	0	169
2024.08.15	23:00:00	2454.883	2458.258	2454.397	2457.298	3165	0	169
2024.08.16	00:00:00	2457.309	2459.754	2456.883	2458.386	3683	0	169
2024.08.16	01:00:00	2458.372	2460.057	2455.676	2457.382	6537	0	169
2024.08.16	02:00:00	2457.312	2457.715	2453.556	2454.944	5752	0	169
2024.08.16	03:00:00	2454.963	2455.697	2450.700	2452.465	5440	0	169
2024.08.16	04:00:00	2452.420	2453.736	2451.917	2452.746	3320	0	169
2024.08.16	05:00:00	2452.744	2456.317	2452.635	2455.681	4759	0	169
2024.08.16	06:00:00	2455.694	2457.817	2454.625	2454.995	5667	0	169
2024.08.16	07:00:00	2455.039	2464.509	2451.070	2461.983	6927	0	169
2024.08.16	08:00:00	2462.052	2464.020	2459.109	2462.295	5667	0	169
2024.08.16	09:00:00	2462.299	2464.325	2461.128	2463.275	4751	0	169
2024.08.16	10:00:00	2463.315	2468.183	2462.785	2464.639	5795	0	169
2024.08.16	11:00:00	2464.609	2472.314	2464.609	2472.113	7042	0	169
2024.08.16	12:00:00	2472.074	2492.413	2471.251	2491.591	12969	0	169
2024.08.16	13:00:00	2491.637	2500.520	2483.610	2494.759	21339	0	169
2024.08.16	14:00:00	2494.757	2495.084	2477.462	2487.223	21369	0	169
2024.08.16	15:00:00	2487.260	2492.333	2485.622	2491.691	8816	0	169
2024.08.16	16:00:00	2491.731	2497.850	2491.651	2495.835	7818	0	169
2024.08.16	17:00:00	2495.850	2500.162	2493.097	2499.698	6600	0	169
2024.08.16	18:00:00	2499.707	2505.562	2498.403	2503.303	6118	0	169
2024.08.16	19:00:00	2503.351	2508.998	2501.706	2507.862	5853	0	169
2024.08.16	20:00:00	2507.916	2509.783	2505.539	2507.820	4324	0	169
2024.08.18	22:00:00	2506.461	2506.501	2502.271	2504.831	4972	0	179
2024.08.18	23:00:00	2504.906	2506.778	2503.411	2506.414	2401	0	179
2024.08.19	00:00:00	2506.420	2506.771	2500.358	2502.059	5398	0	179
2024.08.19	01:00:00	2502.106	2506.058	2494.933	2498.174	13031	0	179
2024.08.19	02:00:00	2498.117	2503.973	2496.129	2503.472	6824	0	179
2024.08.19	03:00:00	2503.431	2505.829	2500.477	2503.220	6462	0	179
2024.08.19	04:00:00	2503.201	2504.737	2498.768	2500.708	4975	0	179
2024.08.19	05:00:00	2500.659	2502.478	2499.088	2501.088	6219	0	179
2024.08.19	06:00:00	2501.103	2505.183	2499.632	2502.155	6947	0	179
2024.08.19	07:00:00	2502.199	2504.933	2499.736	2502.992	6315	0	179
2024.08.19	08:00:00	2502.945	2507.181	2502.327	2503.044	5635	0	179
2024.08.19	09:00:00	2503.029	2503.980	2499.725	2499.947	4704	0	179
2024.08.19	10:00:00	2499.901	2500.084	2489.395	2489.841	6830	0	179
2024.08.19	11:00:00	2489.773	2495.167	2486.483	2494.391	7374	0	179
2024.08.19	12:00:00	2494.415	2495.507	2488.654	2491.087	7298	0	179
2024.08.19	13:00:00	2491.138	2495.847	2485.615	2494.651	14125	0	179
2024.08.19	14:00:00	2494.618	2504.837	2493.842	2501.286	12122	0	179
2024.08.19	15:00:00	2501.329	2505.947	2499.929	2503.934	8092	0	179
2024.08.19	16:00:00	2503.898	2507.482	2501.912	2505.475	6668	0	179
2024.08.19	17:00:00	2505.482	2505.867	2500.634	2503.153	5783	0	179
2024.08.19	18:00:00	2503.145	2504.862	2502.372	2504.230	4199	0	179
2024.08.19	19:00:00	2504.189	2505.899	2503.044	2505.437	3830	0	179
2024.08.19	20:00:00	2505.502	2505.638	2503.332	2504.052	2175	0	179
2024.08.19	22:00:00	2503.234	2504.578	2502.044	2504.272	1951	0	179
2024.08.19	23:00:00	2504.263	2504.310	2502.398	2503.544	2256	0	180
2024.08.20	00:00:00	2503.554	2506.908	2503.317	2504.976	4090	0	179
2024.08.20	01:00:00	2504.934	2508.289	2501.168	2502.000	7493	0	179
2024.08.20	02:00:00	2501.962	2502.319	2498.632	2499.710	6377	0	179
2024.08.20	03:00:00	2499.652	2502.466	2499.089	2501.778	4197	0	179
2024.08.20	04:00:00	2501.789	2502.810	2499.455	2500.853	3258	0	179
2024.08.20	05:00:00	2500.896	2503.709	2499.374	2499.442	4659	0	179
2024.08.20	06:00:00	2499.472	2505.846	2497.283	2502.394	6875	0	179
2024.08.20	07:00:00	2502.291	2515.223	2501.112	2514.878	7288	0	179
2024.08.20	08:00:00	2514.905	2523.123	2514.293	2519.755	10962	0	179
2024.08.20	09:00:00	2519.811	2525.197	2519.756	2521.747	7057	0	179
2024.08.20	10:00:00	2521.703	2524.514	2521.089	2522.809	5396	0	179
2024.08.20	11:00:00	2522.769	2527.171	2522.113	2526.224	5801	0	179
2024.08.20	12:00:00	2526.267	2529.170	2521.654	2526.759	9341	0	179
2024.08.20	13:00:00	2526.725	2531.668	2519.858	2529.864	15612	0	179
2024.08.20	14:00:00	2529.909	2530.261	2520.372	2523.870	15145	0	179
2024.08.20	15:00:00	2523.823	2523.991	2505.759	2508.518	16611	0	179
2024.08.20	16:00:00	2508.549	2510.576	2500.829	2509.002	10608	0	179
2024.08.20	17:00:00	2509.037	2513.239	2506.718	2510.524	6332	0	179
2024.08.20	18:00:00	2510.496	2515.521	2509.241	2513.334	4797	0	179
2024.08.20	19:00:00	2513.328	2515.292	2510.844	2514.951	4266	0	179
2024.08.20	20:00:00	2514.994	2516.937	2513.803	2513.981	2410	0	179
2024.08.20	22:00:00	2513.347	2515.721	2513.296	2514.691	1952	0	179
2024.08.20	23:00:00	2514.761	2516.121	2512.724	2512.964	2725	0	179
2024.08.21	00:00:00	2512.976	2515.954	2512.479	2513.510	4062	0	179
2024.08.21	01:00:00	2513.528	2517.118	2510.759	2516.915	7712	0	179
2024.08.21	02:00:00	2516.920	2519.942	2515.842	2519.335	6003	0	179
2024.08.21	03:00:00	2519.340	2519.379	2512.959	2517.386	4996	0	179
2024.08.21	04:00:00	2517.433	2517.683	2513.776	2516.132	4103	0	179
2024.08.21	05:00:00	2516.146	2518.416	2514.890	2515.191	4555	0	179
2024.08.21	06:00:00	2515.225	2519.566	2511.692	2514.519	6734	0	179
2024.08.21	07:00:00	2514.447	2516.970	2508.059	2509.751	6954	0	179
2024.08.21	08:00:00	2509.723	2512.362	2506.718	2507.271	5760	0	179
2024.08.21	09:00:00	2507.231	2509.222	2504.467	2505.652	5430	0	179
2024.08.21	10:00:00	2505.614	2509.722	2504.418	2509.302	5257	0	179
2024.08.21	11:00:00	2509.344	2513.321	2506.838	2511.823	5394	0	179
2024.08.21	12:00:00	2511.781	2513.733	2507.084	2510.488	8076	0	179
2024.08.21	13:00:00	2510.528	2512.887	2497.895	2503.001	13754	0	179
2024.08.21	14:00:00	2502.952	2506.731	2493.644	2501.527	26325	0	179
2024.08.21	15:00:00	2501.566	2511.059	2501.314	2508.410	9703	0	179
2024.08.21	16:00:00	2508.369	2508.887	2503.051	2507.063	6712	0	179
2024.08.21	17:00:00	2507.097	2511.403	2506.843	2509.433	5554	0	179
2024.08.21	18:00:00	2509.398	2519.167	2509.398	2515.883	7418	0	179
2024.08.21	19:00:00	2515.901	2516.402	2510.915	2511.559	5496	0	179
2024.08.21	20:00:00	2511.513	2512.455	2509.759	2512.061	3156	0	179
2024.08.21	22:00:00	2511.984	2513.991	2511.409	2513.869	2071	0	179
2024.08.21	23:00:00	2513.872	2514.424	2512.232	2512.783	2111	0	179
2024.08.22	00:00:00	2512.732	2514.701	2511.169	2513.696	3947	0	179
2024.08.22	01:00:00	2513.689	2514.072	2507.032	2507.645	6679	0	179
2024.08.22	02:00:00	2507.664	2508.673	2499.852	2502.290	7126	0	179
2024.08.22	03:00:00	2502.345	2504.687	2501.084	2502.329	5684	0	179
2024.08.22	04:00:00	2502.344	2502.389	2499.184	2501.922	3837	0	179
2024.08.22	05:00:00	2501.879	2506.286	2500.632	2505.495	5400	0	179
2024.08.22	06:00:00	2505.511	2510.591	2503.503	2507.538	7658	0	179
2024.08.22	07:00:00	2507.497	2509.832	2504.360	2507.102	6652	0	179
2024.08.22	08:00:00	2507.104	2507.494	2502.416	2503.600	6093	0	179
2024.08.22	09:00:00	2503.578	2507.994	2501.049	2507.223	6152	0	179
2024.08.22	10:00:00	2507.267	2509.122	2505.186	2505.320	4752	0	179
2024.08.22	11:00:00	2505.277	2506.002	2498.061	2499.444	6918	0	179
2024.08.22	12:00:00	2499.502	2504.181	2495.186	2500.661	10648	0	179
2024.08.22	13:00:00	2500.618	2501.521	2482.982	2487.915	17820	0	179
2024.08.22	14:00:00	2487.887	2487.887	2470.801	2480.020	19488	0	179
2024.08.22	15:00:00	2480.011	2484.156	2474.958	2481.794	10579	0	179
2024.08.22	16:00:00	2481.842	2485.950	2481.285	2484.204	7373	0	179
2024.08.22	17:00:00	2484.182	2484.432	2479.543	2482.207	6337	0	179
2024.08.22	18:00:00	2482.253	2484.789	2480.345	2482.296	5441	0	179
2024.08.22	19:00:00	2482.249	2483.444	2478.491	2482.983	4686	0	179
2024.08.22	20:00:00	2483.021	2484.853	2482.373	2484.319	3241	0	180
2024.08.22	22:00:00	2484.521	2485.594	2484.370	2485.164	1555	0	180
2024.08.22	23:00:00	2485.151	2487.582	2484.858	2487.564	1904	0	180
2024.08.23	00:00:00	2487.574	2492.189	2486.469	2489.960	4716	0	179
2024.08.23	01:00:00	2489.945	2491.471	2487.835	2490.801	7501	0	179
2024.08.23	02:00:00	2490.841	2491.588	2486.643	2489.933	5647	0	179
2024.08.23	03:00:00	2489.885	2493.753	2489.448	2493.170	5124	0	179
2024.08.23	04:00:00	2493.153	2494.534	2492.554	2493.313	3767	0	179
2024.08.23	05:00:00	2493.333	2495.754	2491.107	2491.800	5019	0	179
2024.08.23	06:00:00	2491.780	2494.638	2490.540	2492.902	5564	0	179
2024.08.23	07:00:00	2492.964	2494.084	2491.640	2493.384	6045	0	179
2024.08.23	08:00:00	2493.338	2499.915	2492.991	2498.910	5563	0	179
2024.08.23	09:00:00	2498.911	2501.873	2496.887	2498.976	5512	0	179
2024.08.23	10:00:00	2498.931	2499.327	2495.597	2499.009	5035	0	179
2024.08.23	11:00:00	2498.959	2502.502	2497.388	2501.571	5155	0	179
2024.08.23	12:00:00	2501.557	2502.373	2498.331	2501.332	6827	0	179
2024.08.23	13:00:00	2501.299	2503.903	2494.453	2498.532	10738	0	179
2024.08.23	14:00:00	2498.616	2517.887	2497.803	2509.138	31581	0	179
2024.08.23	15:00:00	2509.165	2518.350	2507.910	2509.845	14167	0	179
2024.08.23	16:00:00	2509.884	2510.482	2501.706	2510.244	10315	0	179
2024.08.23	17:00:00	2510.333	2513.242	2509.451	2510.918	6919	0	179
2024.08.23	18:00:00	2510.908	2511.870	2508.980	2509.826	4750	0	179
2024.08.23	19:00:00	2509.794	2512.802	2507.841	2510.772	4817	0	179
2024.08.23	20:00:00	2510.745	2512.459	2509.532	2512.357	3097	0	179
2024.08.25	22:00:00	2512.067	2514.663	2511.068	2512.949	3064	0	159
2024.08.25	23:00:00	2512.974	2516.683	2512.921	2515.917	4344	0	159
2024.08.26	00:00:00	2515.903	2517.001	2512.467	2513.729	5514	0	159
2024.08.26	01:00:00	2513.720	2515.538	2510.558	2513.344	8639	0	159
2024.08.26	02:00:00	2513.377	2515.339	2511.752	2511.955	5077	0	159
2024.08.26	03:00:00	2511.949	2512.967	2509.330	2509.769	4582	0	159
2024.08.26	04:00:00	2509.739	2510.838	2508.894	2509.638	3945	0	159
2024.08.26	05:00:00	2509.618	2511.253	2508.646	2510.593	4848	0	159
2024.08.26	06:00:00	2510.571	2515.372	2509.774	2515.117	6600	0	159
2024.08.26	07:00:00	2515.072	2521.820	2514.138	2521.408	7988	0	159
2024.08.26	08:00:00	2521.412	2525.778	2520.702	2524.190	6479	0	159
2024.08.26	09:00:00	2524.235	2525.565	2523.345	2524.979	5282	0	159
2024.08.26	10:00:00	2524.992	2526.608	2522.488	2524.926	5651	0	159
2024.08.26	11:00:00	2524.886	2526.906	2520.884	2526.533	6818	0	159
2024.08.26	12:00:00	2526.466	2527.009	2522.573	2523.841	9335	0	159
2024.08.26	13:00:00	2523.801	2526.459	2515.435	2515.892	15123	0	159
2024.08.26	14:00:00	2515.921	2519.018	2510.578	2516.913	13620	0	159
2024.08.26	15:00:00	2516.871	2517.455	2511.389	2515.782	9474	0	159
2024.08.26	16:00:00	2515.787	2520.458	2513.518	2520.209	6398	0	159
2024.08.26	17:00:00	2520.161	2523.391	2516.454	2518.040	6353	0	159
2024.08.26	18:00:00	2518.037	2519.496	2515.489	2516.928	4529	0	159
2024.08.26	19:00:00	2516.886	2520.967	2516.795	2518.169	4459	0	159
2024.08.26	20:00:00	2518.206	2519.095	2517.424	2518.229	2384	0	160
2024.08.26	22:00:00	2517.940	2518.051	2517.018	2517.303	1598	0	159
2024.08.26	23:00:00	2517.321	2517.688	2515.406	2515.511	2006	0	160
2024.08.27	00:00:00	2515.512	2516.709	2512.895	2513.229	4017	0	159
2024.08.27	01:00:00	2513.191	2514.097	2508.229	2509.763	7575	0	159
2024.08.27	02:00:00	2509.765	2510.351	2505.816	2508.785	6310	0	159
2024.08.27	03:00:00	2508.748	2509.135	2505.820	2508.973	4436	0	159
2024.08.27	04:00:00	2509.008	2509.522	2506.177	2507.303	3785	0	159
2024.08.27	05:00:00	2507.295	2513.792	2506.618	2513.497	6129	0	159
2024.08.27	06:00:00	2513.539	2517.526	2512.778	2514.850	7524	0	159
2024.08.27	07:00:00	2514.898	2517.561	2504.575	2504.988	8637	0	159
2024.08.27	08:00:00	2504.885	2512.490	2503.456	2511.059	7311	0	159
2024.08.27	09:00:00	2511.024	2513.745	2508.036	2508.943	6826	0	159
2024.08.27	10:00:00	2508.917	2510.525	2506.851	2508.992	6522	0	159
2024.08.27	11:00:00	2509.029	2512.454	2508.589	2511.479	5734	0	159
2024.08.27	12:00:00	2511.444	2514.393	2507.701	2509.915	8299	0	159
2024.08.27	13:00:00	2509.875	2515.134	2503.436	2512.410	15063	0	159
2024.08.27	14:00:00	2512.290	2518.088	2507.741	2514.754	15276	0	159
2024.08.27	15:00:00	2514.801	2520.380	2511.483	2512.134	9869	0	159
2024.08.27	16:00:00	2512.107	2514.500	2509.830	2514.343	6417	0	159
2024.08.27	17:00:00	2514.377	2521.725	2514.071	2520.038	6683	0	159
2024.08.27	18:00:00	2520.014	2525.938	2519.856	2524.426	5618	0	159
2024.08.27	19:00:00	2524.461	2525.725	2523.005	2525.097	4426	0	159
2024.08.27	20:00:00	2525.062	2525.998	2523.780	2524.577	2907	0	159
2024.08.27	22:00:00	2524.984	2526.023	2524.728	2525.623	1952	0	159
2024.08.27	23:00:00	2525.662	2529.043	2524.123	2525.269	3559	0	159
2024.08.28	00:00:00	2525.223	2525.813	2523.878	2524.371	3611	0	159
2024.08.28	01:00:00	2524.377	2524.377	2516.802	2517.081	7386	0	159
2024.08.28	02:00:00	2517.095	2518.510	2513.340	2516.332	6087	0	159
2024.08.28	03:00:00	2516.310	2517.052	2513.168	2515.861	4398	0	159
2024.08.28	04:00:00	2515.824	2516.160	2510.193	2511.532	4551	0	159
2024.08.28	05:00:00	2511.577	2511.742	2505.415	2505.705	7619	0	159
2024.08.28	06:00:00	2505.674	2508.893	2503.219	2508.452	8550	0	159
2024.08.28	07:00:00	2508.490	2511.304	2507.508	2509.984	7557	0	159
2024.08.28	08:00:00	2509.942	2509.942	2505.923	2508.111	6062	0	159
2024.08.28	09:00:00	2508.072	2511.432	2507.663	2510.114	5104	0	159
2024.08.28	10:00:00	2510.154	2510.477	2502.539	2505.368	5822	0	159
2024.08.28	11:00:00	2505.346	2505.483	2500.690	2501.485	6942	0	159
2024.08.28	12:00:00	2501.445	2501.675	2493.498	2500.567	11384	0	159
2024.08.28	13:00:00	2500.557	2510.689	2499.313	2506.588	15203	0	159
2024.08.28	14:00:00	2506.551	2509.116	2503.957	2507.518	11248	0	159
2024.08.28	15:00:00	2507.560	2510.253	2504.959	2506.141	8466	0	159
2024.08.28	16:00:00	2506.182	2506.503	2496.364	2501.892	7716	0	159
2024.08.28	17:00:00	2501.891	2506.372	2500.479	2505.332	6583	0	159
2024.08.28	18:00:00	2505.377	2508.235	2503.595	2507.934	4985	0	159
2024.08.28	19:00:00	2507.960	2509.591	2506.751	2507.607	4798	0	159
2024.08.28	20:00:00	2507.643	2508.595	2502.760	2504.362	3855	0	159
2024.08.28	22:00:00	2505.235	2508.703	2504.918	2507.142	3470	0	159
2024.08.28	23:00:00	2507.107	2508.218	2506.383	2508.110	2566	0	160
2024.08.29	00:00:00	2508.080	2515.359	2507.977	2512.321	5575	0	159
2024.08.29	01:00:00	2512.357	2514.750	2511.676	2513.185	6366	0	159
2024.08.29	02:00:00	2513.182	2515.203	2511.603	2512.842	4955	0	159
2024.08.29	03:00:00	2512.812	2516.771	2512.352	2516.543	4325	0	159
2024.08.29	04:00:00	2516.591	2518.213	2515.501	2515.891	4340	0	160
2024.08.29	05:00:00	2515.855	2519.930	2513.806	2518.728	5340	0	159
2024.08.29	06:00:00	2518.695	2521.164	2516.292	2516.875	6412	0	159
2024.08.29	07:00:00	2516.910	2519.161	2515.158	2519.091	5834	0	159
2024.08.29	08:00:00	2519.125	2520.202	2515.043	2517.153	8004	0	159
2024.08.29	09:00:00	2517.193	2524.411	2515.919	2522.935	6092	0	159
2024.08.29	10:00:00	2522.965	2524.446	2520.803	2523.082	6260	0	159
2024.08.29	11:00:00	2523.117	2523.358	2519.046	2519.883	5782	0	159
2024.08.29	12:00:00	2519.874	2520.210	2503.558	2509.156	15206	0	159
2024.08.29	13:00:00	2509.187	2519.222	2508.157	2516.813	16801	0	159
2024.08.29	14:00:00	2516.861	2522.343	2514.357	2522.092	14182	0	159
2024.08.29	15:00:00	2522.135	2525.696	2518.539	2522.535	8383	0	159
2024.08.29	16:00:00	2522.507	2526.779	2517.418	2525.217	6758	0	159
2024.08.29	17:00:00	2525.261	2528.669	2523.476	2525.786	6368	0	159
2024.08.29	18:00:00	2525.801	2526.418	2521.013	2523.065	6331	0	159
2024.08.29	19:00:00	2523.048	2524.856	2520.851	2521.178	5043	0	159
2024.08.29	20:00:00	2521.216	2522.313	2520.636	2521.459	2634	0	159
2024.08.29	22:00:00	2520.922	2521.831	2520.423	2520.975	1597	0	159
2024.08.29	23:00:00	2520.988	2520.988	2518.894	2519.613	2208	0	159
2024.08.30	00:00:00	2519.600	2519.674	2516.695	2517.726	3912	0	159
2024.08.30	01:00:00	2517.738	2520.053	2514.384	2516.107	6969	0	159
2024.08.30	02:00:00	2516.019	2517.908	2514.131	2516.055	5450	0	159
2024.08.30	03:00:00	2516.022	2516.986	2512.292	2513.557	4423	0	159
2024.08.30	04:00:00	2513.533	2514.587	2512.140	2513.410	3888	0	159
2024.08.30	05:00:00	2513.391	2516.312	2512.453	2513.810	5350	0	159
2024.08.30	06:00:00	2513.805	2524.103	2513.107	2517.768	9721	0	159
2024.08.30	07:00:00	2517.743	2521.379	2517.512	2519.369	6087	0	159
2024.08.30	08:00:00	2519.356	2526.763	2518.836	2522.944	6031	0	159
2024.08.30	09:00:00	2522.967	2526.914	2522.656	2524.218	5310	0	159
2024.08.30	10:00:00	2524.192	2524.811	2514.987	2515.320	6368	0	159
2024.08.30	11:00:00	2515.286	2521.672	2514.999	2519.523	5816	0	159
2024.08.30	12:00:00	2519.485	2524.760	2516.265	2519.591	13281	0	159
2024.08.30	13:00:00	2519.567	2519.844	2512.858	2515.457	17129	0	159
2024.08.30	14:00:00	2515.485	2518.421	2506.336	2509.161	18650	0	159
2024.08.30	15:00:00	2509.122	2509.626	2500.233	2502.501	14542	0	159
2024.08.30	16:00:00	2502.465	2506.045	2496.535	2497.728	9921	0	159
2024.08.30	17:00:00	2497.695	2500.435	2494.086	2499.508	9178	0	159
2024.08.30	18:00:00	2499.536	2504.750	2499.395	2502.343	5886	0	159
2024.08.30	19:00:00	2502.351	2504.015	2498.286	2502.343	5746	0	159
2024.08.30	20:00:00	2502.304	2503.578	2501.838	2503.342	3351	0	159
2024.09.01	22:00:00	2502.485	2504.760	2502.382	2503.468	2051	0	159
2024.09.01	23:00:00	2503.469	2503.697	2501.942	2502.980	3396	0	159
2024.09.02	00:00:00	2502.983	2504.980	2501.141	2501.574	3540	0	159
2024.09.02	01:00:00	2501.589	2504.690	2496.642	2498.011	8436	0	159
2024.09.02	02:00:00	2498.008	2498.269	2489.977	2491.966	8970	0	159
2024.09.02	03:00:00	2491.977	2496.360	2491.376	2496.228	4675	0	159
2024.09.02	04:00:00	2496.208	2499.532	2496.133	2496.858	3905	0	159
2024.09.02	05:00:00	2496.899	2498.508	2495.191	2496.457	5116	0	159
2024.09.02	06:00:00	2496.451	2501.457	2495.859	2497.569	6964	0	159
2024.09.02	07:00:00	2497.528	2499.564	2496.138	2498.157	5588	0	159
2024.09.02	08:00:00	2498.209	2507.310	2497.250	2506.240	6651	0	159
2024.09.02	09:00:00	2506.215	2506.607	2498.199	2498.888	6108	0	159
2024.09.02	10:00:00	2498.851	2502.055	2498.103	2499.231	4842	0	159
2024.09.02	11:00:00	2499.229	2500.219	2497.082	2499.814	5065	0	159
2024.09.02	12:00:00	2499.774	2503.231	2498.733	2501.265	5199	0	159
2024.09.02	13:00:00	2501.305	2502.251	2498.525	2499.940	7136	0	159
2024.09.02	14:00:00	2499.920	2502.489	2497.672	2501.951	5971	0	159
2024.09.02	15:00:00	2501.955	2502.394	2499.842	2501.485	4280	0	159
2024.09.02	16:00:00	2501.490	2501.902	2498.587	2500.527	2846	0	159
2024.09.02	17:00:00	2500.483	2501.351	2499.768	2500.085	1225	0	159
2024.09.02	22:00:00	2499.525	2499.708	2497.472	2497.744	1576	0	160
2024.09.02	23:00:00	2497.773	2498.510	2496.490	2497.242	2256	0	160
2024.09.03	00:00:00	2497.247	2497.701	2494.952	2495.778	4027	0	159
2024.09.03	01:00:00	2495.733	2495.849	2489.660	2493.699	8555	0	159
2024.09.03	02:00:00	2493.712	2496.416	2492.414	2495.260	6701	0	159
2024.09.03	03:00:00	2495.222	2495.841	2493.039	2494.717	5188	0	159
2024.09.03	04:00:00	2494.789	2497.008	2493.890	2495.930	3814	0	159
2024.09.03	05:00:00	2495.940	2495.956	2492.728	2494.975	5263	0	159
2024.09.03	06:00:00	2495.012	2498.913	2492.818	2497.822	7096	0	159
2024.09.03	07:00:00	2497.784	2502.051	2496.584	2500.843	6951	0	159
2024.09.03	08:00:00	2500.809	2506.247	2500.560	2503.867	6828	0	159
2024.09.03	09:00:00	2503.918	2505.001	2500.837	2500.917	5774	0	159
2024.09.03	10:00:00	2500.950	2501.038	2492.593	2497.266	7890	0	159
2024.09.03	11:00:00	2497.251	2501.609	2484.618	2489.700	10996	0	159
2024.09.03	12:00:00	2489.690	2502.276	2487.045	2493.269	19087	0	159
2024.09.03	13:00:00	2493.228	2497.655	2475.464	2480.061	25077	0	159
2024.09.03	14:00:00	2479.973	2485.637	2473.282	2478.267	25432	0	159
2024.09.03	15:00:00	2478.225	2489.497	2477.196	2488.353	11253	0	159
2024.09.03	16:00:00	2488.330	2489.005	2483.879	2486.034	6982	0	159
2024.09.03	17:00:00	2486.007	2491.985	2485.480	2489.480	6107	0	159
2024.09.03	18:00:00	2489.489	2490.000	2487.058	2489.304	4743	0	159
2024.09.03	19:00:00	2489.270	2494.398	2488.951	2492.015	4770	0	159
2024.09.03	20:00:00	2491.965	2492.962	2491.318	2492.786	2473	0	159
2024.09.03	22:00:00	2492.767	2494.407	2492.043	2493.118	2413	0	159
2024.09.03	23:00:00	2493.117	2494.764	2492.316	2493.223	2873	0	159
2024.09.04	00:00:00	2493.200	2494.990	2492.168	2492.422	4995	0	159
2024.09.04	01:00:00	2492.358	2494.508	2491.293	2493.346	6493	0	159
2024.09.04	02:00:00	2493.312	2496.950	2492.439	2495.291	5289	0	159
2024.09.04	03:00:00	2495.255	2496.491	2493.496	2495.016	3892	0	159
2024.09.04	04:00:00	2495.058	2496.797	2494.470	2495.866	3015	0	159
2024.09.04	05:00:00	2495.864	2496.549	2492.781	2493.142	4785	0	159
2024.09.04	06:00:00	2493.183	2493.430	2483.705	2484.311	8449	0	159
2024.09.04	07:00:00	2484.267	2488.217	2481.921	2482.177	8093	0	159
2024.09.04	08:00:00	2482.172	2483.303	2472.504	2473.342	8581	0	159
2024.09.04	09:00:00	2473.367	2483.271	2471.852	2481.654	9536	0	159
2024.09.04	10:00:00	2481.630	2490.049	2481.078	2488.978	7589	0	159
2024.09.04	11:00:00	2488.980	2491.252	2486.744	2489.177	7497	0	159
2024.09.04	12:00:00	2489.140	2491.160	2485.422	2486.513	10796	0	159
2024.09.04	13:00:00	2486.523	2490.041	2482.056	2485.782	14227	0	159
2024.09.04	14:00:00	2485.729	2500.266	2485.038	2496.228	24131	0	159
2024.09.04	15:00:00	2496.209	2498.347	2492.836	2493.984	10675	0	159
2024.09.04	16:00:00	2493.958	2498.023	2493.124	2496.688	6250	0	159
2024.09.04	17:00:00	2496.659	2497.395	2493.502	2493.929	5011	0	159
2024.09.04	18:00:00	2493.970	2495.541	2492.256	2494.658	4964	0	159
2024.09.04	19:00:00	2494.698	2494.818	2491.432	2493.424	4435	0	159
2024.09.04	20:00:00	2493.381	2496.951	2492.832	2495.811	2694	0	160
2024.09.04	22:00:00	2495.236	2495.678	2494.374	2495.352	1715	0	160
2024.09.04	23:00:00	2495.352	2496.900	2495.046	2495.829	2696	0	159
2024.09.05	00:00:00	2495.827	2496.573	2494.463	2495.164	3762	0	159
2024.09.05	01:00:00	2495.160	2499.335	2494.533	2496.376	6766	0	159
2024.09.05	02:00:00	2496.404	2498.970	2496.189	2498.094	4263	0	159
2024.09.05	03:00:00	2498.035	2498.673	2494.570	2494.868	4219	0	159
2024.09.05	04:00:00	2494.835	2495.106	2493.759	2494.212	3261	0	159
2024.09.05	05:00:00	2494.174	2502.357	2493.914	2501.914	5291	0	159
2024.09.05	06:00:00	2501.878	2506.888	2500.747	2504.468	8232	0	159
2024.09.05	07:00:00	2504.420	2507.623	2502.932	2506.370	6198	0	159
2024.09.05	08:00:00	2506.408	2516.700	2505.915	2514.682	9514	0	159
2024.09.05	09:00:00	2514.717	2517.317	2514.717	2515.543	6646	0	159
2024.09.05	10:00:00	2515.564	2516.967	2513.333	2516.357	5735	0	159
2024.09.05	11:00:00	2516.445	2518.375	2513.636	2515.199	7471	0	159
2024.09.05	12:00:00	2515.228	2523.574	2514.055	2517.758	16873	0	159
2024.09.05	13:00:00	2517.796	2519.426	2512.384	2514.912	17336	0	159
2024.09.05	14:00:00	2514.857	2520.625	2507.599	2508.756	22105	0	159
2024.09.05	15:00:00	2508.720	2510.979	2503.797	2507.154	12075	0	159
2024.09.05	16:00:00	2507.179	2511.610	2506.074	2510.393	7320	0	159
2024.09.05	17:00:00	2510.369	2515.468	2509.255	2515.079	6217	0	159
2024.09.05	18:00:00	2515.114	2516.854	2514.756	2515.658	4442	0	159
2024.09.05	19:00:00	2515.644	2516.091	2513.586	2514.814	4254	0	159
2024.09.05	20:00:00	2514.857	2516.953	2514.802	2516.452	2214	0	159
2024.09.05	22:00:00	2517.047	2517.047	2515.658	2516.187	1758	0	159
2024.09.05	23:00:00	2516.147	2518.011	2516.147	2517.282	2611	0	159
2024.09.06	00:00:00	2517.277	2517.652	2515.520	2515.950	3601	0	159
2024.09.06	01:00:00	2515.954	2516.642	2513.454	2513.859	5894	0	159
2024.09.06	02:00:00	2513.825	2518.013	2513.047	2517.698	5422	0	159
2024.09.06	03:00:00	2517.721	2518.474	2516.897	2518.221	3875	0	159
2024.09.06	04:00:00	2518.257	2519.561	2517.694	2518.395	3581	0	159
2024.09.06	05:00:00	2518.384	2521.862	2518.384	2520.137	5050	0	159
2024.09.06	06:00:00	2520.102	2521.402	2516.631	2519.178	6581	0	159
2024.09.06	07:00:00	2519.134	2519.911	2516.302	2516.553	6241	0	159
2024.09.06	08:00:00	2516.516	2518.262	2515.437	2517.764	5256	0	159
2024.09.06	09:00:00	2517.822	2519.910	2516.322	2519.161	4628	0	159
2024.09.06	10:00:00	2519.179	2519.864	2517.150	2518.903	5053	0	159
2024.09.06	11:00:00	2518.933	2520.364	2514.669	2516.263	5990	0	159
2024.09.06	12:00:00	2516.302	2529.225	2507.445	2522.221	25091	0	159
2024.09.06	13:00:00	2522.247	2523.046	2502.144	2509.378	31977	0	159
2024.09.06	14:00:00	2509.411	2515.607	2500.403	2506.776	27250	0	159
2024.09.06	15:00:00	2506.809	2518.517	2503.653	2505.384	31608	0	159
2024.09.06	16:00:00	2505.362	2505.882	2485.064	2488.936	23802	0	159
2024.09.06	17:00:00	2488.899	2496.985	2485.857	2495.576	13217	0	159
2024.09.06	18:00:00	2495.598	2496.871	2492.011	2494.507	9027	0	159
2024.09.06	19:00:00	2494.532	2496.800	2490.690	2495.978	8074	0	159
2024.09.06	20:00:00	2495.939	2497.827	2494.738	2497.555	3872	0	159
2024.09.08	22:00:00	2497.038	2498.009	2496.168	2497.871	2492	0	159
2024.09.08	23:00:00	2497.897	2498.276	2495.508	2496.869	3660	0	159
2024.09.09	00:00:00	2496.871	2498.302	2495.663	2496.020	4847	0	160
2024.09.09	01:00:00	2495.994	2498.695	2494.711	2497.765	9784	0	159
2024.09.09	02:00:00	2497.802	2499.125	2496.913	2497.174	6310	0	159
2024.09.09	03:00:00	2497.136	2500.540	2496.727	2499.286	4698	0	159
2024.09.09	04:00:00	2499.250	2499.541	2497.462	2498.178	3587	0	160
2024.09.09	05:00:00	2498.159	2498.288	2487.405	2487.820	7601	0	159
2024.09.09	06:00:00	2487.839	2493.575	2485.503	2489.733	10742	0	159
2024.09.09	07:00:00	2489.780	2496.672	2488.785	2494.286	11637	0	159
2024.09.09	08:00:00	2494.311	2495.594	2489.940	2492.139	9211	0	159
2024.09.09	09:00:00	2492.179	2497.684	2492.031	2496.296	6394	0	159
2024.09.09	10:00:00	2496.330	2499.137	2493.064	2494.373	6405	0	159
2024.09.09	11:00:00	2494.401	2498.881	2493.379	2497.242	5692	0	159
2024.09.09	12:00:00	2497.287	2504.163	2496.280	2500.918	9138	0	159
2024.09.09	13:00:00	2500.868	2505.292	2499.229	2499.795	13488	0	159
2024.09.09	14:00:00	2499.758	2501.194	2493.231	2496.824	12870	0	159
2024.09.09	15:00:00	2496.875	2499.642	2493.550	2499.081	8879	0	159
2024.09.09	16:00:00	2499.107	2505.233	2499.107	2504.327	6634	0	159
2024.09.09	17:00:00	2504.328	2506.577	2499.429	2499.972	6265	0	159
2024.09.09	18:00:00	2500.013	2505.355	2499.404	2504.661	5044	0	159
2024.09.09	19:00:00	2504.662	2506.113	2502.570	2505.960	4667	0	159
2024.09.09	20:00:00	2505.921	2507.212	2505.221	2506.118	2862	0	159
2024.09.09	22:00:00	2506.438	2507.181	2505.805	2506.964	1640	0	160
2024.09.09	23:00:00	2506.965	2507.701	2505.637	2506.813	2529	0	159
2024.09.10	00:00:00	2506.815	2507.461	2504.790	2505.393	4349	0	159
2024.09.10	01:00:00	2505.395	2506.819	2502.867	2503.835	6858	0	159
2024.09.10	02:00:00	2503.835	2504.037	2501.773	2502.977	5364	0	159
2024.09.10	03:00:00	2502.936	2504.410	2501.370	2502.532	4277	0	159
2024.09.10	04:00:00	2502.500	2502.895	2500.919	2501.792	3372	0	159
2024.09.10	05:00:00	2501.753	2504.988	2500.736	2503.884	4867	0	159
2024.09.10	06:00:00	2503.871	2506.570	2503.347	2505.078	6646	0	159
2024.09.10	07:00:00	2505.036	2507.773	2502.062	2502.792	6561	0	159
2024.09.10	08:00:00	2502.749	2503.113	2500.052	2502.248	6237	0	159
2024.09.10	09:00:00	2502.236	2506.056	2500.165	2506.038	6406	0	159
2024.09.10	10:00:00	2506.063	2509.695	2505.154	2505.629	6658	0	159
2024.09.10	11:00:00	2505.618	2507.149	2504.211	2504.607	6055	0	159
2024.09.10	12:00:00	2504.575	2514.102	2504.451	2513.784	8368	0	159
2024.09.10	13:00:00	2513.817	2515.385	2506.244	2506.842	15096	0	159
2024.09.10	14:00:00	2506.804	2509.242	2500.854	2508.999	16650	0	159
2024.09.10	15:00:00	2509.061	2518.415	2508.176	2512.597	11525	0	159
2024.09.10	16:00:00	2512.770	2515.582	2510.693	2514.335	7525	0	159
2024.09.10	17:00:00	2514.341	2515.697	2512.886	2513.153	5883	0	159
2024.09.10	18:00:00	2513.134	2516.623	2512.090	2516.281	5118	0	159
2024.09.10	19:00:00	2516.254	2517.515	2514.127	2517.243	4693	0	159
2024.09.10	20:00:00	2517.211	2517.427	2515.750	2516.448	2504	0	160
2024.09.10	22:00:00	2516.582	2517.135	2516.287	2516.436	1433	0	159
2024.09.10	23:00:00	2516.444	2518.849	2516.338	2518.678	2534	0	159
2024.09.11	00:00:00	2518.638	2519.171	2516.231	2516.657	4187	0	159
2024.09.11	01:00:00	2516.659	2522.577	2514.940	2518.784	9662	0	159
2024.09.11	02:00:00	2518.781	2520.326	2517.557	2518.794	6034	0	159
2024.09.11	03:00:00	2518.753	2519.958	2516.746	2519.406	5605	0	159
2024.09.11	04:00:00	2519.426	2520.205	2518.521	2519.535	4151	0	159
2024.09.11	05:00:00	2519.597	2522.486	2519.322	2521.209	6661	0	159
2024.09.11	06:00:00	2521.253	2529.086	2520.833	2526.552	9206	0	159
2024.09.11	07:00:00	2526.563	2527.780	2520.747	2521.471	6439	0	159
2024.09.11	08:00:00	2521.437	2527.212	2520.748	2524.299	7159	0	159
2024.09.11	09:00:00	2524.299	2524.730	2521.959	2523.235	4834	0	159
2024.09.11	10:00:00	2523.203	2523.328	2519.760	2521.719	6174	0	159
2024.09.11	11:00:00	2521.715	2524.204	2520.701	2522.267	6189	0	159
2024.09.11	12:00:00	2522.227	2523.884	2502.175	2508.169	25878	0	159
2024.09.11	13:00:00	2508.132	2512.851	2503.163	2509.655	26064	0	159
2024.09.11	14:00:00	2509.635	2510.450	2500.844	2509.395	20387	0	159
2024.09.11	15:00:00	2509.429	2514.959	2508.634	2514.743	10903	0	159
2024.09.11	16:00:00	2514.712	2520.033	2513.657	2515.218	8059	0	159
2024.09.11	17:00:00	2515.182	2516.898	2512.374	2514.548	7539	0	159
2024.09.11	18:00:00	2514.563	2516.352	2511.267	2511.581	6097	0	159
2024.09.11	19:00:00	2511.540	2513.239	2509.781	2512.930	5129	0	159
2024.09.11	20:00:00	2512.904	2513.828	2511.270	2511.462	2763	0	159
2024.09.11	22:00:00	2512.310	2513.892	2512.310	2512.883	1778	0	159
2024.09.11	23:00:00	2512.846	2513.129	2511.826	2511.893	2221	0	160
2024.09.12	00:00:00	2511.901	2512.476	2511.063	2512.220	3522	0	159
2024.09.12	01:00:00	2512.171	2515.193	2511.691	2513.235	6415	0	159
2024.09.12	02:00:00	2513.194	2514.086	2510.973	2512.188	5262	0	159
2024.09.12	03:00:00	2512.199	2516.156	2512.108	2515.844	4022	0	159
2024.09.12	04:00:00	2515.880	2517.754	2515.493	2517.044	3472	0	159
2024.09.12	05:00:00	2517.009	2519.710	2516.947	2519.385	4902	0	159
2024.09.12	06:00:00	2519.416	2522.260	2516.746	2516.877	5906	0	159
2024.09.12	07:00:00	2516.920	2517.775	2514.445	2515.943	6278	0	159
2024.09.12	08:00:00	2515.906	2519.297	2515.080	2517.403	6014	0	159
2024.09.12	09:00:00	2517.413	2519.261	2516.367	2518.795	4359	0	159
2024.09.12	10:00:00	2518.782	2521.014	2513.140	2513.237	5944	0	159
2024.09.12	11:00:00	2513.201	2520.338	2512.961	2519.444	7757	0	159
2024.09.12	12:00:00	2519.485	2535.351	2518.862	2528.528	17137	0	159
2024.09.12	13:00:00	2528.552	2551.715	2522.090	2545.384	34490	0	159
2024.09.12	14:00:00	2545.359	2554.768	2541.849	2553.338	22038	0	159
2024.09.12	15:00:00	2553.363	2555.229	2548.873	2553.315	12539	0	159
2024.09.12	16:00:00	2553.279	2553.731	2544.870	2550.668	10713	0	159
2024.09.12	17:00:00	2550.679	2554.849	2550.104	2554.072	8551	0	159
2024.09.12	18:00:00	2554.103	2558.864	2552.048	2555.857	7503	0	159
2024.09.12	19:00:00	2555.822	2559.088	2554.473	2557.905	6775	0	159
2024.09.12	20:00:00	2557.870	2560.091	2556.739	2558.829	3819	0	159
2024.09.12	22:00:00	2558.333	2559.549	2557.207	2557.420	2638	0	159
2024.09.12	23:00:00	2557.457	2558.652	2556.742	2558.422	3039	0	159
2024.09.13	00:00:00	2558.419	2562.741	2556.780	2561.482	5531	0	159
2024.09.13	01:00:00	2561.526	2568.027	2559.882	2563.186	11449	0	159
2024.09.13	02:00:00	2563.197	2565.660	2561.565	2565.370	6722	0	159
2024.09.13	03:00:00	2565.335	2570.093	2564.630	2567.853	5876	0	159
2024.09.13	04:00:00	2567.922	2570.150	2566.591	2568.862	4145	0	159
2024.09.13	05:00:00	2568.858	2570.496	2565.943	2566.524	6085	0	159
2024.09.13	06:00:00	2566.492	2568.771	2563.068	2567.081	9099	0	159
2024.09.13	07:00:00	2567.147	2571.135	2563.872	2569.844	9361	0	159
2024.09.13	08:00:00	2569.840	2571.039	2565.625	2569.979	7615	0	159
2024.09.13	09:00:00	2569.914	2573.019	2566.983	2568.522	7843	0	159
2024.09.13	10:00:00	2568.553	2569.376	2565.540	2566.986	6507	0	159
2024.09.13	11:00:00	2567.022	2568.340	2563.654	2567.288	6576	0	159
2024.09.13	12:00:00	2567.323	2575.953	2566.033	2575.768	8872	0	159
2024.09.13	13:00:00	2575.804	2583.480	2573.489	2577.693	16637	0	159
2024.09.13	14:00:00	2577.665	2580.179	2573.100	2578.296	19237	0	159
2024.09.13	15:00:00	2578.332	2582.450	2573.675	2582.140	11890	0	159
2024.09.13	16:00:00	2582.175	2585.232	2580.094	2584.250	8068	0	159
2024.09.13	17:00:00	2584.236	2586.120	2581.522	2582.737	6775	0	159
2024.09.13	18:00:00	2582.771	2584.030	2580.691	2582.236	6266	0	159
2024.09.13	19:00:00	2582.235	2582.968	2578.591	2582.646	4971	0	159
2024.09.13	20:00:00	2582.612	2582.912	2577.704	2579.067	3420	0	159
2024.09.15	22:00:00	2578.456	2580.454	2577.582	2580.122	3401	0	159
2024.09.15	23:00:00	2580.147	2580.339	2578.182	2579.163	3855	0	160
2024.09.16	00:00:00	2579.170	2582.341	2578.887	2581.361	3691	0	159
2024.09.16	01:00:00	2581.367	2582.935	2579.792	2581.686	3998	0	159
2024.09.16	02:00:00	2581.648	2585.998	2581.502	2585.359	4211	0	160
2024.09.16	03:00:00	2585.327	2589.027	2583.785	2586.294	5250	0	159
2024.09.16	04:00:00	2586.335	2586.778	2584.865	2585.733	3393	0	159
2024.09.16	05:00:00	2585.764	2589.423	2585.404	2588.741	4082	0	159
2024.09.16	06:00:00	2588.779	2589.651	2585.092	2585.338	6481	0	159
2024.09.16	07:00:00	2585.381	2585.636	2579.452	2582.142	9163	0	159
2024.09.16	08:00:00	2582.122	2588.526	2581.384	2586.854	7690	0	159
2024.09.16	09:00:00	2586.855	2588.284	2584.140	2585.500	6367	0	159
2024.09.16	10:00:00	2585.526	2586.406	2575.285	2579.773	7024	0	159
2024.09.16	11:00:00	2579.798	2583.254	2578.685	2582.999	6265	0	159
2024.09.16	12:00:00	2582.966	2583.576	2578.472	2583.401	10028	0	159
2024.09.16	13:00:00	2583.445	2589.298	2581.235	2588.212	12927	0	159
2024.09.16	14:00:00	2588.158	2588.492	2576.057	2580.158	14829	0	159
2024.09.16	15:00:00	2580.180	2581.881	2577.643	2579.847	8820	0	159
2024.09.16	16:00:00	2579.881	2584.019	2579.524	2583.645	5731	0	159
2024.09.16	17:00:00	2583.600	2584.172	2579.848	2582.579	5141	0	159
2024.09.16	18:00:00	2582.617	2582.910	2580.211	2580.992	4338	0	159
2024.09.16	19:00:00	2581.013	2583.359	2579.615	2582.492	3654	0	160
2024.09.16	20:00:00	2582.557	2583.463	2581.809	2582.903	2315	0	160
2024.09.16	22:00:00	2582.736	2583.569	2582.439	2582.899	1793	0	159
2024.09.16	23:00:00	2582.910	2583.855	2582.117	2583.659	2255	0	159
2024.09.17	00:00:00	2583.683	2584.459	2580.172	2580.260	3871	0	159
2024.09.17	01:00:00	2580.252	2582.743	2578.432	2582.563	4623	0	159
2024.09.17	02:00:00	2582.565	2586.338	2581.001	2581.594	4726	0	159
2024.09.17	03:00:00	2581.554	2581.554	2576.771	2577.184	5341	0	159
2024.09.17	04:00:00	2577.178	2579.176	2574.893	2576.964	4569	0	159
2024.09.17	05:00:00	2576.958	2579.616	2574.530	2579.310	4477	0	159
2024.09.17	06:00:00	2579.342	2586.956	2579.262	2584.266	6907	0	159
2024.09.17	07:00:00	2584.296	2585.695	2582.678	2583.800	5626	0	159
2024.09.17	08:00:00	2583.761	2584.150	2577.596	2580.212	7275	0	159
2024.09.17	09:00:00	2580.067	2580.069	2571.641	2573.621	7379	0	159
2024.09.17	10:00:00	2573.574	2576.060	2569.679	2572.964	7263	0	159
2024.09.17	11:00:00	2573.013	2581.722	2572.186	2579.824	8664	0	159
2024.09.17	12:00:00	2579.834	2581.670	2568.342	2577.739	16250	0	159
2024.09.17	13:00:00	2577.736	2579.576	2573.054	2573.725	16492	0	159
2024.09.17	14:00:00	2573.697	2582.252	2571.727	2576.409	13816	0	159
2024.09.17	15:00:00	2576.443	2577.106	2561.719	2565.668	12638	0	159
2024.09.17	16:00:00	2565.692	2566.565	2561.311	2563.164	9562	0	159
2024.09.17	17:00:00	2563.186	2570.436	2560.661	2569.870	8183	0	159
2024.09.17	18:00:00	2569.855	2571.643	2568.568	2570.146	5185	0	159
2024.09.17	19:00:00	2570.057	2571.188	2566.900	2568.615	4723	0	159
2024.09.17	20:00:00	2568.640	2570.350	2568.287	2569.806	2628	0	159
2024.09.17	22:00:00	2569.595	2571.464	2569.559	2570.701	1871	0	159
2024.09.17	23:00:00	2570.700	2574.367	2570.669	2574.050	2850	0	159
2024.09.18	00:00:00	2574.019	2574.767	2571.472	2572.973	4366	0	159
2024.09.18	01:00:00	2573.013	2576.474	2571.636	2572.310	10915	0	159
2024.09.18	02:00:00	2572.271	2574.122	2570.016	2573.742	5848	0	159
2024.09.18	03:00:00	2573.766	2576.457	2572.732	2575.899	5051	0	159
2024.09.18	04:00:00	2575.923	2576.511	2567.990	2568.688	4711	0	159
2024.09.18	05:00:00	2568.602	2569.275	2565.681	2567.685	6292	0	159
2024.09.18	06:00:00	2567.719	2570.016	2566.620	2569.136	5830	0	159
2024.09.18	07:00:00	2569.160	2571.969	2568.600	2571.566	6200	0	159
2024.09.18	08:00:00	2571.643	2571.929	2568.274	2569.689	5222	0	159
2024.09.18	09:00:00	2569.696	2571.954	2567.962	2571.954	5612	0	159
2024.09.18	10:00:00	2571.969	2578.169	2571.079	2576.095	6639	0	159
2024.09.18	11:00:00	2576.133	2580.740	2575.008	2577.407	6046	0	159
2024.09.18	12:00:00	2577.454	2578.907	2573.481	2576.215	7571	0	159
2024.09.18	13:00:00	2576.239	2578.564	2568.605	2571.665	11960	0	159
2024.09.18	14:00:00	2571.640	2574.775	2567.965	2571.551	11094	0	159
2024.09.18	15:00:00	2571.589	2574.470	2567.980	2569.701	7786	0	159
2024.09.18	16:00:00	2569.731	2575.217	2568.802	2574.859	5343	0	159
2024.09.18	17:00:00	2574.900	2574.900	2566.921	2567.409	7005	0	159
2024.09.18	18:00:00	2567.447	2600.138	2567.447	2575.758	57635	0	159
2024.09.18	19:00:00	2575.717	2576.130	2546.828	2549.026	54433	0	159
2024.09.18	20:00:00	2548.981	2560.824	2548.301	2559.124	9332	0	159
2024.09.18	22:00:00	2558.398	2561.596	2555.675	2559.211	5196	0	159
2024.09.18	23:00:00	2559.254	2559.712	2556.244	2559.239	4065	0	160
2024.09.19	00:00:00	2559.239	2559.555	2556.954	2558.793	6461	0	159
2024.09.19	01:00:00	2558.754	2558.754	2550.894	2555.164	12639	0	159
2024.09.19	02:00:00	2555.205	2566.702	2555.205	2564.075	9306	0	159
2024.09.19	03:00:00	2564.035	2565.330	2561.335	2563.959	7119	0	159
2024.09.19	04:00:00	2564.002	2564.155	2559.564	2564.061	5216	0	159
2024.09.19	05:00:00	2564.017	2574.536	2563.855	2574.519	9092	0	159
2024.09.19	06:00:00	2574.550	2578.764	2573.894	2575.846	10445	0	159
2024.09.19	07:00:00	2575.882	2584.633	2574.999	2584.344	10294	0	159
2024.09.19	08:00:00	2584.361	2586.588	2581.336	2584.870	7197	0	159
2024.09.19	09:00:00	2584.903	2594.963	2583.953	2591.851	11104	0	159
2024.09.19	10:00:00	2591.813	2591.907	2585.866	2588.545	8096	0	159
2024.09.19	11:00:00	2588.586	2589.790	2584.391	2589.435	8895	0	159
2024.09.19	12:00:00	2589.399	2591.203	2573.143	2576.804	17483	0	159
2024.09.19	13:00:00	2576.771	2582.575	2569.753	2575.042	24418	0	159
2024.09.19	14:00:00	2575.114	2584.650	2571.724	2581.234	18639	0	159
2024.09.19	15:00:00	2581.274	2589.471	2580.413	2589.022	10548	0	159
2024.09.19	16:00:00	2589.062	2592.550	2587.667	2591.678	7782	0	159
2024.09.19	17:00:00	2591.702	2592.612	2587.904	2590.521	6033	0	159
2024.09.19	18:00:00	2590.555	2590.803	2586.616	2588.230	5504	0	159
2024.09.19	19:00:00	2588.197	2588.863	2585.927	2588.309	5089	0	159
2024.09.19	20:00:00	2588.355	2589.803	2585.876	2586.720	3405	0	160
2024.09.19	22:00:00	2586.366	2587.914	2586.087	2587.779	1780	0	160
2024.09.19	23:00:00	2587.771	2587.844	2586.434	2587.282	2470	0	159
2024.09.20	00:00:00	2587.254	2588.537	2586.091	2588.063	3738	0	159
2024.09.20	01:00:00	2588.098	2589.493	2584.714	2588.269	7835	0	159
2024.09.20	02:00:00	2588.245	2592.596	2587.407	2591.522	5959	0	159
2024.09.20	03:00:00	2591.449	2593.705	2590.889	2591.389	6252	0	159
2024.09.20	04:00:00	2591.397	2594.406	2591.258	2593.743	3910	0	159
2024.09.20	05:00:00	2593.743	2595.237	2592.378	2594.546	4780	0	159
2024.09.20	06:00:00	2594.505	2607.187	2594.245	2605.440	9830	0	159
2024.09.20	07:00:00	2605.475	2609.797	2604.697	2607.182	9667	0	159
2024.09.20	08:00:00	2607.158	2612.724	2605.419	2609.780	8317	0	159
2024.09.20	09:00:00	2609.784	2610.570	2602.460	2606.266	6463	0	159
2024.09.20	10:00:00	2606.345	2614.243	2606.173	2613.219	6863	0	159
2024.09.20	11:00:00	2613.249	2615.500	2610.219	2613.736	7806	0	159
2024.09.20	12:00:00	2613.697	2619.308	2613.354	2615.625	10467	0	159
2024.09.20	13:00:00	2615.627	2616.563	2602.515	2606.683	22881	0	159
2024.09.20	14:00:00	2606.660	2617.119	2604.721	2613.911	17022	0	159
2024.09.20	15:00:00	2613.967	2623.041	2611.231	2622.744	18243	0	159
2024.09.20	16:00:00	2622.762	2625.754	2619.675	2624.837	10609	0	159
2024.09.20	17:00:00	2624.877	2625.402	2619.212	2619.586	8264	0	159
2024.09.20	18:00:00	2619.607	2622.183	2617.834	2621.648	6826	0	159
2024.09.20	19:00:00	2621.611	2623.369	2620.652	2621.087	6086	0	159
2024.09.20	20:00:00	2621.129	2622.509	2619.100	2622.098	3387	0	159
2024.09.22	22:00:00	2620.944	2622.119	2619.740	2620.476	2841	0	160
2024.09.22	23:00:00	2620.471	2621.511	2619.625	2620.234	2749	0	160
2024.09.23	00:00:00	2620.202	2620.446	2618.148	2618.368	3545	0	159
2024.09.23	01:00:00	2618.325	2621.505	2616.017	2620.118	7995	0	159
2024.09.23	02:00:00	2620.141	2626.831	2618.845	2625.404	6848	0	159
2024.09.23	03:00:00	2625.361	2631.128	2624.857	2628.553	5840	0	159
2024.09.23	04:00:00	2628.558	2631.029	2628.005	2629.372	3608	0	159
2024.09.23	05:00:00	2629.420	2631.395	2626.823	2630.011	5724	0	159
2024.09.23	06:00:00	2629.977	2630.160	2624.442	2624.442	8094	0	159
2024.09.23	07:00:00	2624.416	2625.057	2613.799	2615.150	12857	0	159
2024.09.23	08:00:00	2615.113	2619.651	2614.564	2616.868	8246	0	159
2024.09.23	09:00:00	2616.870	2622.026	2615.309	2621.584	6220	0	159
2024.09.23	10:00:00	2621.555	2623.647	2620.651	2621.595	6170	0	159
2024.09.23	11:00:00	2621.634	2625.786	2620.924	2624.063	6704	0	159
2024.09.23	12:00:00	2624.056	2628.237	2619.993	2626.957	9019	0	159
2024.09.23	13:00:00	2627.000	2634.328	2625.550	2631.852	14889	0	159
2024.09.23	14:00:00	2631.827	2634.881	2627.902	2630.391	15402	0	159
2024.09.23	15:00:00	2630.420	2631.973	2625.787	2629.242	10656	0	159
2024.09.23	16:00:00	2629.201	2630.921	2626.586	2628.132	8704	0	159
2024.09.23	17:00:00	2628.167	2629.110	2626.396	2627.965	5809	0	159
2024.09.23	18:00:00	2627.933	2628.807	2625.897	2627.379	4934	0	159
2024.09.23	19:00:00	2627.380	2627.936	2625.665	2626.240	4346	0	159
2024.09.23	20:00:00	2626.283	2628.501	2626.197	2628.302	2197	0	160
2024.09.23	22:00:00	2627.157	2628.320	2626.932	2627.498	1750	0	159
2024.09.23	23:00:00	2627.507	2627.507	2625.814	2626.300	2440	0	160
2024.09.24	00:00:00	2626.295	2626.614	2623.720	2625.100	4526	0	159
2024.09.24	01:00:00	2625.140	2630.222	2624.835	2629.075	9351	0	159
2024.09.24	02:00:00	2629.039	2629.268	2626.732	2628.863	6025	0	159
2024.09.24	03:00:00	2628.898	2636.156	2628.734	2634.099	6592	0	159
2024.09.24	04:00:00	2634.090	2638.290	2632.021	2638.072	5641	0	159
2024.09.24	05:00:00	2638.057	2640.092	2625.169	2625.396	10110	0	159
2024.09.24	06:00:00	2625.430	2629.973	2624.409	2628.700	13197	0	159
2024.09.24	07:00:00	2628.765	2630.271	2622.524	2628.996	9961	0	159
2024.09.24	08:00:00	2629.005	2629.570	2625.892	2628.972	6642	0	159
2024.09.24	09:00:00	2628.934	2630.922	2627.014	2630.729	6207	0	159
2024.09.24	10:00:00	2630.789	2636.312	2630.558	2633.378	6872	0	159
2024.09.24	11:00:00	2633.349	2633.435	2623.339	2626.367	10363	0	159
2024.09.24	12:00:00	2626.411	2633.333	2623.463	2633.129	11766	0	159
2024.09.24	13:00:00	2633.154	2637.345	2630.946	2635.504	16099	0	159
2024.09.24	14:00:00	2635.517	2647.164	2634.568	2643.609	18306	0	159
2024.09.24	15:00:00	2643.646	2648.504	2639.778	2643.143	14350	0	159
2024.09.24	16:00:00	2643.153	2655.278	2642.350	2653.475	13157	0	159
2024.09.24	17:00:00	2653.501	2654.566	2649.773	2653.975	8113	0	159
2024.09.24	18:00:00	2653.971	2657.754	2653.368	2657.266	6062	0	159
2024.09.24	19:00:00	2657.226	2664.366	2656.349	2662.622	7159	0	159
2024.09.24	20:00:00	2662.588	2663.747	2656.417	2656.855	4389	0	159
2024.09.24	22:00:00	2658.850	2659.894	2657.590	2659.109	2752	0	159
2024.09.24	23:00:00	2659.121	2659.283	2656.633	2658.204	3697	0	159
2024.09.25	00:00:00	2658.163	2661.082	2656.596	2660.751	5089	0	159
2024.09.25	01:00:00	2660.753	2662.940	2655.427	2660.029	14136	0	159
2024.09.25	02:00:00	2660.004	2670.629	2659.599	2670.156	9306	0	159
2024.09.25	03:00:00	2670.111	2670.240	2659.805	2661.439	7373	0	159
2024.09.25	04:00:00	2661.485	2661.718	2657.596	2658.932	5058	0	159
2024.09.25	05:00:00	2658.940	2659.869	2654.370	2657.199	7694	0	159
2024.09.25	06:00:00	2657.176	2659.817	2653.486	2654.742	9844	0	159
2024.09.25	07:00:00	2654.775	2657.632	2651.377	2657.019	8901	0	159
2024.09.25	08:00:00	2657.025	2658.601	2654.598	2655.901	7233	0	159
2024.09.25	09:00:00	2655.916	2657.703	2652.726	2656.878	6374	0	159
2024.09.25	10:00:00	2656.906	2658.192	2654.360	2655.526	6857	0	159
2024.09.25	11:00:00	2655.568	2658.021	2653.842	2657.431	6170	0	159
2024.09.25	12:00:00	2657.380	2660.835	2656.910	2659.361	9633	0	159
2024.09.25	13:00:00	2659.403	2666.102	2658.319	2664.390	15826	0	159
2024.09.25	14:00:00	2664.423	2667.448	2654.155	2658.936	18165	0	159
2024.09.25	15:00:00	2659.026	2660.883	2655.269	2657.678	14080	0	159
2024.09.25	16:00:00	2657.652	2658.862	2649.566	2653.709	10395	0	159
2024.09.25	17:00:00	2653.671	2663.062	2653.080	2660.680	8010	0	159
2024.09.25	18:00:00	2660.641	2661.762	2659.076	2660.380	4934	0	159
2024.09.25	19:00:00	2660.334	2661.546	2659.391	2659.754	4192	0	159
2024.09.25	20:00:00	2659.802	2660.298	2656.328	2657.175	3524	0	159
2024.09.25	22:00:00	2657.274	2659.756	2656.948	2658.287	2708	0	159
2024.09.25	23:00:00	2658.292	2659.477	2656.203	2656.236	2771	0	159
2024.09.26	00:00:00	2656.359	2660.444	2655.281	2659.021	5087	0	159
2024.09.26	01:00:00	2659.001	2661.467	2657.685	2660.844	7528	0	159
2024.09.26	02:00:00	2660.830	2661.589	2657.042	2658.128	6313	0	159
2024.09.26	03:00:00	2658.089	2662.537	2657.664	2662.516	5629	0	159
2024.09.26	04:00:00	2662.545	2662.945	2660.183	2660.672	3666	0	160
2024.09.26	05:00:00	2660.702	2663.461	2659.776	2661.388	6341	0	159
2024.09.26	06:00:00	2661.356	2662.606	2657.930	2661.690	8053	0	159
2024.09.26	07:00:00	2661.714	2666.924	2659.478	2664.684	8429	0	159
2024.09.26	08:00:00	2664.650	2670.509	2664.603	2669.035	8227	0	159
2024.09.26	09:00:00	2669.056	2669.862	2666.870	2668.808	6666	0	159
2024.09.26	10:00:00	2668.806	2675.623	2667.489	2672.684	9288	0	159
2024.09.26	11:00:00	2672.649	2685.611	2672.234	2682.764	12108	0	159
2024.09.26	12:00:00	2682.797	2684.253	2668.560	2677.368	23110	0	159
2024.09.26	13:00:00	2677.326	2679.743	2654.717	2660.852	36795	0	159
2024.09.26	14:00:00	2660.892	2669.567	2659.596	2665.823	22502	0	159
2024.09.26	15:00:00	2665.790	2673.122	2662.414	2671.348	14029	0	159
2024.09.26	16:00:00	2671.396	2672.470	2662.946	2668.249	12087	0	159
2024.09.26	17:00:00	2668.200	2672.246	2667.545	2670.950	8135	0	159
2024.09.26	18:00:00	2670.986	2677.152	2670.023	2675.959	6722	0	159
2024.09.26	19:00:00	2675.988	2677.938	2672.280	2673.675	5753	0	159
2024.09.26	20:00:00	2673.715	2674.077	2670.830	2672.265	3032	0	159
2024.09.26	22:00:00	2671.885	2673.202	2671.804	2672.393	1871	0	160
2024.09.26	23:00:00	2672.434	2673.253	2671.959	2672.601	2502	0	159
2024.09.27	00:00:00	2672.610	2672.707	2669.284	2669.850	5004	0	159
2024.09.27	01:00:00	2669.811	2672.833	2666.190	2669.442	10400	0	159
2024.09.27	02:00:00	2669.442	2671.017	2667.172	2668.992	7107	0	159
2024.09.27	03:00:00	2668.942	2673.976	2668.609	2673.629	5350	0	159
2024.09.27	04:00:00	2673.649	2673.944	2669.299	2670.494	4131	0	159
2024.09.27	05:00:00	2670.488	2671.365	2662.352	2664.795	9893	0	159
2024.09.27	06:00:00	2664.829	2669.511	2663.978	2665.765	11825	0	159
2024.09.27	07:00:00	2665.729	2668.330	2660.890	2664.748	9850	0	159
2024.09.27	08:00:00	2664.701	2665.403	2661.783	2662.562	7979	0	159
2024.09.27	09:00:00	2662.472	2664.973	2658.284	2663.709	8284	0	159
2024.09.27	10:00:00	2663.735	2665.593	2662.048	2664.367	6705	0	159
2024.09.27	11:00:00	2664.349	2669.177	2664.305	2666.159	6590	0	159
2024.09.27	12:00:00	2666.125	2674.269	2662.347	2670.063	14810	0	159
2024.09.27	13:00:00	2670.026	2671.160	2664.059	2666.226	19049	0	159
2024.09.27	14:00:00	2666.147	2666.895	2649.359	2649.488	21195	0	159
2024.09.27	15:00:00	2649.448	2654.686	2644.705	2649.798	22072	0	159
2024.09.27	16:00:00	2649.751	2656.324	2645.972	2651.845	12032	0	159
2024.09.27	17:00:00	2651.835	2652.419	2642.994	2645.148	9502	0	159
2024.09.27	18:00:00	2645.133	2648.917	2643.356	2647.910	6867	0	159
2024.09.27	19:00:00	2647.949	2652.836	2645.577	2652.079	6386	0	159
2024.09.27	20:00:00	2652.036	2659.974	2651.126	2657.983	4320	0	159
2024.09.29	22:00:00	2661.714	2663.582	2659.762	2662.716	4913	0	159
2024.09.29	23:00:00	2662.678	2665.106	2661.628	2663.543	4907	0	159
2024.09.30	00:00:00	2663.580	2666.069	2661.289	2661.644	7289	0	159
2024.09.30	01:00:00	2661.680	2664.380	2647.264	2652.663	15791	0	159
2024.09.30	02:00:00	2652.632	2656.364	2650.196	2652.581	8923	0	159
2024.09.30	03:00:00	2652.605	2655.644	2652.084	2653.617	5877	0	159
2024.09.30	04:00:00	2653.573	2655.918	2652.129	2655.865	4789	0	159
2024.09.30	05:00:00	2655.896	2659.319	2654.383	2657.881	6888	0	159
2024.09.30	06:00:00	2657.753	2660.056	2655.560	2657.821	8303	0	159
2024.09.30	07:00:00	2657.856	2660.619	2650.630	2650.987	7599	0	159
2024.09.30	08:00:00	2650.950	2656.598	2650.646	2653.560	7217	0	159
2024.09.30	09:00:00	2653.585	2653.695	2648.294	2649.643	7438	0	159
2024.09.30	10:00:00	2649.715	2650.082	2635.748	2636.947	9952	0	159
2024.09.30	11:00:00	2636.911	2642.814	2634.410	2641.542	8960	0	159
2024.09.30	12:00:00	2641.523	2644.175	2634.879	2638.913	10180	0	159
2024.09.30	13:00:00	2638.955	2642.082	2630.398	2635.685	17534	0	159
2024.09.30	14:00:00	2635.659	2636.152	2628.658	2633.205	19183	0	159
2024.09.30	15:00:00	2633.245	2636.505	2630.262	2633.868	11064	0	159
2024.09.30	16:00:00	2633.874	2639.429	2633.354	2639.053	8020	0	159
2024.09.30	17:00:00	2639.110	2641.893	2636.385	2637.829	7063	0	159
2024.09.30	18:00:00	2637.804	2638.327	2624.679	2631.467	15409	0	159
2024.09.30	19:00:00	2631.431	2631.734	2626.430	2630.922	7397	0	159
2024.09.30	20:00:00	2630.963	2635.122	2630.713	2634.848	3181	0	159
2024.09.30	22:00:00	2633.527	2635.049	2632.530	2635.049	2116	0	159
2024.09.30	23:00:00	2634.994	2636.262	2634.559	2635.634	2618	0	160
2024.10.01	00:00:00	2635.660	2637.198	2633.911	2636.464	4252	0	159
2024.10.01	01:00:00	2636.438	2639.812	2635.495	2639.758	4496	0	160
2024.10.01	02:00:00	2639.788	2640.008	2634.995	2636.481	4608	0	159
2024.10.01	03:00:00	2636.494	2638.655	2634.480	2637.922	4297	0	159
2024.10.01	04:00:00	2637.955	2640.510	2637.406	2639.519	3883	0	159
2024.10.01	05:00:00	2639.555	2644.379	2639.520	2643.048	5351	0	159
2024.10.01	06:00:00	2643.012	2645.590	2642.536	2645.330	6128	0	159
2024.10.01	07:00:00	2645.354	2647.458	2641.634	2645.559	8855	0	159
2024.10.01	08:00:00	2645.593	2646.825	2642.437	2646.535	7030	0	159
2024.10.01	09:00:00	2646.492	2649.334	2645.384	2648.666	6579	0	159
2024.10.01	10:00:00	2648.698	2650.519	2648.240	2650.391	5463	0	159
2024.10.01	11:00:00	2650.389	2652.083	2646.880	2650.229	6440	0	159
2024.10.01	12:00:00	2650.269	2656.678	2650.142	2651.564	9690	0	159
2024.10.01	13:00:00	2651.533	2671.883	2648.010	2668.452	27569	0	159
2024.10.01	14:00:00	2668.533	2669.957	2657.351	2659.285	27226	0	159
2024.10.01	15:00:00	2659.207	2665.467	2653.844	2663.338	17556	0	159
2024.10.01	16:00:00	2663.303	2673.222	2661.166	2666.412	14403	0	159
2024.10.01	17:00:00	2666.460	2671.812	2661.164	2662.414	15767	0	159
2024.10.01	18:00:00	2662.447	2664.897	2657.549	2661.021	8219	0	159
2024.10.01	19:00:00	2660.990	2664.325	2658.128	2658.691	6340	0	159
2024.10.01	20:00:00	2658.730	2663.978	2657.837	2663.575	3113	0	160
2024.10.01	22:00:00	2661.812	2662.895	2661.172	2662.126	2231	0	160
2024.10.01	23:00:00	2662.127	2662.281	2660.137	2660.361	2669	0	159
2024.10.02	00:00:00	2660.390	2660.664	2656.955	2657.452	5120	0	159
2024.10.02	01:00:00	2657.496	2662.017	2656.294	2660.656	5843	0	159
2024.10.02	02:00:00	2660.611	2661.156	2658.735	2660.158	4896	0	159
2024.10.02	03:00:00	2660.100	2661.568	2655.079	2655.376	5342	0	159
2024.10.02	04:00:00	2655.351	2656.550	2652.540	2654.127	5173	0	159
2024.10.02	05:00:00	2654.118	2656.206	2644.495	2647.980	9167	0	159
2024.10.02	06:00:00	2648.023	2650.859	2647.147	2649.760	6792	0	159
2024.10.02	07:00:00	2649.714	2655.555	2649.397	2655.423	8533	0	159
2024.10.02	08:00:00	2655.482	2655.871	2648.587	2652.358	7384	0	159
2024.10.02	09:00:00	2652.359	2655.602	2651.509	2652.876	6601	0	159
2024.10.02	10:00:00	2652.911	2654.341	2648.739	2649.146	5573	0	159
2024.10.02	11:00:00	2649.097	2652.614	2647.941	2649.577	6274	0	159
2024.10.02	12:00:00	2649.619	2652.979	2643.693	2649.597	12127	0	159
2024.10.02	13:00:00	2649.509	2660.821	2649.165	2659.402	17408	0	159
2024.10.02	14:00:00	2659.446	2663.387	2647.350	2648.173	17509	0	159
2024.10.02	15:00:00	2648.201	2650.748	2641.038	2649.890	14635	0	159
2024.10.02	16:00:00	2649.918	2652.342	2648.064	2649.731	7965	0	159
2024.10.02	17:00:00	2649.751	2652.803	2647.113	2652.151	5877	0	159
2024.10.02	18:00:00	2652.136	2655.946	2651.141	2654.104	5598	0	159
2024.10.02	19:00:00	2654.061	2658.986	2653.691	2658.640	4628	0	159
2024.10.02	20:00:00	2658.622	2659.904	2658.265	2658.825	2970	0	159
2024.10.02	22:00:00	2658.946	2660.348	2658.375	2659.450	2399	0	160
2024.10.02	23:00:00	2659.454	2661.236	2659.375	2660.328	3002	0	160
2024.10.03	00:00:00	2660.299	2662.968	2657.398	2657.751	5563	0	159
2024.10.03	01:00:00	2657.729	2658.932	2654.994	2658.179	6145	0	159
2024.10.03	02:00:00	2658.221	2658.674	2655.326	2655.827	4880	0	159
2024.10.03	03:00:00	2655.785	2657.987	2653.273	2656.001	5146	0	159
2024.10.03	04:00:00	2655.966	2656.551	2654.605	2655.039	3955	0	159
2024.10.03	05:00:00	2655.000	2656.681	2651.804	2653.268	6292	0	159
2024.10.03	06:00:00	2653.226	2657.491	2651.270	2655.879	7082	0	159
2024.10.03	07:00:00	2655.953	2656.204	2643.491	2645.187	9900	0	159
2024.10.03	08:00:00	2645.206	2647.482	2641.672	2645.207	7766	0	159
2024.10.03	09:00:00	2645.163	2647.554	2640.958	2644.855	7798	0	159
2024.10.03	10:00:00	2644.824	2648.075	2643.963	2646.806	6928	0	159
2024.10.03	11:00:00	2646.739	2649.060	2643.555	2648.018	6784	0	159
2024.10.03	12:00:00	2647.984	2654.423	2642.014	2642.398	14343	0	159
2024.10.03	13:00:00	2642.360	2651.341	2641.539	2647.865	15811	0	159
2024.10.03	14:00:00	2647.629	2654.445	2637.964	2650.245	29290	0	159
2024.10.03	15:00:00	2650.208	2654.625	2647.931	2648.798	11174	0	159
2024.10.03	16:00:00	2648.842	2661.323	2648.490	2660.000	9630	0	159
2024.10.03	17:00:00	2659.997	2662.161	2655.157	2656.745	8400	0	159
2024.10.03	18:00:00	2656.741	2659.773	2655.361	2657.591	5306	0	159
2024.10.03	19:00:00	2657.586	2659.529	2656.974	2657.974	5216	0	159
2024.10.03	20:00:00	2658.009	2658.009	2655.776	2656.246	2412	0	159
2024.10.03	22:00:00	2657.103	2657.147	2654.356	2655.986	2429	0	159
2024.10.03	23:00:00	2656.046	2656.683	2654.319	2655.804	2110	0	159
2024.10.04	00:00:00	2655.800	2657.574	2655.453	2657.234	4016	0	159
2024.10.04	01:00:00	2657.243	2659.224	2656.706	2658.335	5172	0	159
2024.10.04	02:00:00	2658.291	2663.515	2657.965	2662.095	4879	0	159
2024.10.04	03:00:00	2662.099	2663.591	2660.686	2661.137	4781	0	159
2024.10.04	04:00:00	2661.128	2665.904	2660.622	2664.110	4222	0	159
2024.10.04	05:00:00	2664.080	2667.864	2664.080	2667.394	4767	0	159
2024.10.04	06:00:00	2667.391	2667.581	2659.661	2660.228	5917	0	159
2024.10.04	07:00:00	2660.275	2663.135	2658.703	2661.080	7814	0	159
2024.10.04	08:00:00	2661.050	2661.595	2658.772	2659.021	5699	0	159
2024.10.04	09:00:00	2659.060	2660.237	2656.783	2657.455	5442	0	159
2024.10.04	10:00:00	2657.427	2660.741	2657.131	2658.279	4896	0	159
2024.10.04	11:00:00	2658.254	2662.558	2657.346	2661.342	5808	0	159
2024.10.04	12:00:00	2661.319	2661.556	2632.031	2638.818	27387	0	159
2024.10.04	13:00:00	2638.854	2655.217	2637.429	2651.887	27424	0	159
2024.10.04	14:00:00	2651.904	2661.199	2646.418	2658.293	20681	0	159
2024.10.04	15:00:00	2658.338	2670.167	2647.800	2653.201	27106	0	159
2024.10.04	16:00:00	2653.227	2653.849	2641.813	2645.303	12884	0	159
2024.10.04	17:00:00	2645.338	2650.445	2643.859	2650.069	8462	0	159
2024.10.04	18:00:00	2650.068	2650.754	2644.310	2645.651	6940	0	159
2024.10.04	19:00:00	2645.686	2652.076	2642.763	2651.624	6014	0	159
2024.10.04	20:00:00	2651.657	2653.995	2649.836	2653.519	3385	0	159
2024.10.06	22:00:00	2651.575	2652.212	2649.910	2650.826	3431	0	159
2024.10.06	23:00:00	2650.825	2652.397	2649.675	2650.157	3394	0	159
2024.10.07	00:00:00	2650.103	2651.144	2647.737	2649.273	4662	0	159
2024.10.07	01:00:00	2649.257	2651.918	2643.788	2646.118	7416	0	159
2024.10.07	02:00:00	2646.168	2648.621	2645.216	2645.300	6231	0	159
2024.10.07	03:00:00	2645.269	2647.499	2643.891	2647.421	5215	0	159
2024.10.07	04:00:00	2647.399	2648.636	2646.342	2646.815	3641	0	159
2024.10.07	05:00:00	2646.729	2646.794	2639.943	2640.720	5456	0	159
2024.10.07	06:00:00	2640.688	2643.891	2639.587	2643.222	7447	0	159
2024.10.07	07:00:00	2643.158	2652.832	2642.045	2651.974	8911	0	159
2024.10.07	08:00:00	2652.016	2656.354	2651.568	2652.287	8310	0	159
2024.10.07	09:00:00	2652.259	2657.340	2650.597	2656.545	6609	0	159
2024.10.07	10:00:00	2656.499	2658.508	2655.167	2655.441	6458	0	159
2024.10.07	11:00:00	2655.398	2659.613	2655.054	2656.913	6754	0	159
2024.10.07	12:00:00	2656.949	2659.206	2637.728	2640.004	15620	0	159
2024.10.07	13:00:00	2639.963	2653.766	2639.640	2642.750	20353	0	159
2024.10.07	14:00:00	2642.775	2647.792	2640.351	2640.852	15868	0	159
2024.10.07	15:00:00	2640.821	2650.151	2639.051	2645.728	10826	0	159
2024.10.07	16:00:00	2645.687	2646.926	2642.612	2646.797	6569	0	159
2024.10.07	17:00:00	2646.796	2648.740	2644.122	2647.864	5317	0	159
2024.10.07	18:00:00	2647.902	2648.110	2639.686	2640.908	6435	0	159
2024.10.07	19:00:00	2640.931	2644.670	2640.384	2643.260	5523	0	159
2024.10.07	20:00:00	2643.224	2643.703	2641.775	2642.567	2664	0	160
2024.10.07	22:00:00	2643.087	2649.156	2641.761	2644.249	3930	0	159
2024.10.07	23:00:00	2644.274	2644.856	2642.389	2642.944	3472	0	160
2024.10.08	00:00:00	2642.962	2645.122	2642.337	2643.641	5054	0	159
2024.10.08	01:00:00	2643.665	2647.898	2637.861	2647.297	14671	0	159
2024.10.08	02:00:00	2647.253	2648.317	2633.723	2635.733	15907	0	159
2024.10.08	03:00:00	2635.699	2645.789	2635.179	2642.990	9481	0	159
2024.10.08	04:00:00	2642.922	2643.843	2641.267	2643.069	4775	0	159
2024.10.08	05:00:00	2643.027	2646.373	2641.527	2645.014	7342	0	159
2024.10.08	06:00:00	2644.998	2646.429	2635.555	2636.410	9819	0	159
2024.10.08	07:00:00	2636.374	2638.514	2631.076	2633.951	12064	0	159
2024.10.08	08:00:00	2633.965	2640.322	2628.487	2637.973	10652	0	159
2024.10.08	09:00:00	2637.963	2641.971	2635.718	2641.340	7334	0	159
2024.10.08	10:00:00	2641.339	2647.434	2639.745	2646.234	7492	0	159
2024.10.08	11:00:00	2646.269	2651.936	2646.151	2650.745	8856	0	159
2024.10.08	12:00:00	2650.739	2653.012	2639.738	2645.959	13731	0	159
2024.10.08	13:00:00	2645.919	2647.695	2636.589	2639.632	20868	0	159
2024.10.08	14:00:00	2639.674	2640.364	2619.491	2620.941	28958	0	159
2024.10.08	15:00:00	2620.973	2621.122	2604.686	2612.958	20992	0	159
2024.10.08	16:00:00	2613.025	2616.265	2606.663	2608.992	11012	0	159
2024.10.08	17:00:00	2609.031	2618.093	2605.443	2614.558	11005	0	159
2024.10.08	18:00:00	2614.523	2616.945	2613.762	2615.661	6328	0	159
2024.10.08	19:00:00	2615.670	2623.574	2614.864	2622.898	6291	0	159
2024.10.08	20:00:00	2622.930	2623.076	2618.811	2621.872	3905	0	159
2024.10.08	22:00:00	2621.786	2622.410	2620.542	2621.929	2123	0	159
2024.10.08	23:00:00	2621.951	2623.813	2621.151	2621.868	3245	0	159
2024.10.09	00:00:00	2621.868	2623.237	2620.963	2621.140	4730	0	159
2024.10.09	01:00:00	2621.167	2624.259	2618.287	2619.992	10625	0	159
2024.10.09	02:00:00	2620.028	2620.391	2616.837	2618.428	7453	0	159
2024.10.09	03:00:00	2618.408	2618.893	2614.848	2617.072	6396	0	159
2024.10.09	04:00:00	2617.035	2618.645	2615.404	2615.949	3531	0	159
2024.10.09	05:00:00	2615.919	2624.321	2615.656	2619.677	8669	0	159
2024.10.09	06:00:00	2619.644	2619.644	2610.582	2612.757	9374	0	159
2024.10.09	07:00:00	2612.808	2615.638	2609.139	2611.628	8314	0	159
2024.10.09	08:00:00	2611.669	2617.351	2610.405	2616.210	7965	0	159
2024.10.09	09:00:00	2616.184	2618.556	2614.582	2617.956	6520	0	159
2024.10.09	10:00:00	2617.996	2621.534	2616.007	2621.004	5708	0	159
2024.10.09	11:00:00	2620.976	2622.436	2616.910	2619.022	6360	0	159
2024.10.09	12:00:00	2619.061	2622.458	2615.326	2618.859	9776	0	159
2024.10.09	13:00:00	2618.890	2620.725	2606.875	2609.612	19370	0	159
2024.10.09	14:00:00	2609.586	2611.900	2605.189	2609.826	15434	0	159
2024.10.09	15:00:00	2609.784	2617.933	2609.395	2614.822	12175	0	159
2024.10.09	16:00:00	2614.861	2615.874	2607.778	2608.684	8042	0	159
2024.10.09	17:00:00	2608.702	2609.944	2606.372	2609.654	6748	0	159
2024.10.09	18:00:00	2609.723	2611.100	2605.116	2606.416	6012	0	159
2024.10.09	19:00:00	2606.451	2610.155	2606.266	2609.087	4754	0	159
2024.10.09	20:00:00	2609.138	2609.477	2606.882	2607.741	2849	0	159
2024.10.09	22:00:00	2608.184	2608.972	2607.386	2608.804	2176	0	159
2024.10.09	23:00:00	2608.883	2609.439	2607.895	2608.476	2175	0	159
2024.10.10	00:00:00	2608.438	2610.200	2605.904	2609.328	4683	0	159
2024.10.10	01:00:00	2609.326	2612.494	2606.769	2609.087	9028	0	159
2024.10.10	02:00:00	2609.052	2615.598	2607.912	2615.234	7345	0	159
2024.10.10	03:00:00	2615.267	2616.900	2611.390	2611.762	6899	0	159
2024.10.10	04:00:00	2611.724	2614.695	2611.460	2613.856	4041	0	159
2024.10.10	05:00:00	2613.892	2615.531	2612.461	2613.269	5972	0	159
2024.10.10	06:00:00	2613.280	2616.394	2610.545	2612.355	6621	0	159
2024.10.10	07:00:00	2612.398	2617.130	2610.202	2616.657	7762	0	159
2024.10.10	08:00:00	2616.695	2617.352	2613.552	2615.415	6046	0	160
2024.10.10	09:00:00	2615.500	2618.468	2614.305	2617.141	5241	0	159
2024.10.10	10:00:00	2617.173	2618.448	2615.519	2617.914	4803	0	159
2024.10.10	11:00:00	2617.888	2618.912	2611.280	2612.980	7123	0	159
2024.10.10	12:00:00	2613.013	2627.300	2602.260	2625.081	24228	0	159
2024.10.10	13:00:00	2625.046	2627.970	2615.681	2626.657	26387	0	159
2024.10.10	14:00:00	2626.709	2629.782	2622.620	2625.393	19165	0	159
2024.10.10	15:00:00	2625.431	2626.230	2618.722	2623.592	11315	0	159
2024.10.10	16:00:00	2623.619	2629.131	2618.670	2619.263	10137	0	159
2024.10.10	17:00:00	2619.230	2626.272	2616.442	2623.792	9696	0	159
2024.10.10	18:00:00	2623.868	2629.111	2623.293	2626.494	6209	0	159
2024.10.10	19:00:00	2626.500	2631.370	2625.908	2629.160	5363	0	159
2024.10.10	20:00:00	2629.135	2631.485	2628.804	2629.638	3206	0	159
2024.10.10	22:00:00	2629.120	2629.175	2628.071	2628.232	2244	0	160
2024.10.10	23:00:00	2628.237	2636.032	2628.237	2633.149	4674	0	159
2024.10.11	00:00:00	2633.161	2634.472	2631.952	2633.908	5787	0	159
2024.10.11	01:00:00	2633.910	2637.964	2632.902	2637.745	8728	0	159
2024.10.11	02:00:00	2637.712	2644.156	2635.258	2642.356	8480	0	159
2024.10.11	03:00:00	2642.324	2646.059	2640.650	2645.483	6073	0	159
2024.10.11	04:00:00	2645.510	2646.110	2643.884	2645.610	3735	0	159
2024.10.11	05:00:00	2645.570	2645.959	2643.166	2644.682	4765	0	159
2024.10.11	06:00:00	2644.723	2647.209	2638.037	2639.551	8737	0	159
2024.10.11	07:00:00	2639.506	2645.552	2638.283	2645.355	6325	0	159
2024.10.11	08:00:00	2645.317	2646.242	2639.003	2639.239	5504	0	159
2024.10.11	09:00:00	2639.247	2641.642	2636.127	2637.893	5994	0	159
2024.10.11	10:00:00	2637.870	2642.289	2636.976	2641.641	4950	0	159
2024.10.11	11:00:00	2641.671	2644.776	2638.658	2644.635	5959	0	159
2024.10.11	12:00:00	2644.599	2650.149	2640.610	2642.976	13366	0	159
2024.10.11	13:00:00	2643.009	2653.396	2642.618	2649.749	15770	0	159
2024.10.11	14:00:00	2649.580	2655.379	2646.424	2653.034	13335	0	159
2024.10.11	15:00:00	2653.027	2659.318	2653.027	2658.776	8823	0	159
2024.10.11	16:00:00	2658.784	2661.462	2657.857	2660.475	7040	0	159
2024.10.11	17:00:00	2660.487	2661.196	2656.304	2659.474	5997	0	159
2024.10.11	18:00:00	2659.440	2659.524	2656.109	2658.597	4828	0	159
2024.10.11	19:00:00	2658.587	2658.831	2655.240	2656.122	4586	0	159
2024.10.11	20:00:00	2656.160	2657.207	2654.668	2656.864	2826	0	160
2024.10.13	22:00:00	2650.086	2652.472	2646.866	2650.375	5920	0	159
2024.10.13	23:00:00	2650.378	2650.701	2647.623	2648.091	3891	0	159
2024.10.14	00:00:00	2648.131	2648.351	2645.112	2646.683	4931	0	159
2024.10.14	01:00:00	2646.682	2648.438	2643.556	2646.064	10519	0	159
2024.10.14	02:00:00	2646.031	2655.468	2643.075	2655.131	9059	0	159
2024.10.14	03:00:00	2655.124	2657.455	2653.758	2655.553	6196	0	159
2024.10.14	04:00:00	2655.553	2660.403	2655.194	2659.153	3715	0	160
2024.10.14	05:00:00	2659.172	2660.723	2657.106	2659.018	5346	0	159
2024.10.14	06:00:00	2658.979	2666.838	2657.438	2664.058	9688	0	159
2024.10.14	07:00:00	2664.019	2665.166	2659.101	2660.395	7255	0	159
2024.10.14	08:00:00	2660.396	2661.913	2658.278	2659.452	5813	0	159
2024.10.14	09:00:00	2659.476	2662.995	2656.732	2658.523	5604	0	159
2024.10.14	10:00:00	2658.519	2660.919	2655.743	2655.813	5803	0	159
2024.10.14	11:00:00	2655.828	2656.826	2650.987	2652.184	7175	0	160
2024.10.14	12:00:00	2652.174	2654.616	2649.162	2651.352	8907	0	159
2024.10.14	13:00:00	2651.307	2661.162	2647.640	2655.583	15559	0	159
2024.10.14	14:00:00	2655.543	2657.038	2644.699	2645.690	15230	0	159
2024.10.14	15:00:00	2645.725	2649.092	2643.940	2646.733	8723	0	159
2024.10.14	16:00:00	2646.795	2649.709	2645.745	2648.549	5437	0	159
2024.10.14	17:00:00	2648.517	2649.886	2647.253	2648.604	4341	0	159
2024.10.14	18:00:00	2648.610	2650.940	2648.389	2649.211	3517	0	159
2024.10.14	19:00:00	2649.257	2652.575	2646.929	2652.395	5037	0	159
2024.10.14	20:00:00	2652.437	2653.323	2646.075	2648.860	3341	0	159
2024.10.14	22:00:00	2647.876	2650.346	2647.419	2650.013	2178	0	160
2024.10.14	23:00:00	2650.011	2650.988	2648.925	2649.357	2649	0	160
2024.10.15	00:00:00	2649.419	2650.232	2647.813	2648.145	4306	0	159
2024.10.15	01:00:00	2648.121	2651.249	2647.265	2648.429	7346	0	159
2024.10.15	02:00:00	2648.467	2652.769	2648.082	2651.649	6390	0	159
2024.10.15	03:00:00	2651.693	2651.693	2644.449	2645.705	6209	0	159
2024.10.15	04:00:00	2645.743	2645.743	2642.889	2644.372	5051	0	159
2024.10.15	05:00:00	2644.374	2644.374	2637.975	2641.824	8677	0	159
2024.10.15	06:00:00	2641.813	2649.220	2641.319	2648.610	8282	0	159
2024.10.15	07:00:00	2648.642	2653.947	2647.911	2650.758	8710	0	159
2024.10.15	08:00:00	2650.740	2655.778	2649.720	2653.859	7404	0	159
2024.10.15	09:00:00	2653.859	2655.509	2651.032	2653.569	6356	0	159
2024.10.15	10:00:00	2653.611	2656.811	2652.602	2653.026	5639	0	159
2024.10.15	11:00:00	2653.065	2654.543	2645.596	2647.729	7633	0	159
2024.10.15	12:00:00	2647.726	2657.470	2647.168	2648.287	10977	0	159
2024.10.15	13:00:00	2648.279	2653.306	2646.047	2648.609	17104	0	159
2024.10.15	14:00:00	2648.561	2664.176	2647.785	2659.765	19194	0	159
2024.10.15	15:00:00	2659.808	2665.187	2657.236	2664.637	12184	0	159
2024.10.15	16:00:00	2664.673	2668.930	2661.051	2661.873	8295	0	159
2024.10.15	17:00:00	2661.793	2664.237	2658.959	2663.613	6825	0	159
2024.10.15	18:00:00	2663.608	2665.850	2663.355	2665.152	5008	0	159
2024.10.15	19:00:00	2665.111	2666.458	2659.424	2661.602	5842	0	159
2024.10.15	20:00:00	2661.640	2663.110	2660.269	2662.980	2833	0	159
2024.10.15	22:00:00	2662.042	2662.872	2661.541	2662.103	1833	0	159
2024.10.15	23:00:00	2662.132	2662.590	2660.413	2660.500	2485	0	159
2024.10.16	00:00:00	2660.498	2660.523	2658.722	2660.161	4100	0	159
2024.10.16	01:00:00	2660.167	2668.020	2660.085	2668.020	10427	0	159
2024.10.16	02:00:00	2667.975	2670.180	2665.506	2668.082	7718	0	159
2024.10.16	03:00:00	2668.074	2669.234	2665.298	2667.156	6207	0	159
2024.10.16	04:00:00	2667.120	2668.285	2665.548	2666.686	4108	0	159
2024.10.16	05:00:00	2666.721	2670.586	2666.106	2669.419	6191	0	159
2024.10.16	06:00:00	2669.460	2677.704	2667.071	2677.168	13008	0	159
2024.10.16	07:00:00	2677.135	2677.513	2673.250	2676.115	7360	0	159
2024.10.16	08:00:00	2676.113	2680.151	2674.524	2679.465	6189	0	159
2024.10.16	09:00:00	2679.506	2682.731	2678.049	2680.221	6526	0	159
2024.10.16	10:00:00	2680.253	2681.006	2673.127	2674.263	7764	0	159
2024.10.16	11:00:00	2674.307	2680.635	2672.922	2678.353	7639	0	159
2024.10.16	12:00:00	2678.312	2681.969	2676.479	2681.711	10130	0	159
2024.10.16	13:00:00	2681.671	2685.394	2672.350	2675.055	18890	0	159
2024.10.16	14:00:00	2675.081	2681.500	2670.030	2672.130	18588	0	159
2024.10.16	15:00:00	2672.154	2675.703	2667.541	2669.985	12095	0	159
2024.10.16	16:00:00	2669.943	2674.217	2666.650	2674.143	8309	0	159
2024.10.16	17:00:00	2674.187	2676.344	2673.072	2675.240	6135	0	159
2024.10.16	18:00:00	2675.217	2676.704	2674.588	2674.995	4026	0	159
2024.10.16	19:00:00	2674.950	2675.013	2672.765	2674.690	4067	0	159
2024.10.16	20:00:00	2674.735	2674.988	2673.078	2673.614	1923	0	160
2024.10.16	22:00:00	2674.510	2674.996	2673.292	2673.730	2111	0	159
2024.10.16	23:00:00	2673.721	2674.739	2673.456	2674.087	1900	0	160
2024.10.17	00:00:00	2674.122	2677.953	2674.069	2677.828	4147	0	159
2024.10.17	01:00:00	2677.894	2683.022	2676.482	2682.999	8337	0	159
2024.10.17	02:00:00	2683.024	2684.943	2678.843	2681.941	10765	0	159
2024.10.17	03:00:00	2681.905	2682.242	2674.481	2676.610	7465	0	159
2024.10.17	04:00:00	2676.663	2679.762	2676.396	2679.081	4622	0	159
2024.10.17	05:00:00	2679.058	2684.294	2678.046	2683.507	7740	0	159
2024.10.17	06:00:00	2683.536	2685.756	2679.981	2681.121	10541	0	159
2024.10.17	07:00:00	2681.163	2683.792	2678.878	2681.953	9009	0	159
2024.10.17	08:00:00	2681.981	2683.889	2680.017	2681.825	6326	0	159
2024.10.17	09:00:00	2681.803	2682.085	2676.949	2679.489	6637	0	159
2024.10.17	10:00:00	2679.458	2688.858	2678.987	2687.480	6605	0	159
2024.10.17	11:00:00	2687.426	2688.448	2680.778	2681.298	6588	0	159
2024.10.17	12:00:00	2681.258	2682.259	2673.155	2680.646	17932	0	159
2024.10.17	13:00:00	2680.603	2690.139	2677.780	2688.717	19455	0	159
2024.10.17	14:00:00	2688.753	2696.541	2684.731	2695.643	19981	0	159
2024.10.17	15:00:00	2695.602	2696.788	2687.479	2693.296	13656	0	159
2024.10.17	16:00:00	2693.365	2693.413	2683.959	2692.202	10095	0	159
2024.10.17	17:00:00	2692.234	2694.202	2690.371	2691.990	6719	0	159
2024.10.17	18:00:00	2691.971	2692.228	2689.180	2689.577	5131	0	159
2024.10.17	19:00:00	2689.572	2692.605	2688.858	2691.954	3906	0	159
2024.10.17	20:00:00	2692.006	2692.958	2690.967	2692.719	2401	0	160
2024.10.17	22:00:00	2692.423	2693.375	2692.341	2692.617	1625	0	160
2024.10.17	23:00:00	2692.618	2694.411	2692.303	2693.706	1999	0	160
2024.10.18	00:00:00	2693.669	2695.827	2692.732	2693.061	4525	0	159
2024.10.18	01:00:00	2693.018	2706.793	2692.789	2704.585	11750	0	159
2024.10.18	02:00:00	2704.529	2711.964	2703.977	2708.157	11777	0	159
2024.10.18	03:00:00	2708.062	2710.890	2706.920	2709.959	7040	0	159
2024.10.18	04:00:00	2709.944	2711.413	2708.751	2710.142	4018	0	159
2024.10.18	05:00:00	2710.164	2714.113	2710.044	2711.467	7476	0	159
2024.10.18	06:00:00	2711.429	2711.598	2702.640	2707.337	13807	0	159
2024.10.18	07:00:00	2707.382	2709.187	2702.208	2702.272	7728	0	159
2024.10.18	08:00:00	2702.281	2706.264	2701.682	2706.255	5831	0	159
2024.10.18	09:00:00	2706.243	2713.202	2706.135	2711.383	7093	0	159
2024.10.18	10:00:00	2711.412	2713.180	2707.944	2712.514	6570	0	159
2024.10.18	11:00:00	2712.506	2713.130	2707.948	2709.779	8421	0	159
2024.10.18	12:00:00	2709.808	2717.075	2709.090	2709.605	10091	0	159
2024.10.18	13:00:00	2709.566	2715.793	2704.921	2713.649	21403	0	159
2024.10.18	14:00:00	2713.624	2720.195	2712.091	2717.466	15432	0	159
2024.10.18	15:00:00	2717.363	2719.179	2713.584	2714.813	10808	0	159
2024.10.18	16:00:00	2714.846	2718.999	2714.686	2717.549	6931	0	159
2024.10.18	17:00:00	2717.585	2720.023	2713.576	2715.924	6871	0	159
2024.10.18	18:00:00	2715.923	2721.281	2715.490	2720.225	5578	0	159
2024.10.18	19:00:00	2720.269	2720.504	2718.028	2719.624	5608	0	159
2024.10.18	20:00:00	2719.665	2722.633	2719.181	2721.778	3655	0	159
2024.10.20	22:00:00	2723.092	2723.852	2720.179	2723.564	3427	0	159
2024.10.20	23:00:00	2723.527	2725.145	2722.358	2723.416	4007	0	159
2024.10.21	00:00:00	2723.457	2725.830	2721.425	2721.616	6488	0	159
2024.10.21	01:00:00	2721.659	2729.291	2721.040	2726.429	17199	0	159
2024.10.21	02:00:00	2726.442	2731.482	2724.750	2730.741	9699	0	159
2024.10.21	03:00:00	2730.697	2732.826	2729.348	2731.512	6646	0	159
2024.10.21	04:00:00	2731.514	2731.989	2729.556	2730.381	3890	0	159
2024.10.21	05:00:00	2730.385	2730.422	2724.436	2724.886	7636	0	159
2024.10.21	06:00:00	2724.851	2730.638	2723.554	2730.240	8347	0	159
2024.10.21	07:00:00	2730.284	2732.453	2725.294	2730.312	7714	0	159
2024.10.21	08:00:00	2730.322	2733.120	2729.357	2731.328	6523	0	159
2024.10.21	09:00:00	2731.341	2736.907	2730.714	2734.519	7792	0	159
2024.10.21	10:00:00	2734.540	2734.965	2727.758	2733.362	8264	0	159
2024.10.21	11:00:00	2733.317	2738.128	2732.955	2734.419	8771	0	159
2024.10.21	12:00:00	2734.458	2739.858	2732.731	2738.688	12818	0	159
2024.10.21	13:00:00	2738.713	2740.552	2733.645	2739.009	19408	0	159
2024.10.21	14:00:00	2739.045	2739.545	2722.236	2725.227	24104	0	159
2024.10.21	15:00:00	2725.268	2727.116	2716.833	2720.119	18687	0	159
2024.10.21	16:00:00	2720.093	2724.009	2718.086	2723.499	8477	0	159
2024.10.21	17:00:00	2723.539	2725.657	2721.596	2722.796	6993	0	159
2024.10.21	18:00:00	2722.788	2723.253	2715.293	2716.435	6085	0	159
2024.10.21	19:00:00	2716.464	2721.025	2714.204	2719.854	7652	0	159
2024.10.21	20:00:00	2719.810	2720.980	2718.823	2719.873	3166	0	159
2024.10.21	22:00:00	2718.770	2721.810	2718.707	2720.760	2069	0	159
2024.10.21	23:00:00	2720.726	2722.592	2720.380	2721.483	2581	0	159
2024.10.22	00:00:00	2721.483	2725.184	2720.633	2724.830	5408	0	159
2024.10.22	01:00:00	2724.866	2730.303	2723.917	2728.161	9664	0	159
2024.10.22	02:00:00	2728.120	2730.669	2727.664	2728.789	6195	0	159
2024.10.22	03:00:00	2728.763	2733.100	2728.660	2730.987	5876	0	159
2024.10.22	04:00:00	2730.969	2735.996	2730.969	2734.693	5599	0	159
2024.10.22	05:00:00	2734.718	2735.117	2729.015	2730.435	6211	0	160
2024.10.22	06:00:00	2730.397	2737.141	2729.575	2735.054	7567	0	159
2024.10.22	07:00:00	2735.009	2736.320	2732.440	2733.649	5890	0	159
2024.10.22	08:00:00	2733.617	2738.367	2731.433	2734.917	6949	0	160
2024.10.22	09:00:00	2734.915	2736.083	2729.809	2731.462	6688	0	159
2024.10.22	10:00:00	2731.435	2739.387	2730.504	2738.843	7801	0	159
2024.10.22	11:00:00	2738.887	2739.283	2729.436	2731.976	8224	0	159
2024.10.22	12:00:00	2732.010	2738.036	2731.501	2736.164	11308	0	159
2024.10.22	13:00:00	2736.202	2742.047	2735.411	2735.778	16326	0	159
2024.10.22	14:00:00	2735.827	2743.223	2733.713	2741.814	16592	0	159
2024.10.22	15:00:00	2741.851	2744.206	2736.766	2737.562	10553	0	159
2024.10.22	16:00:00	2737.521	2745.550	2737.144	2745.259	7825	0	159
2024.10.22	17:00:00	2745.301	2748.375	2743.528	2746.684	7717	0	159
2024.10.22	18:00:00	2746.718	2747.227	2744.082	2744.659	5455	0	159
2024.10.22	19:00:00	2744.621	2748.908	2743.827	2748.306	5134	0	159
2024.10.22	20:00:00	2748.354	2748.863	2746.755	2748.585	3547	0	159
2024.10.22	22:00:00	2747.854	2748.352	2747.021	2747.305	1774	0	159
2024.10.22	23:00:00	2747.304	2748.111	2745.829	2746.553	2059	0	159
2024.10.23	00:00:00	2746.557	2747.037	2744.752	2745.213	3958	0	159
2024.10.23	01:00:00	2745.255	2747.199	2737.920	2738.623	9276	0	159
2024.10.23	02:00:00	2738.575	2741.059	2737.743	2738.952	7009	0	159
2024.10.23	03:00:00	2738.906	2747.054	2738.190	2746.054	6790	0	159
2024.10.23	04:00:00	2746.054	2750.721	2745.347	2749.921	6210	0	159
2024.10.23	05:00:00	2749.928	2753.317	2748.839	2751.441	7457	0	159
2024.10.23	06:00:00	2751.406	2753.188	2748.096	2750.513	7555	0	159
2024.10.23	07:00:00	2750.470	2755.632	2749.254	2754.874	6363	0	159
2024.10.23	08:00:00	2754.913	2758.508	2754.574	2756.845	5623	0	159
2024.10.23	09:00:00	2756.890	2757.607	2749.830	2750.622	7910	0	159
2024.10.23	10:00:00	2750.643	2752.519	2749.675	2750.742	6287	0	159
2024.10.23	11:00:00	2750.736	2752.911	2749.134	2749.967	6730	0	159
2024.10.23	12:00:00	2749.932	2750.480	2740.727	2743.369	12360	0	159
2024.10.23	13:00:00	2743.407	2744.191	2731.621	2737.470	25684	0	159
2024.10.23	14:00:00	2737.508	2738.670	2716.402	2717.801	29532	0	159
2024.10.23	15:00:00	2717.827	2722.563	2708.630	2721.726	19484	0	159
2024.10.23	16:00:00	2721.692	2723.250	2718.470	2719.363	10258	0	159
2024.10.23	17:00:00	2719.318	2720.687	2713.739	2716.684	9107	0	159
2024.10.23	18:00:00	2716.659	2716.659	2711.933	2714.102	8134	0	159
2024.10.23	19:00:00	2714.017	2718.232	2713.214	2716.202	6134	0	159
2024.10.23	20:00:00	2716.236	2716.646	2714.143	2715.544	3469	0	159
2024.10.23	22:00:00	2715.190	2718.306	2715.156	2717.996	2457	0	159
2024.10.23	23:00:00	2718.050	2721.885	2718.050	2721.258	3464	0	159
2024.10.24	00:00:00	2721.219	2721.401	2717.752	2721.199	5780	0	159
2024.10.24	01:00:00	2721.282	2726.698	2720.292	2723.737	11003	0	159
2024.10.24	02:00:00	2723.740	2724.488	2720.181	2723.377	7903	0	159
2024.10.24	03:00:00	2723.382	2724.034	2721.390	2722.877	4976	0	159
2024.10.24	04:00:00	2722.882	2727.118	2722.805	2726.516	4446	0	159
2024.10.24	05:00:00	2726.507	2729.746	2725.779	2728.938	5826	0	159
2024.10.24	06:00:00	2728.971	2736.592	2728.309	2735.210	8570	0	159
2024.10.24	07:00:00	2735.169	2737.085	2732.135	2733.540	7836	0	159
2024.10.24	08:00:00	2733.613	2737.894	2732.482	2736.807	6946	0	159
2024.10.24	09:00:00	2736.768	2739.204	2735.818	2736.469	5772	0	159
2024.10.24	10:00:00	2736.538	2739.199	2736.184	2736.722	5167	0	159
2024.10.24	11:00:00	2736.767	2739.683	2735.074	2738.556	6629	0	159
2024.10.24	12:00:00	2738.464	2741.591	2734.661	2739.105	10577	0	159
2024.10.24	13:00:00	2739.138	2743.208	2729.556	2733.539	17669	0	159
2024.10.24	14:00:00	2733.586	2736.157	2722.364	2732.339	20184	0	159
2024.10.24	15:00:00	2732.302	2734.345	2726.750	2731.099	12379	0	159
2024.10.24	16:00:00	2731.091	2735.562	2725.694	2733.578	10615	0	159
2024.10.24	17:00:00	2733.532	2737.067	2732.806	2735.379	8061	0	159
2024.10.24	18:00:00	2735.362	2737.736	2734.383	2735.575	6112	0	159
2024.10.24	19:00:00	2735.614	2737.040	2733.454	2737.040	5127	0	159
2024.10.24	20:00:00	2737.073	2737.147	2735.028	2735.699	2633	0	160
2024.10.24	22:00:00	2735.580	2736.102	2734.527	2734.578	1820	0	160
2024.10.24	23:00:00	2734.584	2735.555	2733.630	2733.844	2260	0	159
2024.10.25	00:00:00	2733.885	2734.947	2731.279	2732.430	4160	0	159
2024.10.25	01:00:00	2732.473	2735.179	2729.788	2730.022	8477	0	159
2024.10.25	02:00:00	2729.979	2730.156	2726.136	2728.423	6870	0	159
2024.10.25	03:00:00	2728.380	2728.380	2724.356	2726.041	5395	0	159
2024.10.25	04:00:00	2726.077	2727.744	2723.863	2725.994	4652	0	159
2024.10.25	05:00:00	2726.033	2729.848	2725.996	2728.464	6638	0	159
2024.10.25	06:00:00	2728.476	2732.567	2724.961	2732.186	7976	0	159
2024.10.25	07:00:00	2732.214	2732.214	2725.880	2726.379	6902	0	159
2024.10.25	08:00:00	2726.464	2727.008	2718.828	2719.385	8817	0	159
2024.10.25	09:00:00	2719.320	2721.400	2716.956	2721.264	7284	0	159
2024.10.25	10:00:00	2721.326	2722.670	2717.166	2722.217	6526	0	159
2024.10.25	11:00:00	2722.224	2729.391	2721.213	2724.181	8410	0	159
2024.10.25	12:00:00	2724.208	2732.545	2723.205	2731.435	9055	0	159
2024.10.25	13:00:00	2731.474	2732.108	2725.156	2727.638	14953	0	159
2024.10.25	14:00:00	2727.705	2740.563	2727.670	2738.444	16086	0	159
2024.10.25	15:00:00	2738.423	2742.028	2736.449	2737.131	9404	0	159
2024.10.25	16:00:00	2737.093	2739.394	2733.858	2739.173	7936	0	159
2024.10.25	17:00:00	2739.198	2745.022	2738.693	2744.246	6344	0	159
2024.10.25	18:00:00	2744.285	2744.718	2741.234	2742.059	5310	0	159
2024.10.25	19:00:00	2742.062	2744.410	2740.310	2742.519	5421	0	160
2024.10.25	20:00:00	2742.561	2747.774	2742.469	2747.023	4206	0	159
2024.10.27	22:00:00	2733.443	2736.182	2730.340	2734.546	7090	0	159
2024.10.27	23:00:00	2734.571	2740.176	2734.551	2735.815	5688	0	159
2024.10.28	00:00:00	2735.783	2736.306	2732.145	2732.466	6190	0	159
2024.10.28	01:00:00	2732.433	2732.962	2724.631	2732.264	12811	0	159
2024.10.28	02:00:00	2732.261	2735.606	2730.680	2734.171	6589	0	159
2024.10.28	03:00:00	2734.201	2734.683	2729.584	2729.702	5487	0	159
2024.10.28	04:00:00	2729.681	2733.480	2729.093	2732.910	4080	0	159
2024.10.28	05:00:00	2732.954	2738.779	2731.094	2738.385	6143	0	160
2024.10.28	06:00:00	2738.393	2744.510	2737.472	2740.573	8712	0	159
2024.10.28	07:00:00	2740.588	2743.665	2735.795	2738.919	7129	0	159
2024.10.28	08:00:00	2738.926	2740.910	2731.350	2731.953	8305	0	159
2024.10.28	09:00:00	2731.923	2734.009	2728.386	2729.294	7545	0	159
2024.10.28	10:00:00	2729.256	2733.351	2727.802	2732.234	6733	0	159
2024.10.28	11:00:00	2732.242	2732.875	2729.683	2732.319	6075	0	159
2024.10.28	12:00:00	2732.312	2734.884	2731.171	2734.343	7813	0	159
2024.10.28	13:00:00	2734.299	2743.489	2732.811	2740.888	13922	0	159
2024.10.28	14:00:00	2740.851	2745.917	2738.873	2744.226	12532	0	159
2024.10.28	15:00:00	2744.295	2744.666	2739.660	2740.704	9850	0	159
2024.10.28	16:00:00	2740.671	2744.983	2739.985	2742.670	6303	0	159
2024.10.28	17:00:00	2742.658	2744.896	2740.270	2743.358	5801	0	159
2024.10.28	18:00:00	2743.396	2743.470	2740.169	2741.811	4827	0	159
2024.10.28	19:00:00	2741.851	2743.487	2740.313	2742.498	4420	0	159
2024.10.28	20:00:00	2742.464	2743.023	2741.350	2742.334	2517	0	159
2024.10.28	22:00:00	2741.724	2742.338	2739.786	2742.019	2211	0	160
2024.10.28	23:00:00	2742.009	2744.427	2741.188	2744.427	2768	0	160
2024.10.29	00:00:00	2744.379	2746.796	2743.203	2745.758	4243	0	159
2024.10.29	01:00:00	2745.746	2752.452	2745.554	2752.022	8727	0	159
2024.10.29	02:00:00	2752.071	2757.762	2750.466	2752.925	9651	0	159
2024.10.29	03:00:00	2752.934	2753.347	2748.561	2751.689	6732	0	159
2024.10.29	04:00:00	2751.680	2755.299	2751.293	2754.708	4227	0	159
2024.10.29	05:00:00	2754.752	2756.866	2749.732	2750.008	7417	0	159
2024.10.29	06:00:00	2749.960	2756.552	2748.898	2755.759	7367	0	159
2024.10.29	07:00:00	2755.722	2756.339	2751.918	2752.459	5952	0	159
2024.10.29	08:00:00	2752.499	2755.054	2746.239	2754.554	9353	0	159
2024.10.29	09:00:00	2754.593	2756.639	2750.096	2752.451	7422	0	159
2024.10.29	10:00:00	2752.494	2753.187	2747.390	2749.852	6867	0	159
2024.10.29	11:00:00	2749.879	2753.371	2746.227	2751.807	7512	0	159
2024.10.29	12:00:00	2751.806	2753.790	2748.937	2749.100	8312	0	159
2024.10.29	13:00:00	2749.073	2764.017	2748.142	2760.795	16324	0	159
2024.10.29	14:00:00	2760.811	2771.699	2760.811	2769.536	19289	0	159
2024.10.29	15:00:00	2769.571	2770.452	2760.778	2764.241	14433	0	159
2024.10.29	16:00:00	2764.219	2770.282	2764.065	2769.345	8507	0	159
2024.10.29	17:00:00	2769.343	2772.600	2766.273	2769.778	9318	0	159
2024.10.29	18:00:00	2769.808	2773.518	2768.207	2772.925	5979	0	159
2024.10.29	19:00:00	2772.919	2774.760	2771.000	2772.196	4947	0	159
2024.10.29	20:00:00	2772.165	2774.752	2771.821	2774.347	3030	0	159
2024.10.29	22:00:00	2773.559	2775.380	2772.938	2774.547	2236	0	160
2024.10.29	23:00:00	2774.561	2775.133	2773.367	2774.915	2741	0	159
2024.10.30	00:00:00	2774.943	2779.163	2774.778	2778.100	5005	0	160
2024.10.30	01:00:00	2778.145	2782.150	2776.956	2781.673	8683	0	159
2024.10.30	02:00:00	2781.707	2781.872	2776.069	2780.417	7245	0	159
2024.10.30	03:00:00	2780.462	2781.258	2777.187	2778.924	6041	0	159
2024.10.30	04:00:00	2778.930	2781.007	2777.406	2780.161	3667	0	159
2024.10.30	05:00:00	2780.139	2784.975	2777.936	2783.114	6074	0	159
2024.10.30	06:00:00	2783.124	2789.821	2781.207	2787.049	7835	0	159
2024.10.30	07:00:00	2787.087	2788.103	2780.394	2782.222	6941	0	159
2024.10.30	08:00:00	2782.257	2784.587	2779.530	2781.982	7333	0	159
2024.10.30	09:00:00	2781.841	2784.629	2780.275	2784.557	5610	0	159
2024.10.30	10:00:00	2784.560	2786.545	2780.110	2780.196	5536	0	159
2024.10.30	11:00:00	2780.160	2782.079	2778.213	2778.580	6392	0	159
2024.10.30	12:00:00	2778.556	2783.441	2773.618	2782.443	11683	0	159
2024.10.30	13:00:00	2782.538	2787.509	2770.804	2777.436	23301	0	159
2024.10.30	14:00:00	2777.455	2781.756	2775.121	2780.302	17798	0	159
2024.10.30	15:00:00	2780.268	2785.952	2771.956	2784.634	13180	0	159
2024.10.30	16:00:00	2784.675	2787.487	2782.967	2785.404	7997	0	159
2024.10.30	17:00:00	2785.346	2789.575	2783.887	2788.620	6837	0	159
2024.10.30	18:00:00	2788.575	2790.075	2787.265	2787.763	5080	0	159
2024.10.30	19:00:00	2787.801	2788.157	2784.470	2787.285	5173	0	159
2024.10.30	20:00:00	2787.333	2788.060	2784.777	2786.412	3539	0	159
2024.10.30	22:00:00	2787.459	2788.104	2786.201	2787.491	2654	0	160
2024.10.30	23:00:00	2787.453	2788.080	2785.151	2785.490	2490	0	159
2024.10.31	00:00:00	2785.489	2788.265	2784.619	2787.535	3762	0	159
2024.10.31	01:00:00	2787.572	2790.066	2783.554	2784.639	7067	0	159
2024.10.31	02:00:00	2784.655	2789.007	2784.341	2787.108	6160	0	159
2024.10.31	03:00:00	2787.076	2788.422	2784.321	2784.547	4440	0	159
2024.10.31	04:00:00	2784.598	2785.434	2782.064	2784.452	4404	0	159
2024.10.31	05:00:00	2784.433	2786.563	2782.591	2785.082	6688	0	159
2024.10.31	06:00:00	2785.086	2786.006	2779.684	2779.863	7448	0	159
2024.10.31	07:00:00	2779.819	2784.051	2777.999	2782.049	6944	0	159
2024.10.31	08:00:00	2782.027	2783.153	2776.893	2779.013	6693	0	159
2024.10.31	09:00:00	2779.097	2780.181	2776.972	2778.245	5869	0	159
2024.10.31	10:00:00	2778.213	2781.165	2773.252	2780.817	7147	0	159
2024.10.31	11:00:00	2780.865	2782.602	2776.709	2779.413	6629	0	159
2024.10.31	12:00:00	2779.414	2781.941	2771.911	2773.711	11765	0	159
2024.10.31	13:00:00	2773.611	2773.936	2754.487	2755.386	24475	0	159
2024.10.31	14:00:00	2755.348	2756.907	2734.585	2734.775	27630	0	159
2024.10.31	15:00:00	2734.749	2740.999	2731.515	2740.576	18026	0	159
2024.10.31	16:00:00	2740.617	2743.728	2738.004	2740.737	10528	0	159
2024.10.31	17:00:00	2740.762	2743.815	2738.206	2739.573	7334	0	159
2024.10.31	18:00:00	2739.568	2748.010	2739.568	2746.949	8534	0	159
2024.10.31	19:00:00	2746.918	2749.747	2745.682	2746.442	6451	0	159
2024.10.31	20:00:00	2746.471	2748.168	2743.269	2743.891	4011	0	159
2024.10.31	22:00:00	2743.946	2747.658	2743.926	2746.157	2496	0	159
2024.10.31	23:00:00	2746.174	2747.914	2745.411	2746.691	3083	0	160
2024.11.01	00:00:00	2746.672	2747.341	2744.815	2745.045	4221	0	159
2024.11.01	01:00:00	2745.045	2749.996	2744.782	2749.637	9248	0	159
2024.11.01	02:00:00	2749.605	2750.956	2745.756	2748.677	7886	0	159
2024.11.01	03:00:00	2748.708	2751.878	2747.426	2751.770	5846	0	159
2024.11.01	04:00:00	2751.728	2752.962	2750.686	2752.210	3430	0	159
2024.11.01	05:00:00	2752.209	2755.190	2751.604	2754.988	5641	0	159
2024.11.01	06:00:00	2754.959	2757.660	2751.250	2752.054	7828	0	159
2024.11.01	07:00:00	2752.050	2753.119	2747.039	2749.642	5927	0	159
2024.11.01	08:00:00	2749.627	2755.075	2748.518	2753.354	7400	0	159
2024.11.01	09:00:00	2753.388	2755.480	2748.049	2751.311	6798	0	159
2024.11.01	10:00:00	2751.346	2751.877	2744.818	2749.590	6450	0	159
2024.11.01	11:00:00	2749.630	2754.115	2749.593	2752.873	6515	0	159
2024.11.01	12:00:00	2752.899	2759.898	2749.489	2753.799	17334	0	159
2024.11.01	13:00:00	2753.834	2762.253	2752.110	2756.016	19613	0	159
2024.11.01	14:00:00	2755.991	2758.888	2739.674	2747.153	24910	0	159
2024.11.01	15:00:00	2747.179	2750.270	2742.554	2744.720	12749	0	159
2024.11.01	16:00:00	2744.706	2746.184	2740.381	2743.128	9467	0	159
2024.11.01	17:00:00	2743.161	2743.937	2735.001	2736.305	8480	0	159
2024.11.01	18:00:00	2736.296	2738.023	2733.456	2736.204	6942	0	159
2024.11.01	19:00:00	2736.180	2737.022	2733.113	2734.121	6083	0	159
2024.11.01	20:00:00	2734.077	2736.858	2733.266	2736.690	3638	0	159
2024.11.03	23:00:00	2732.846	2740.334	2732.568	2738.352	5442	0	159
2024.11.04	00:00:00	2738.379	2740.991	2736.967	2740.398	4998	0	159
2024.11.04	01:00:00	2740.361	2741.373	2735.343	2739.937	9831	0	159
2024.11.04	02:00:00	2739.902	2740.977	2736.913	2739.966	6500	0	159
2024.11.04	03:00:00	2739.969	2742.401	2739.282	2740.989	5522	0	159
2024.11.04	04:00:00	2740.952	2742.235	2739.620	2740.976	3742	0	159
2024.11.04	05:00:00	2740.969	2743.732	2737.644	2741.516	6230	0	159
2024.11.04	06:00:00	2741.515	2741.658	2735.728	2741.383	6840	0	159
2024.11.04	07:00:00	2741.422	2744.781	2735.070	2735.837	6706	0	159
2024.11.04	08:00:00	2735.806	2738.429	2731.807	2733.355	7947	0	159
2024.11.04	09:00:00	2733.342	2744.093	2732.510	2743.239	8191	0	159
2024.11.04	10:00:00	2743.306	2745.304	2737.220	2738.627	6796	0	159
2024.11.04	11:00:00	2738.606	2741.011	2736.373	2740.608	6158	0	159
2024.11.04	12:00:00	2740.554	2744.021	2739.443	2743.416	6428	0	159
2024.11.04	13:00:00	2743.349	2746.763	2738.724	2746.691	11662	0	159
2024.11.04	14:00:00	2746.721	2748.215	2737.892	2743.330	12774	0	159
2024.11.04	15:00:00	2743.330	2745.537	2737.633	2738.541	13974	0	159
2024.11.04	16:00:00	2738.511	2738.988	2732.318	2734.109	9907	0	159
2024.11.04	17:00:00	2734.145	2738.475	2731.742	2738.362	7453	0	159
2024.11.04	18:00:00	2738.396	2739.288	2735.608	2738.214	6490	0	159
2024.11.04	19:00:00	2738.254	2739.706	2737.188	2738.308	4905	0	159
2024.11.04	20:00:00	2738.241	2738.571	2736.282	2737.366	4680	0	159
2024.11.04	21:00:00	2737.343	2737.597	2736.054	2736.492	1962	0	159
2024.11.04	23:00:00	2737.663	2737.870	2736.001	2736.001	2298	0	160
2024.11.05	00:00:00	2736.048	2736.677	2734.032	2735.092	3606	0	160
2024.11.05	01:00:00	2735.092	2736.138	2732.886	2734.212	6946	0	159
2024.11.05	02:00:00	2734.198	2735.273	2724.695	2728.384	9984	0	159
2024.11.05	03:00:00	2728.351	2736.041	2727.657	2735.293	6716	0	159
2024.11.05	04:00:00	2735.240	2736.359	2733.099	2734.436	4759	0	159
2024.11.05	05:00:00	2734.371	2737.291	2731.845	2732.584	5707	0	159
2024.11.05	06:00:00	2732.590	2738.854	2731.651	2737.772	7028	0	159
2024.11.05	07:00:00	2737.736	2741.384	2735.090	2736.532	5601	0	159
2024.11.05	08:00:00	2736.492	2743.233	2732.090	2742.447	7722	0	159
2024.11.05	09:00:00	2742.487	2745.043	2738.856	2739.873	6529	0	159
2024.11.05	10:00:00	2739.839	2740.195	2735.595	2737.921	6354	0	159
2024.11.05	11:00:00	2737.952	2743.019	2737.952	2741.600	6414	0	159
2024.11.05	12:00:00	2741.697	2743.132	2737.509	2737.962	5692	0	159
2024.11.05	13:00:00	2737.996	2746.759	2736.274	2744.649	10094	0	159
2024.11.05	14:00:00	2744.614	2749.901	2741.437	2746.736	11895	0	159
2024.11.05	15:00:00	2746.728	2746.728	2732.921	2741.957	15703	0	159
2024.11.05	16:00:00	2742.001	2744.608	2736.343	2738.983	8888	0	159
2024.11.05	17:00:00	2739.014	2743.693	2738.181	2741.987	6310	0	159
2024.11.05	18:00:00	2741.974	2743.956	2739.358	2741.265	6305	0	159
2024.11.05	19:00:00	2741.232	2742.292	2739.479	2740.513	4902	0	159
2024.11.05	20:00:00	2740.549	2743.475	2739.617	2742.998	4575	0	159
2024.11.05	21:00:00	2743.033	2744.954	2742.539	2743.836	2335	0	160
2024.11.05	23:00:00	2742.570	2746.441	2742.442	2745.707	3357	0	159
2024.11.06	00:00:00	2745.684	2745.684	2735.273	2737.865	9884	0	159
2024.11.06	01:00:00	2737.973	2749.681	2732.584	2747.072	17379	0	159
2024.11.06	02:00:00	2747.045	2748.413	2736.778	2737.485	17864	0	159
2024.11.06	03:00:00	2737.518	2743.560	2730.639	2734.114	17517	0	159
2024.11.06	04:00:00	2734.126	2743.083	2733.156	2741.806	10318	0	159
2024.11.06	05:00:00	2741.852	2743.708	2736.382	2739.030	12315	0	159
2024.11.06	06:00:00	2739.006	2739.328	2701.319	2707.088	33905	0	159
2024.11.06	07:00:00	2707.065	2733.170	2704.114	2725.921	21777	0	159
2024.11.06	08:00:00	2725.870	2733.790	2722.721	2724.506	16077	0	159
2024.11.06	09:00:00	2724.473	2728.546	2716.426	2724.559	12448	0	159
2024.11.06	10:00:00	2724.535	2727.155	2718.630	2720.219	9147	0	159
2024.11.06	11:00:00	2720.262	2722.780	2696.018	2699.312	16697	0	159
2024.11.06	12:00:00	2699.272	2708.066	2693.246	2695.129	19550	0	159
2024.11.06	13:00:00	2695.141	2695.141	2659.094	2664.157	43074	0	159
2024.11.06	14:00:00	2664.100	2670.423	2652.335	2659.749	33730	0	159
2024.11.06	15:00:00	2659.811	2675.932	2657.383	2675.715	25663	0	159
2024.11.06	16:00:00	2675.752	2678.273	2662.867	2666.246	15315	0	159
2024.11.06	17:00:00	2666.249	2669.218	2661.563	2663.247	9948	0	159
2024.11.06	18:00:00	2663.258	2669.571	2662.805	2665.607	10106	0	159
2024.11.06	19:00:00	2665.647	2668.505	2664.925	2667.084	7416	0	159
2024.11.06	20:00:00	2667.057	2667.719	2659.290	2660.676	6463	0	159
2024.11.06	21:00:00	2660.634	2662.343	2658.958	2658.980	2847	0	159
2024.11.06	23:00:00	2660.164	2664.348	2659.911	2664.048	3685	0	159
2024.11.07	00:00:00	2664.035	2664.261	2660.905	2661.512	4871	0	159
2024.11.07	01:00:00	2661.483	2663.948	2643.214	2649.452	18535	0	159
2024.11.07	02:00:00	2649.437	2657.649	2649.437	2657.417	10600	0	159
2024.11.07	03:00:00	2657.460	2661.228	2655.559	2659.179	7844	0	159
2024.11.07	04:00:00	2659.199	2659.678	2654.119	2654.555	5578	0	159
2024.11.07	05:00:00	2654.608	2660.700	2654.608	2659.200	6748	0	159
2024.11.07	06:00:00	2659.175	2659.526	2652.794	2657.015	8908	0	159
2024.11.07	07:00:00	2656.976	2667.596	2656.184	2663.268	9754	0	159
2024.11.07	08:00:00	2663.349	2666.662	2657.381	2657.638	9011	0	159
2024.11.07	09:00:00	2657.606	2666.018	2657.426	2661.676	7524	0	159
2024.11.07	10:00:00	2661.636	2668.432	2659.808	2666.600	7489	0	159
2024.11.07	11:00:00	2666.541	2668.075	2663.771	2666.159	6324	0	159
2024.11.07	12:00:00	2666.266	2674.130	2664.276	2673.591	9364	0	159
2024.11.07	13:00:00	2673.641	2685.119	2672.348	2684.486	19254	0	159
2024.11.07	14:00:00	2684.527	2694.980	2682.348	2691.833	17619	0	159
2024.11.07	15:00:00	2691.806	2700.166	2690.083	2698.698	15727	0	159
2024.11.07	16:00:00	2698.687	2699.517	2690.567	2695.717	13627	0	159
2024.11.07	17:00:00	2695.756	2700.290	2694.224	2699.327	7886	0	159
2024.11.07	18:00:00	2699.275	2699.421	2693.941	2695.512	6858	0	159
2024.11.07	19:00:00	2695.647	2698.022	2687.476	2694.266	24009	0	159
2024.11.07	20:00:00	2694.308	2710.317	2692.850	2704.430	14558	0	159
2024.11.07	21:00:00	2704.395	2708.593	2703.619	2707.146	4013	0	159
2024.11.07	23:00:00	2704.674	2708.008	2704.108	2706.866	3517	0	159
2024.11.08	00:00:00	2706.870	2710.418	2705.546	2706.289	4757	0	159
2024.11.08	01:00:00	2706.338	2707.590	2699.041	2699.913	11497	0	159
2024.11.08	02:00:00	2699.868	2701.068	2695.067	2697.554	8827	0	159
2024.11.08	03:00:00	2697.516	2700.561	2694.034	2695.113	6518	0	159
2024.11.08	04:00:00	2695.104	2696.109	2693.237	2693.582	4972	0	159
2024.11.08	05:00:00	2693.587	2696.360	2693.580	2695.200	5866	0	159
2024.11.08	06:00:00	2695.183	2695.763	2685.966	2686.440	9607	0	159
2024.11.08	07:00:00	2686.408	2687.842	2680.286	2687.362	8382	0	159
2024.11.08	08:00:00	2687.395	2691.839	2681.933	2688.695	14382	0	159
2024.11.08	09:00:00	2688.662	2691.057	2687.033	2689.271	8223	0	159
2024.11.08	10:00:00	2689.276	2689.326	2681.983	2688.539	7607	0	159
2024.11.08	11:00:00	2688.577	2694.977	2686.693	2691.912	7138	0	159
2024.11.08	12:00:00	2691.937	2693.148	2686.149	2691.940	7876	0	159
2024.11.08	13:00:00	2691.909	2701.083	2687.850	2697.554	16250	0	159
2024.11.08	14:00:00	2697.598	2704.061	2687.774	2691.502	18717	0	159
2024.11.08	15:00:00	2691.495	2692.885	2683.379	2687.552	17527	0	159
2024.11.08	16:00:00	2687.503	2689.283	2682.837	2683.352	10876	0	159
2024.11.08	17:00:00	2683.385	2688.643	2683.385	2687.831	8543	0	159
2024.11.08	18:00:00	2687.833	2688.823	2683.823	2684.885	7127	0	159
2024.11.08	19:00:00	2684.938	2687.486	2683.242	2687.057	5552	0	159
2024.11.08	20:00:00	2687.023	2688.549	2684.948	2685.140	5542	0	159
2024.11.08	21:00:00	2685.098	2685.836	2682.936	2684.758	5217	0	159
2024.11.10	23:00:00	2683.161	2685.650	2681.526	2685.605	3710	0	159
2024.11.11	00:00:00	2685.638	2686.141	2682.553	2683.987	4224	0	159
2024.11.11	01:00:00	2683.961	2684.880	2671.857	2673.036	13502	0	159
2024.11.11	02:00:00	2673.020	2675.235	2666.444	2671.901	9462	0	159
2024.11.11	03:00:00	2671.937	2671.946	2667.945	2670.269	5586	0	159
2024.11.11	04:00:00	2670.272	2672.367	2668.826	2672.155	5155	0	159
2024.11.11	05:00:00	2672.173	2674.282	2666.910	2669.234	7232	0	159
2024.11.11	06:00:00	2669.247	2674.063	2668.389	2673.197	6483	0	159
2024.11.11	07:00:00	2673.229	2674.058	2668.807	2669.561	7333	0	159
2024.11.11	08:00:00	2669.516	2671.713	2667.551	2669.558	8018	0	159
2024.11.11	09:00:00	2669.523	2670.821	2663.799	2666.838	8541	0	159
2024.11.11	10:00:00	2666.775	2675.377	2660.881	2661.984	8945	0	159
2024.11.11	11:00:00	2661.940	2666.987	2658.928	2662.647	9212	0	159
2024.11.11	12:00:00	2662.672	2663.232	2656.702	2657.321	8690	0	159
2024.11.11	13:00:00	2657.282	2657.586	2634.265	2635.552	23143	0	159
2024.11.11	14:00:00	2635.595	2635.701	2617.704	2622.458	27316	0	159
2024.11.11	15:00:00	2622.483	2626.290	2613.390	2614.599	16190	0	159
2024.11.11	16:00:00	2614.558	2618.102	2612.587	2615.243	11028	0	159
2024.11.11	17:00:00	2615.219	2616.991	2611.407	2612.601	7931	0	159
2024.11.11	18:00:00	2612.564	2619.375	2610.530	2618.900	6579	0	159
2024.11.11	19:00:00	2618.938	2620.672	2617.805	2619.266	5258	0	159
2024.11.11	20:00:00	2619.291	2626.187	2619.233	2622.043	5232	0	159
2024.11.11	21:00:00	2622.008	2623.136	2619.276	2619.613	2851	0	159
2024.11.11	23:00:00	2620.155	2624.124	2619.767	2624.038	2800	0	160
2024.11.12	00:00:00	2624.026	2625.280	2622.195	2624.052	4432	0	159
2024.11.12	01:00:00	2624.095	2627.162	2619.142	2624.079	10396	0	159
2024.11.12	02:00:00	2624.043	2625.499	2620.405	2622.067	8108	0	159
2024.11.12	03:00:00	2622.048	2623.789	2618.717	2618.924	5468	0	159
2024.11.12	04:00:00	2618.875	2619.084	2615.558	2617.694	5639	0	159
2024.11.12	05:00:00	2617.740	2618.174	2605.341	2606.860	11542	0	159
2024.11.12	06:00:00	2606.823	2610.127	2603.357	2607.929	11897	0	159
2024.11.12	07:00:00	2607.886	2609.001	2595.148	2598.237	14102	0	159
2024.11.12	08:00:00	2598.273	2606.511	2598.119	2600.648	11986	0	159
2024.11.12	09:00:00	2600.582	2600.788	2590.761	2593.297	11909	0	159
2024.11.12	10:00:00	2593.303	2598.612	2589.596	2596.642	10140	0	159
2024.11.12	11:00:00	2596.605	2599.214	2592.631	2597.845	11524	0	159
2024.11.12	12:00:00	2597.820	2607.130	2597.820	2605.204	15139	0	159
2024.11.12	13:00:00	2605.250	2616.419	2604.395	2611.527	18483	0	159
2024.11.12	14:00:00	2611.566	2617.068	2608.812	2610.425	17765	0	159
2024.11.12	15:00:00	2610.361	2611.756	2597.387	2598.437	16760	0	159
2024.11.12	16:00:00	2598.479	2604.194	2597.808	2600.814	13021	0	159
2024.11.12	17:00:00	2600.799	2601.142	2592.430	2597.431	10089	0	159
2024.11.12	18:00:00	2597.475	2602.124	2596.447	2599.183	7989	0	159
2024.11.12	19:00:00	2599.217	2601.402	2597.863	2598.191	5762	0	159
2024.11.12	20:00:00	2598.166	2601.387	2595.106	2599.796	6042	0	159
2024.11.12	21:00:00	2599.821	2600.758	2597.173	2598.340	3423	0	159
2024.11.12	23:00:00	2598.070	2599.808	2597.658	2598.956	2322	0	160
2024.11.13	00:00:00	2599.011	2599.945	2598.002	2599.348	3513	0	159
2024.11.13	01:00:00	2599.389	2611.183	2599.389	2608.066	11010	0	159
2024.11.13	02:00:00	2608.106	2612.554	2605.154	2612.085	7601	0	159
2024.11.13	03:00:00	2612.052	2613.307	2606.419	2611.562	6596	0	159
2024.11.13	04:00:00	2611.579	2612.405	2606.063	2606.219	5326	0	159
2024.11.13	05:00:00	2606.279	2607.948	2603.490	2605.808	6614	0	159
2024.11.13	06:00:00	2605.768	2607.461	2604.176	2605.434	6976	0	159
2024.11.13	07:00:00	2605.394	2607.446	2604.280	2606.115	6233	0	159
2024.11.13	08:00:00	2606.166	2610.727	2601.031	2607.661	9684	0	159
2024.11.13	09:00:00	2607.622	2611.665	2607.273	2608.666	7391	0	159
2024.11.13	10:00:00	2608.623	2610.418	2606.930	2609.056	6056	0	159
2024.11.13	11:00:00	2609.057	2611.659	2605.789	2610.789	6020	0	159
2024.11.13	12:00:00	2610.826	2612.709	2608.838	2609.692	7057	0	159
2024.11.13	13:00:00	2609.726	2618.841	2607.146	2612.310	22234	0	159
2024.11.13	14:00:00	2612.223	2616.386	2601.027	2602.031	22622	0	159
2024.11.13	15:00:00	2602.007	2606.891	2593.548	2605.385	22680	0	159
2024.11.13	16:00:00	2605.341	2606.004	2584.694	2585.736	17168	0	159
2024.11.13	17:00:00	2585.839	2586.803	2577.507	2583.409	14175	0	159
2024.11.13	18:00:00	2583.364	2585.504	2579.513	2582.697	10268	0	159
2024.11.13	19:00:00	2582.659	2584.916	2580.554	2581.004	6787	0	159
2024.11.13	20:00:00	2580.971	2581.195	2572.926	2573.830	7988	0	159
2024.11.13	21:00:00	2573.783	2577.085	2572.599	2573.064	3690	0	159
2024.11.13	23:00:00	2571.948	2581.410	2569.214	2570.989	9169	0	159
2024.11.14	00:00:00	2571.012	2574.760	2569.612	2572.457	5043	0	159
2024.11.14	01:00:00	2572.458	2572.975	2561.500	2562.570	13824	0	159
2024.11.14	02:00:00	2562.533	2564.583	2558.875	2560.596	9054	0	159
2024.11.14	03:00:00	2560.565	2565.090	2559.877	2560.708	6232	0	159
2024.11.14	04:00:00	2560.718	2565.256	2559.240	2565.130	5207	0	159
2024.11.14	05:00:00	2565.134	2565.134	2555.280	2558.575	8359	0	159
2024.11.14	06:00:00	2558.543	2560.514	2551.893	2554.996	9277	0	159
2024.11.14	07:00:00	2555.037	2558.947	2550.361	2557.014	10259	0	159
2024.11.14	08:00:00	2556.972	2559.783	2554.500	2556.135	9274	0	159
2024.11.14	09:00:00	2556.108	2558.365	2536.755	2543.512	15199	0	159
2024.11.14	10:00:00	2543.568	2548.037	2539.029	2547.016	10497	0	159
2024.11.14	11:00:00	2547.055	2555.044	2545.124	2553.579	11087	0	159
2024.11.14	12:00:00	2553.621	2556.848	2550.036	2552.212	10634	0	159
2024.11.14	13:00:00	2552.174	2560.315	2551.191	2557.053	20808	0	159
2024.11.14	14:00:00	2557.029	2565.986	2554.191	2559.733	21220	0	159
2024.11.14	15:00:00	2559.690	2572.991	2558.554	2570.179	18579	0	159
2024.11.14	16:00:00	2570.203	2577.447	2569.192	2573.912	11106	0	159
2024.11.14	17:00:00	2573.956	2575.888	2567.419	2572.976	9826	0	159
2024.11.14	18:00:00	2573.014	2573.442	2567.086	2569.921	7949	0	159
2024.11.14	19:00:00	2569.897	2576.959	2569.822	2575.970	6351	0	159
2024.11.14	20:00:00	2575.981	2576.532	2563.866	2567.242	15954	0	159
2024.11.14	21:00:00	2567.280	2569.557	2564.093	2565.310	4690	0	159
2024.11.14	23:00:00	2564.927	2567.286	2564.927	2566.899	2813	0	159
2024.11.15	00:00:00	2566.888	2567.681	2565.842	2566.879	4297	0	159
2024.11.15	01:00:00	2566.877	2571.677	2563.027	2565.080	8736	0	159
2024.11.15	02:00:00	2565.012	2571.066	2564.843	2570.127	7195	0	159
2024.11.15	03:00:00	2570.096	2571.156	2567.608	2567.756	5163	0	159
2024.11.15	04:00:00	2567.719	2569.538	2566.998	2567.051	3512	0	159
2024.11.15	05:00:00	2567.075	2567.228	2559.723	2559.989	6296	0	159
2024.11.15	06:00:00	2559.953	2563.557	2554.385	2561.478	9270	0	159
2024.11.15	07:00:00	2561.434	2564.914	2559.283	2563.705	7123	0	159
2024.11.15	08:00:00	2563.692	2569.007	2560.846	2566.783	9063	0	159
2024.11.15	09:00:00	2566.728	2568.980	2563.926	2563.996	7670	0	159
2024.11.15	10:00:00	2563.965	2570.408	2562.954	2567.852	8744	0	159
2024.11.15	11:00:00	2567.828	2573.393	2566.582	2570.781	7968	0	159
2024.11.15	12:00:00	2570.800	2571.082	2565.435	2569.086	7978	0	159
2024.11.15	13:00:00	2569.130	2575.745	2561.197	2565.326	23914	0	159
2024.11.15	14:00:00	2565.284	2575.648	2564.187	2572.797	22553	0	159
2024.11.15	15:00:00	2572.828	2576.060	2565.006	2570.733	18028	0	159
2024.11.15	16:00:00	2570.742	2573.291	2561.994	2562.177	12552	0	159
2024.11.15	17:00:00	2562.160	2564.757	2560.101	2562.941	9478	0	159
2024.11.15	18:00:00	2562.995	2567.788	2559.421	2567.502	7791	0	159
2024.11.15	19:00:00	2567.453	2568.050	2562.697	2563.849	5626	0	159
2024.11.15	20:00:00	2563.849	2563.862	2559.758	2562.282	6544	0	159
2024.11.15	21:00:00	2562.242	2563.702	2561.110	2562.969	3287	0	160
2024.11.17	23:00:00	2568.027	2575.523	2568.027	2571.444	5700	0	159
2024.11.18	00:00:00	2571.403	2577.184	2569.866	2576.573	5846	0	159
2024.11.18	01:00:00	2576.488	2597.414	2576.488	2586.979	19644	0	159
2024.11.18	02:00:00	2586.973	2595.135	2586.820	2591.109	10131	0	159
2024.11.18	03:00:00	2591.026	2592.530	2587.728	2589.887	6151	0	159
2024.11.18	04:00:00	2589.903	2593.197	2589.256	2592.185	4387	0	159
2024.11.18	05:00:00	2592.256	2592.383	2585.078	2585.594	6828	0	159
2024.11.18	06:00:00	2585.611	2587.678	2580.420	2585.982	9732	0	159
2024.11.18	07:00:00	2586.030	2587.102	2581.640	2582.838	7098	0	159
2024.11.18	08:00:00	2582.796	2590.045	2582.007	2585.661	9195	0	159
2024.11.18	09:00:00	2585.620	2597.296	2583.768	2595.651	9661	0	159
2024.11.18	10:00:00	2595.648	2596.706	2589.486	2593.967	8414	0	159
2024.11.18	11:00:00	2594.006	2595.437	2590.428	2594.413	7335	0	159
2024.11.18	12:00:00	2594.322	2597.175	2590.358	2595.112	8542	0	159
2024.11.18	13:00:00	2595.111	2605.031	2592.870	2603.939	13155	0	159
2024.11.18	14:00:00	2603.964	2610.280	2602.725	2608.155	15342	0	159
2024.11.18	15:00:00	2608.192	2613.346	2605.888	2612.936	11664	0	159
2024.11.18	16:00:00	2612.972	2615.108	2609.351	2611.587	8993	0	159
2024.11.18	17:00:00	2611.623	2611.923	2607.333	2610.484	6662	0	159
2024.11.18	18:00:00	2610.487	2612.024	2607.676	2611.106	5844	0	159
2024.11.18	19:00:00	2611.144	2612.627	2608.279	2609.849	5471	0	159
2024.11.18	20:00:00	2609.805	2611.540	2608.192	2610.222	5036	0	159
2024.11.18	21:00:00	2610.260	2612.361	2609.842	2611.721	3327	0	160
2024.11.18	23:00:00	2611.033	2613.107	2610.360	2612.704	2263	0	159
2024.11.19	00:00:00	2612.731	2613.746	2611.057	2613.332	3699	0	159
2024.11.19	01:00:00	2613.344	2617.858	2611.534	2615.622	9938	0	159
2024.11.19	02:00:00	2615.645	2624.171	2615.645	2622.427	8244	0	159
2024.11.19	03:00:00	2622.392	2625.579	2621.321	2624.435	6447	0	159
2024.11.19	04:00:00	2624.456	2625.134	2621.498	2622.948	4575	0	159
2024.11.19	05:00:00	2622.903	2623.465	2620.801	2622.516	6291	0	159
2024.11.19	06:00:00	2622.475	2626.651	2621.371	2625.123	7152	0	159
2024.11.19	07:00:00	2625.184	2625.324	2617.650	2619.057	7806	0	159
2024.11.19	08:00:00	2619.021	2627.045	2618.674	2626.360	10289	0	159
2024.11.19	09:00:00	2626.289	2634.483	2625.281	2630.240	14166	0	159
2024.11.19	10:00:00	2630.216	2636.476	2629.845	2635.048	8421	0	159
2024.11.19	11:00:00	2635.061	2636.026	2629.023	2629.639	7692	0	159
2024.11.19	12:00:00	2629.667	2639.342	2628.679	2639.205	9283	0	159
2024.11.19	13:00:00	2639.236	2639.473	2629.241	2635.244	17124	0	159
2024.11.19	14:00:00	2635.216	2636.926	2622.766	2623.518	21320	0	159
2024.11.19	15:00:00	2623.481	2628.658	2620.912	2624.443	15241	0	159
2024.11.19	16:00:00	2624.478	2628.455	2622.295	2626.400	10986	0	159
2024.11.19	17:00:00	2626.364	2633.144	2625.622	2628.114	7921	0	159
2024.11.19	18:00:00	2628.148	2630.387	2626.239	2630.105	6620	0	159
2024.11.19	19:00:00	2630.140	2631.545	2628.837	2630.665	5370	0	159
2024.11.19	20:00:00	2630.714	2634.574	2630.414	2633.683	4527	0	159
2024.11.19	21:00:00	2633.651	2633.910	2630.562	2632.067	3537	0	159
2024.11.19	23:00:00	2632.155	2635.554	2631.995	2635.166	2842	0	159
2024.11.20	00:00:00	2635.157	2639.102	2634.686	2637.790	4493	0	159
2024.11.20	01:00:00	2637.833	2641.487	2635.772	2639.611	8920	0	159
2024.11.20	02:00:00	2639.623	2641.847	2638.374	2640.225	6333	0	159
2024.11.20	03:00:00	2640.196	2641.212	2637.541	2637.977	4940	0	159
2024.11.20	04:00:00	2638.012	2638.805	2636.109	2636.570	3781	0	159
2024.11.20	05:00:00	2636.560	2638.488	2634.888	2636.853	5839	0	159
2024.11.20	06:00:00	2636.822	2637.086	2628.521	2629.520	9461	0	159
2024.11.20	07:00:00	2629.508	2630.175	2621.232	2621.591	8415	0	159
2024.11.20	08:00:00	2621.555	2624.455	2618.864	2624.128	8404	0	159
2024.11.20	09:00:00	2624.195	2625.711	2621.043	2621.966	7353	0	159
2024.11.20	10:00:00	2621.944	2626.225	2620.872	2625.106	6812	0	159
2024.11.20	11:00:00	2625.063	2628.131	2621.398	2628.085	7310	0	159
2024.11.20	12:00:00	2628.123	2632.423	2627.065	2631.793	7850	0	159
2024.11.20	13:00:00	2631.751	2640.474	2631.165	2636.024	11577	0	159
2024.11.20	14:00:00	2636.063	2646.466	2634.126	2643.139	14639	0	159
2024.11.20	15:00:00	2643.127	2648.932	2640.784	2648.810	10988	0	159
2024.11.20	16:00:00	2648.808	2650.824	2646.045	2650.603	9835	0	159
2024.11.20	17:00:00	2650.623	2655.433	2649.199	2651.830	8192	0	159
2024.11.20	18:00:00	2651.781	2652.149	2645.357	2648.573	8601	0	159
2024.11.20	19:00:00	2648.568	2653.177	2648.444	2650.872	5993	0	159
2024.11.20	20:00:00	2650.841	2651.189	2647.270	2648.908	6130	0	159
2024.11.20	21:00:00	2648.883	2650.511	2648.051	2649.955	4006	0	159
2024.11.20	23:00:00	2651.224	2652.937	2648.971	2652.124	2970	0	159
2024.11.21	00:00:00	2652.153	2658.877	2651.776	2658.458	4678	0	159
2024.11.21	01:00:00	2658.494	2660.466	2651.807	2653.328	8482	0	159
2024.11.21	02:00:00	2653.298	2658.206	2652.512	2653.698	6278	0	159
2024.11.21	03:00:00	2653.702	2657.248	2650.325	2656.901	5379	0	159
2024.11.21	04:00:00	2656.873	2658.997	2656.814	2656.929	3802	0	159
2024.11.21	05:00:00	2656.972	2658.140	2654.620	2656.850	5569	0	159
2024.11.21	06:00:00	2656.921	2662.236	2656.537	2661.412	6733	0	159
2024.11.21	07:00:00	2661.374	2664.723	2659.992	2663.099	6876	0	159
2024.11.21	08:00:00	2663.060	2670.302	2662.009	2668.826	8095	0	159
2024.11.21	09:00:00	2668.853	2671.699	2663.420	2668.812	8844	0	159
2024.11.21	10:00:00	2668.811	2670.352	2665.064	2669.877	6623	0	159
2024.11.21	11:00:00	2669.918	2673.522	2668.312	2671.448	6724	0	160
2024.11.21	12:00:00	2671.491	2671.816	2662.897	2663.336	7820	0	159
2024.11.21	13:00:00	2663.276	2667.722	2660.354	2665.385	16181	0	159
2024.11.21	14:00:00	2665.420	2671.597	2661.349	2664.956	16188	0	159
2024.11.21	15:00:00	2665.039	2670.505	2664.364	2667.636	14297	0	159
2024.11.21	16:00:00	2667.674	2669.771	2661.306	2664.688	12864	0	159
2024.11.21	17:00:00	2664.716	2672.803	2661.777	2671.715	8796	0	159
2024.11.21	18:00:00	2671.758	2673.126	2668.994	2672.341	7126	0	159
2024.11.21	19:00:00	2672.380	2673.516	2667.814	2669.684	6318	0	159
2024.11.21	20:00:00	2669.718	2671.818	2668.551	2671.444	5295	0	159
2024.11.21	21:00:00	2671.488	2671.906	2668.058	2669.610	3725	0	159
2024.11.21	23:00:00	2669.861	2669.996	2668.146	2669.159	2977	0	159
2024.11.22	00:00:00	2669.127	2673.585	2668.853	2673.069	4592	0	159
2024.11.22	01:00:00	2673.118	2679.505	2673.053	2677.847	9544	0	159
2024.11.22	02:00:00	2677.814	2686.425	2677.279	2685.985	7600	0	159
2024.11.22	03:00:00	2685.982	2690.519	2681.413	2686.153	8361	0	159
2024.11.22	04:00:00	2686.186	2692.380	2682.969	2688.701	6355	0	159
2024.11.22	05:00:00	2688.743	2689.114	2683.062	2686.608	8199	0	159
2024.11.22	06:00:00	2686.636	2693.225	2685.851	2692.866	8211	0	159
2024.11.22	07:00:00	2692.897	2698.953	2690.452	2696.457	8404	0	159
2024.11.22	08:00:00	2696.488	2700.465	2694.705	2697.262	11529	0	159
2024.11.22	09:00:00	2697.302	2707.458	2693.554	2703.322	13293	0	159
2024.11.22	10:00:00	2703.358	2708.590	2702.622	2707.639	9598	0	159
2024.11.22	11:00:00	2707.678	2710.127	2696.989	2698.867	10820	0	159
2024.11.22	12:00:00	2698.826	2705.018	2696.996	2702.997	9487	0	159
2024.11.22	13:00:00	2702.957	2704.163	2689.301	2692.957	18641	0	159
2024.11.22	14:00:00	2692.915	2696.334	2684.404	2694.772	20041	0	159
2024.11.22	15:00:00	2694.641	2705.073	2694.490	2703.716	16300	0	159
2024.11.22	16:00:00	2703.738	2706.614	2700.807	2705.121	10734	0	159
2024.11.22	17:00:00	2705.220	2707.320	2703.528	2706.746	7708	0	159
2024.11.22	18:00:00	2706.787	2711.418	2706.680	2710.778	7465	0	159
2024.11.22	19:00:00	2710.823	2711.457	2706.937	2708.221	5838	0	159
2024.11.22	20:00:00	2708.180	2708.848	2705.085	2705.841	6323	0	159
2024.11.22	21:00:00	2705.806	2715.658	2705.707	2715.573	5267	0	159
2024.11.24	23:00:00	2711.186	2721.405	2710.748	2719.756	8450	0	159
2024.11.25	00:00:00	2719.719	2720.136	2709.706	2710.636	8219	0	159
2024.11.25	01:00:00	2710.672	2711.156	2694.855	2701.208	22986	0	159
2024.11.25	02:00:00	2701.245	2704.510	2692.258	2695.264	11525	0	159
2024.11.25	03:00:00	2695.254	2697.434	2658.997	2672.236	25320	0	159
2024.11.25	04:00:00	2672.191	2676.375	2663.826	2672.543	11077	0	159
2024.11.25	05:00:00	2672.587	2674.026	2658.188	2664.661	16364	0	159
2024.11.25	06:00:00	2664.711	2670.163	2661.630	2666.815	15452	0	159
2024.11.25	07:00:00	2666.858	2672.585	2663.785	2667.774	11604	0	159
2024.11.25	08:00:00	2667.809	2673.572	2667.098	2671.963	11600	0	159
2024.11.25	09:00:00	2671.988	2675.226	2669.841	2673.860	8768	0	159
2024.11.25	10:00:00	2673.826	2678.122	2668.834	2677.665	7698	0	159
2024.11.25	11:00:00	2677.629	2688.768	2677.596	2686.776	8764	0	159
2024.11.25	12:00:00	2686.806	2687.096	2679.951	2680.955	9671	0	159
2024.11.25	13:00:00	2680.964	2687.863	2676.608	2678.239	18469	0	159
2024.11.25	14:00:00	2678.281	2678.721	2633.510	2641.219	44333	0	159
2024.11.25	15:00:00	2641.263	2641.740	2626.221	2628.404	24593	0	159
2024.11.25	16:00:00	2628.435	2639.392	2628.313	2631.987	15397	0	159
2024.11.25	17:00:00	2631.979	2634.215	2624.475	2627.807	11001	0	159
2024.11.25	18:00:00	2627.714	2628.504	2615.519	2618.823	12688	0	159
2024.11.25	19:00:00	2618.775	2626.219	2618.333	2625.804	7539	0	159
2024.11.25	20:00:00	2625.830	2628.739	2622.653	2626.130	7022	0	159
2024.11.25	21:00:00	2626.098	2628.365	2625.100	2625.642	3420	0	159
2024.11.25	23:00:00	2625.829	2628.564	2605.112	2610.461	11278	0	159
2024.11.26	00:00:00	2610.527	2624.556	2608.451	2619.816	13757	0	159
2024.11.26	01:00:00	2619.791	2632.216	2618.021	2628.115	17240	0	159
2024.11.26	02:00:00	2628.072	2630.533	2624.893	2625.376	10070	0	159
2024.11.26	03:00:00	2625.290	2631.077	2622.899	2630.376	7504	0	159
2024.11.26	04:00:00	2630.336	2631.451	2625.027	2626.416	5060	0	159
2024.11.26	05:00:00	2626.410	2626.539	2617.832	2624.308	8959	0	159
2024.11.26	06:00:00	2624.351	2626.013	2621.068	2622.131	9072	0	159
2024.11.26	07:00:00	2622.088	2622.859	2610.831	2614.036	9264	0	159
2024.11.26	08:00:00	2614.070	2618.283	2612.417	2613.471	10647	0	159
2024.11.26	09:00:00	2613.420	2627.147	2612.861	2625.969	10166	0	159
2024.11.26	10:00:00	2625.993	2633.153	2625.102	2631.381	9102	0	159
2024.11.26	11:00:00	2631.394	2633.226	2627.580	2633.192	8011	0	159
2024.11.26	12:00:00	2633.249	2634.819	2629.266	2630.961	9189	0	159
2024.11.26	13:00:00	2630.929	2641.993	2623.942	2629.925	19291	0	159
2024.11.26	14:00:00	2629.877	2633.836	2616.664	2622.621	22204	0	159
2024.11.26	15:00:00	2622.649	2632.846	2620.282	2629.512	15800	0	159
2024.11.26	16:00:00	2629.510	2631.485	2626.325	2628.711	10019	0	159
2024.11.26	17:00:00	2628.678	2628.678	2624.939	2624.939	7957	0	159
2024.11.26	18:00:00	2624.909	2624.909	2619.498	2623.412	9131	0	159
2024.11.26	19:00:00	2623.375	2629.018	2622.697	2628.025	7152	0	159
2024.11.26	20:00:00	2628.065	2632.873	2627.429	2631.742	5641	0	159
2024.11.26	21:00:00	2631.767	2633.587	2630.745	2632.720	3341	0	159
2024.11.26	23:00:00	2631.285	2634.151	2630.779	2632.254	3188	0	159
2024.11.27	00:00:00	2632.253	2633.146	2627.184	2627.677	3829	0	159
2024.11.27	01:00:00	2627.703	2632.741	2627.017	2631.387	8697	0	160
2024.11.27	02:00:00	2631.352	2640.487	2631.139	2637.510	8288	0	159
2024.11.27	03:00:00	2637.543	2639.453	2635.868	2637.722	5955	0	159
2024.11.27	04:00:00	2637.728	2640.656	2636.555	2638.996	3931	0	159
2024.11.27	05:00:00	2638.979	2645.786	2638.121	2642.024	6720	0	159
2024.11.27	06:00:00	2642.075	2647.938	2638.927	2647.665	8999	0	159
2024.11.27	07:00:00	2647.720	2648.503	2645.872	2646.625	6748	0	159
2024.11.27	08:00:00	2646.540	2653.676	2645.077	2653.440	9645	0	159
2024.11.27	09:00:00	2653.487	2653.890	2647.762	2648.430	6801	0	159
2024.11.27	10:00:00	2648.389	2650.015	2647.696	2648.541	5902	0	159
2024.11.27	11:00:00	2648.575	2652.381	2643.187	2651.103	7368	0	159
2024.11.27	12:00:00	2651.115	2655.013	2649.456	2651.150	7227	0	159
2024.11.27	13:00:00	2651.195	2658.206	2645.748	2656.204	14798	0	159
2024.11.27	14:00:00	2656.223	2656.896	2648.979	2651.343	13677	0	159
2024.11.27	15:00:00	2651.378	2651.532	2635.528	2642.596	21021	0	159
2024.11.27	16:00:00	2642.651	2644.288	2638.015	2638.972	12383	0	159
2024.11.27	17:00:00	2638.946	2642.842	2635.229	2637.304	8877	0	159
2024.11.27	18:00:00	2637.281	2640.751	2636.499	2638.859	6106	0	159
2024.11.27	19:00:00	2638.898	2639.455	2633.693	2634.708	5145	0	159
2024.11.27	20:00:00	2634.755	2639.030	2634.222	2637.035	5291	0	159
2024.11.27	21:00:00	2637.029	2637.514	2634.729	2635.706	2791	0	159
2024.11.27	23:00:00	2637.116	2637.941	2636.234	2637.168	2152	0	159
2024.11.28	00:00:00	2637.063	2638.432	2635.046	2635.678	3805	0	159
2024.11.28	01:00:00	2635.684	2636.315	2620.844	2628.729	19285	0	159
2024.11.28	02:00:00	2628.765	2630.178	2625.591	2628.166	7417	0	159
2024.11.28	03:00:00	2628.129	2632.186	2625.637	2630.275	5474	0	159
2024.11.28	04:00:00	2630.286	2634.058	2629.305	2631.224	3909	0	159
2024.11.28	05:00:00	2631.231	2634.088	2630.091	2633.355	5889	0	159
2024.11.28	06:00:00	2633.384	2639.629	2631.834	2636.730	6721	0	159
2024.11.28	07:00:00	2636.735	2639.309	2634.514	2637.344	5930	0	159
2024.11.28	08:00:00	2637.275	2646.279	2635.668	2644.118	7031	0	159
2024.11.28	09:00:00	2644.048	2647.977	2642.707	2646.089	6474	0	159
2024.11.28	10:00:00	2646.093	2649.674	2644.766	2647.486	5138	0	159
2024.11.28	11:00:00	2647.549	2649.503	2644.861	2646.884	5059	0	159
2024.11.28	12:00:00	2646.881	2647.228	2643.845	2646.091	5408	0	159
2024.11.28	13:00:00	2646.059	2647.897	2642.737	2647.009	9367	0	159
2024.11.28	14:00:00	2647.042	2647.975	2640.814	2641.324	6504	0	159
2024.11.28	15:00:00	2641.237	2643.085	2636.215	2638.104	7349	0	159
2024.11.28	16:00:00	2638.070	2642.458	2637.502	2642.003	5240	0	159
2024.11.28	17:00:00	2642.040	2642.287	2639.549	2640.912	3342	0	159
2024.11.28	18:00:00	2640.923	2641.072	2639.542	2640.597	527	0	160
2024.11.28	23:00:00	2638.680	2639.268	2637.144	2638.767	2370	0	160
2024.11.29	00:00:00	2638.726	2639.203	2635.612	2636.048	4404	0	159
2024.11.29	01:00:00	2636.065	2647.211	2633.969	2644.926	10945	0	159
2024.11.29	02:00:00	2644.905	2662.802	2644.762	2657.450	12239	0	159
2024.11.29	03:00:00	2657.484	2660.627	2654.707	2660.047	7098	0	159
2024.11.29	04:00:00	2660.020	2664.335	2658.323	2659.841	5455	0	159
2024.11.29	05:00:00	2659.792	2664.060	2659.319	2662.378	6783	0	159
2024.11.29	06:00:00	2662.336	2666.383	2661.639	2665.152	7618	0	159
2024.11.29	07:00:00	2665.198	2665.482	2658.996	2660.522	6213	0	159
2024.11.29	08:00:00	2660.557	2662.565	2654.471	2657.324	7088	0	159
2024.11.29	09:00:00	2657.289	2664.701	2655.835	2664.202	7594	0	159
2024.11.29	10:00:00	2664.158	2665.917	2661.310	2662.755	6647	0	159
2024.11.29	11:00:00	2662.735	2664.296	2659.401	2659.610	6356	0	159
2024.11.29	12:00:00	2659.651	2664.969	2658.949	2659.906	7070	0	159
2024.11.29	13:00:00	2659.950	2663.287	2656.120	2657.938	12329	0	159
2024.11.29	14:00:00	2657.988	2662.716	2651.825	2653.509	13561	0	159
2024.11.29	15:00:00	2653.547	2658.946	2650.537	2658.946	12803	0	159
2024.11.29	16:00:00	2659.002	2662.276	2657.920	2662.142	9660	0	159
2024.11.29	17:00:00	2662.154	2662.247	2657.496	2660.559	7182	0	159
2024.11.29	18:00:00	2660.604	2660.708	2655.230	2655.230	3228	0	159
2024.12.01	23:00:00	2649.054	2650.324	2643.053	2645.659	5596	0	159
2024.12.02	00:00:00	2645.756	2647.667	2629.954	2637.430	10394	0	159
2024.12.02	01:00:00	2637.392	2639.232	2622.897	2635.890	19947	0	159
2024.12.02	02:00:00	2635.876	2638.080	2625.498	2626.749	12472	0	159
2024.12.02	03:00:00	2626.781	2631.049	2624.033	2629.272	9824	0	159
2024.12.02	04:00:00	2629.235	2630.541	2626.152	2628.542	5764	0	159
2024.12.02	05:00:00	2628.549	2628.795	2621.860	2623.207	9352	0	159
2024.12.02	06:00:00	2623.170	2627.697	2621.838	2625.981	9465	0	159
2024.12.02	07:00:00	2625.958	2633.664	2625.215	2629.898	8057	0	159
2024.12.02	08:00:00	2629.859	2632.841	2626.514	2629.484	10272	0	159
2024.12.02	09:00:00	2629.511	2636.845	2628.532	2633.666	9256	0	159
2024.12.02	10:00:00	2633.624	2637.682	2633.318	2635.792	7246	0	159
2024.12.02	11:00:00	2635.771	2646.370	2635.649	2641.885	11455	0	159
2024.12.02	12:00:00	2641.837	2645.178	2639.094	2641.034	8682	0	159
2024.12.02	13:00:00	2640.991	2648.866	2637.048	2646.921	15699	0	159
2024.12.02	14:00:00	2646.895	2651.794	2642.431	2645.693	16031	0	159
2024.12.02	15:00:00	2645.786	2649.438	2640.257	2642.318	15894	0	159
2024.12.02	16:00:00	2642.359	2644.372	2638.577	2641.359	11537	0	159
2024.12.02	17:00:00	2641.316	2642.005	2637.321	2638.820	8299	0	159
2024.12.02	18:00:00	2638.834	2638.924	2633.546	2636.947	7513	0	159
2024.12.02	19:00:00	2636.997	2640.205	2636.576	2637.611	5490	0	159
2024.12.02	20:00:00	2637.577	2644.237	2635.267	2637.134	7967	0	159
2024.12.02	21:00:00	2637.104	2639.095	2636.489	2638.713	2933	0	159
2024.12.02	23:00:00	2638.603	2642.942	2638.400	2642.211	2871	0	159
2024.12.03	00:00:00	2642.228	2644.324	2640.497	2641.091	4685	0	159
2024.12.03	01:00:00	2641.107	2645.325	2634.033	2636.508	11143	0	159
2024.12.03	02:00:00	2636.523	2639.095	2634.421	2637.058	8540	0	159
2024.12.03	03:00:00	2637.022	2640.639	2636.194	2640.427	5566	0	159
2024.12.03	04:00:00	2640.441	2643.004	2638.314	2639.895	4842	0	159
2024.12.03	05:00:00	2639.858	2641.984	2637.080	2641.149	5672	0	159
2024.12.03	06:00:00	2641.185	2650.066	2641.185	2646.907	9895	0	159
2024.12.03	07:00:00	2646.933	2647.652	2644.414	2644.622	6729	0	159
2024.12.03	08:00:00	2644.597	2645.422	2639.169	2645.006	9884	0	159
2024.12.03	09:00:00	2645.040	2648.055	2643.854	2643.939	9953	0	159
2024.12.03	10:00:00	2643.955	2645.602	2642.465	2642.813	6152	0	159
2024.12.03	11:00:00	2642.795	2645.584	2642.673	2643.663	5294	0	159
2024.12.03	12:00:00	2643.671	2644.284	2638.159	2639.781	6468	0	159
2024.12.03	13:00:00	2639.809	2653.751	2637.682	2652.836	12286	0	159
2024.12.03	14:00:00	2652.874	2655.665	2645.704	2646.623	15951	0	159
2024.12.03	15:00:00	2646.636	2647.244	2635.181	2640.435	18270	0	159
2024.12.03	16:00:00	2640.444	2648.679	2638.837	2648.306	10900	0	159
2024.12.03	17:00:00	2648.330	2648.801	2643.409	2646.979	8302	0	159
2024.12.03	18:00:00	2646.946	2649.164	2643.053	2645.819	6784	0	159
2024.12.03	19:00:00	2645.858	2646.260	2640.149	2640.998	5759	0	159
2024.12.03	20:00:00	2640.937	2644.226	2640.626	2642.079	4802	0	159
2024.12.03	21:00:00	2642.114	2644.015	2641.899	2643.558	2889	0	159
2024.12.03	23:00:00	2642.906	2643.168	2641.132	2642.721	2537	0	160
2024.12.04	00:00:00	2642.725	2643.563	2639.534	2640.509	3678	0	159
2024.12.04	01:00:00	2640.548	2643.321	2637.626	2642.242	9076	0	159
2024.12.04	02:00:00	2642.216	2648.093	2641.980	2645.781	7798	0	159
2024.12.04	03:00:00	2645.824	2647.871	2643.153	2644.501	5974	0	159
2024.12.04	04:00:00	2644.480	2648.681	2643.679	2648.367	4465	0	159
2024.12.04	05:00:00	2648.334	2651.155	2647.556	2649.695	6297	0	159
2024.12.04	06:00:00	2649.720	2651.403	2647.341	2649.193	6686	0	159
2024.12.04	07:00:00	2649.229	2649.340	2640.334	2641.353	6886	0	159
2024.12.04	08:00:00	2641.321	2642.251	2636.590	2641.268	8246	0	159
2024.12.04	09:00:00	2641.311	2642.735	2638.612	2640.885	7263	0	159
2024.12.04	10:00:00	2640.930	2644.529	2640.207	2644.360	7084	0	159
2024.12.04	11:00:00	2644.375	2647.735	2643.398	2646.168	6961	0	159
2024.12.04	12:00:00	2646.203	2646.545	2636.204	2637.078	8642	0	159
2024.12.04	13:00:00	2637.050	2649.236	2632.330	2648.469	18763	0	159
2024.12.04	14:00:00	2648.429	2653.525	2645.062	2649.409	15909	0	159
2024.12.04	15:00:00	2649.434	2657.184	2648.701	2655.036	19069	0	159
2024.12.04	16:00:00	2654.984	2655.581	2646.943	2649.684	11243	0	159
2024.12.04	17:00:00	2649.709	2653.047	2648.456	2651.325	8083	0	159
2024.12.04	18:00:00	2651.333	2652.974	2648.799	2649.101	6827	0	159
2024.12.04	19:00:00	2649.125	2655.487	2646.825	2651.711	8140	0	159
2024.12.04	20:00:00	2651.679	2651.962	2648.066	2650.001	5566	0	159
2024.12.04	21:00:00	2650.044	2651.200	2648.903	2649.897	2969	0	160
2024.12.04	23:00:00	2649.852	2651.638	2648.709	2650.397	2620	0	159
2024.12.05	00:00:00	2650.404	2650.474	2647.685	2648.382	3880	0	159
2024.12.05	01:00:00	2648.416	2650.717	2646.167	2647.074	7450	0	159
2024.12.05	02:00:00	2647.113	2649.704	2645.259	2646.529	6283	0	159
2024.12.05	03:00:00	2646.522	2649.334	2644.575	2648.882	5003	0	159
2024.12.05	04:00:00	2648.866	2649.653	2645.751	2646.316	3717	0	159
2024.12.05	05:00:00	2646.284	2655.521	2645.500	2653.204	7174	0	159
2024.12.05	06:00:00	2653.159	2654.166	2646.566	2646.962	7777	0	159
2024.12.05	07:00:00	2646.926	2650.904	2645.325	2648.575	6681	0	159
2024.12.05	08:00:00	2648.622	2650.172	2642.005	2643.158	7128	0	159
2024.12.05	09:00:00	2643.163	2646.163	2641.821	2644.825	6532	0	159
2024.12.05	10:00:00	2644.836	2650.378	2644.706	2648.751	5804	0	159
2024.12.05	11:00:00	2648.727	2652.714	2648.118	2651.307	5746	0	159
2024.12.05	12:00:00	2651.351	2653.397	2647.471	2653.220	6978	0	159
2024.12.05	13:00:00	2653.251	2654.517	2644.293	2648.888	14088	0	159
2024.12.05	14:00:00	2648.895	2650.254	2639.544	2640.395	14272	0	159
2024.12.05	15:00:00	2640.356	2641.916	2631.775	2640.256	16794	0	159
2024.12.05	16:00:00	2640.271	2643.395	2632.835	2635.196	10851	0	159
2024.12.05	17:00:00	2635.228	2635.936	2623.662	2627.944	12194	0	159
2024.12.05	18:00:00	2627.952	2629.680	2623.444	2629.481	8589	0	159
2024.12.05	19:00:00	2629.523	2631.729	2628.619	2629.800	6207	0	159
2024.12.05	20:00:00	2629.774	2631.738	2627.936	2631.335	5524	0	159
2024.12.05	21:00:00	2631.357	2632.508	2630.975	2631.821	2529	0	160
2024.12.05	23:00:00	2632.067	2633.832	2631.418	2633.713	2507	0	160
2024.12.06	00:00:00	2633.721	2633.784	2628.215	2628.556	3597	0	159
2024.12.06	01:00:00	2628.592	2630.473	2612.931	2617.604	17069	0	159
2024.12.06	02:00:00	2617.596	2625.568	2616.866	2625.271	7879	0	159
2024.12.06	03:00:00	2625.310	2642.591	2624.861	2640.877	11050	0	159
2024.12.06	04:00:00	2640.875	2644.577	2640.105	2642.281	6086	0	159
2024.12.06	05:00:00	2642.306	2642.696	2635.313	2637.951	7490	0	159
2024.12.06	06:00:00	2637.896	2642.279	2636.355	2639.370	7553	0	159
2024.12.06	07:00:00	2639.328	2640.184	2635.915	2639.682	5862	0	159
2024.12.06	08:00:00	2639.655	2645.250	2637.714	2644.153	7271	0	159
2024.12.06	09:00:00	2644.198	2645.733	2639.763	2640.678	7130	0	159
2024.12.06	10:00:00	2640.708	2640.908	2633.493	2634.195	6139	0	159
2024.12.06	11:00:00	2634.203	2639.303	2632.344	2638.480	5854	0	159
2024.12.06	12:00:00	2638.401	2641.478	2635.716	2638.494	7855	0	159
2024.12.06	13:00:00	2638.451	2643.536	2631.183	2635.757	25039	0	159
2024.12.06	14:00:00	2635.730	2638.936	2624.022	2635.601	28305	0	159
2024.12.06	15:00:00	2635.627	2640.588	2632.555	2637.530	17897	0	159
2024.12.06	16:00:00	2637.563	2641.654	2635.529	2640.400	10875	0	159
2024.12.06	17:00:00	2640.434	2640.612	2634.180	2634.930	8445	0	159
2024.12.06	18:00:00	2634.976	2639.002	2634.074	2636.918	5324	0	159
2024.12.06	19:00:00	2637.024	2637.194	2632.930	2634.544	3163	0	468
2024.12.06	20:00:00	2634.661	2636.145	2631.228	2631.907	3105	0	468
2024.12.06	21:00:00	2631.980	2633.584	2630.872	2632.920	1956	0	469
2024.12.08	23:00:00	2642.962	2648.524	2636.316	2640.064	8041	0	159
2024.12.09	00:00:00	2640.064	2640.064	2627.461	2631.022	8791	0	159
2024.12.09	01:00:00	2630.973	2650.586	2630.868	2646.703	16179	0	159
2024.12.09	02:00:00	2646.730	2648.627	2640.956	2646.077	9015	0	159
2024.12.09	03:00:00	2646.035	2646.645	2638.256	2638.889	7950	0	159
2024.12.09	04:00:00	2638.842	2639.363	2634.553	2635.920	7051	0	159
2024.12.09	05:00:00	2635.950	2640.393	2635.856	2638.372	6868	0	159
2024.12.09	06:00:00	2638.342	2644.566	2638.110	2643.819	7666	0	159
2024.12.09	07:00:00	2643.820	2651.245	2643.028	2650.490	8280	0	159
2024.12.09	08:00:00	2650.523	2651.137	2646.094	2649.296	8047	0	159
2024.12.09	09:00:00	2649.282	2657.456	2648.769	2655.652	7818	0	159
2024.12.09	10:00:00	2655.668	2658.392	2653.477	2657.451	7081	0	159
2024.12.09	11:00:00	2657.443	2660.411	2653.379	2656.227	7140	0	159
2024.12.09	12:00:00	2656.184	2658.307	2653.342	2656.180	7353	0	159
2024.12.09	13:00:00	2656.219	2666.329	2654.686	2665.491	14781	0	159
2024.12.09	14:00:00	2665.517	2675.252	2662.623	2674.044	15711	0	159
2024.12.09	15:00:00	2673.994	2676.445	2666.594	2668.257	15567	0	159
2024.12.09	16:00:00	2668.221	2670.569	2665.590	2667.608	11470	0	159
2024.12.09	17:00:00	2667.597	2669.341	2663.564	2664.500	7063	0	159
2024.12.09	18:00:00	2664.557	2664.631	2661.637	2662.982	6502	0	159
2024.12.09	19:00:00	2662.954	2663.308	2658.859	2660.166	5160	0	159
2024.12.09	20:00:00	2660.205	2660.242	2656.649	2657.887	5032	0	159
2024.12.09	21:00:00	2657.918	2660.962	2657.832	2660.258	3375	0	159
2024.12.09	23:00:00	2660.787	2661.677	2659.619	2660.449	3045	0	159
2024.12.10	00:00:00	2660.489	2665.473	2657.958	2664.961	4680	0	159
2024.12.10	01:00:00	2664.991	2668.662	2660.504	2667.466	10488	0	159
2024.12.10	02:00:00	2667.500	2671.494	2666.171	2669.013	9110	0	159
2024.12.10	03:00:00	2668.977	2671.782	2665.436	2669.918	7605	0	159
2024.12.10	04:00:00	2669.942	2673.859	2669.569	2670.309	5632	0	159
2024.12.10	05:00:00	2670.335	2671.677	2668.247	2668.940	6681	0	159
2024.12.10	06:00:00	2668.897	2670.985	2665.675	2669.991	6763	0	159
2024.12.10	07:00:00	2669.977	2670.848	2663.632	2664.689	6091	0	159
2024.12.10	08:00:00	2664.615	2665.661	2661.123	2663.223	8382	0	159
2024.12.10	09:00:00	2663.180	2666.978	2661.633	2664.912	8010	0	159
2024.12.10	10:00:00	2664.938	2676.839	2664.456	2675.442	8702	0	159
2024.12.10	11:00:00	2675.460	2675.508	2669.740	2674.496	8531	0	159
2024.12.10	12:00:00	2674.539	2679.372	2672.633	2677.714	10659	0	159
2024.12.10	13:00:00	2677.755	2681.961	2672.308	2680.380	12346	0	159
2024.12.10	14:00:00	2680.417	2691.777	2679.494	2688.964	15482	0	159
2024.12.10	15:00:00	2688.917	2690.481	2684.440	2687.446	12551	0	159
2024.12.10	16:00:00	2687.446	2692.547	2684.553	2692.265	10240	0	159
2024.12.10	17:00:00	2692.283	2695.523	2690.432	2694.301	6400	0	159
2024.12.10	18:00:00	2694.267	2695.206	2691.850	2692.462	6147	0	159
2024.12.10	19:00:00	2692.435	2694.547	2691.060	2692.011	5047	0	159
2024.12.10	20:00:00	2691.976	2693.084	2690.877	2691.714	4341	0	159
2024.12.10	21:00:00	2691.758	2694.460	2691.590	2693.655	3009	0	160
2024.12.10	23:00:00	2693.658	2698.378	2693.584	2695.986	3833	0	159
2024.12.11	00:00:00	2695.911	2701.890	2693.416	2701.046	7594	0	159
2024.12.11	01:00:00	2701.082	2703.810	2696.611	2699.961	13887	0	159
2024.12.11	02:00:00	2700.017	2704.348	2698.290	2699.052	13200	0	159
2024.12.11	03:00:00	2699.017	2702.284	2692.287	2695.704	14715	0	159
2024.12.11	04:00:00	2695.647	2696.249	2682.946	2684.834	21542	0	159
2024.12.11	05:00:00	2684.779	2693.656	2675.566	2688.609	24881	0	159
2024.12.11	06:00:00	2688.535	2698.242	2686.597	2696.442	21593	0	159
2024.12.11	07:00:00	2696.477	2696.514	2688.075	2690.644	15478	0	159
2024.12.11	08:00:00	2690.435	2696.023	2689.899	2691.143	7496	0	145
2024.12.11	09:00:00	2691.096	2696.120	2686.211	2695.709	3529	0	154
2024.12.11	10:00:00	2695.859	2699.761	2692.348	2694.507	3481	0	167
2024.12.11	11:00:00	2694.685	2697.618	2692.787	2696.439	3244	0	167
2024.12.11	12:00:00	2696.560	2697.524	2693.739	2695.687	3246	0	167
2024.12.11	13:00:00	2695.731	2702.389	2690.660	2700.991	3712	0	167
2024.12.11	14:00:00	2701.259	2706.904	2696.588	2706.578	3729	0	167
2024.12.11	15:00:00	2706.361	2715.932	2705.276	2713.101	3877	0	167
2024.12.11	16:00:00	2713.213	2718.511	2711.186	2715.161	3538	0	167
2024.12.11	17:00:00	2715.126	2719.910	2714.212	2718.069	3259	0	167
2024.12.11	18:00:00	2717.960	2721.052	2713.900	2714.409	3260	0	167
2024.12.11	19:00:00	2714.127	2719.670	2713.309	2717.943	3240	0	167
2024.12.11	20:00:00	2718.147	2720.065	2716.154	2717.175	3007	0	167
2024.12.11	21:00:00	2717.227	2718.830	2716.054	2718.105	1763	0	168
2024.12.11	23:00:00	2718.647	2720.433	2716.919	2719.922	1942	0	159
2024.12.12	00:00:00	2719.984	2724.341	2718.832	2724.190	2515	0	159
2024.12.12	01:00:00	2724.094	2726.206	2700.251	2711.082	3649	0	159
2024.12.12	02:00:00	2711.006	2711.451	2703.805	2705.991	3041	0	159
2024.12.12	03:00:00	2706.011	2711.440	2705.185	2710.489	2807	0	159
2024.12.12	04:00:00	2710.508	2715.909	2709.689	2712.706	2683	0	159
2024.12.12	05:00:00	2712.684	2716.301	2711.577	2713.665	2765	0	159
2024.12.12	06:00:00	2713.621	2718.516	2710.076	2718.438	2911	0	159
2024.12.12	07:00:00	2718.452	2720.396	2715.338	2716.047	3000	0	159
2024.12.12	08:00:00	2716.219	2719.428	2714.873	2718.042	3341	0	159
2024.12.12	09:00:00	2718.142	2718.685	2714.030	2714.908	3342	0	159
2024.12.12	10:00:00	2714.772	2715.737	2709.786	2711.584	3317	0	159
2024.12.12	11:00:00	2711.331	2713.400	2707.310	2710.934	3539	0	159
2024.12.12	12:00:00	2710.997	2712.392	2706.008	2706.716	3308	0	159
2024.12.12	13:00:00	2706.910	2711.514	2697.317	2697.350	4194	0	159
2024.12.12	14:00:00	2697.514	2699.565	2680.920	2686.645	4815	0	159
2024.12.12	15:00:00	2686.483	2688.253	2675.077	2679.785	4587	0	159
2024.12.12	16:00:00	2679.597	2683.758	2677.248	2683.520	3567	0	159
2024.12.12	17:00:00	2683.532	2686.613	2681.420	2686.285	3388	0	159
2024.12.12	18:00:00	2686.296	2687.040	2682.777	2684.289	3204	0	159
2024.12.12	19:00:00	2684.268	2686.761	2682.541	2683.133	2958	0	159
2024.12.12	20:00:00	2683.187	2683.576	2679.455	2679.848	2983	0	159
2024.12.12	21:00:00	2679.844	2682.942	2679.732	2680.699	2187	0	159
2024.12.12	23:00:00	2680.850	2681.599	2679.837	2680.623	1664	0	159
2024.12.13	00:00:00	2680.617	2685.580	2678.871	2685.488	2513	0	159
2024.12.13	01:00:00	2685.234	2692.778	2685.234	2689.950	3504	0	159
2024.12.13	02:00:00	2689.939	2691.228	2684.411	2686.628	3450	0	159
2024.12.13	03:00:00	2686.576	2691.313	2686.072	2688.121	2993	0	159
2024.12.13	04:00:00	2687.967	2688.651	2685.517	2687.374	2661	0	159
2024.12.13	05:00:00	2687.367	2689.414	2685.083	2688.349	2949	0	159
2024.12.13	06:00:00	2688.513	2690.527	2683.324	2689.585	3145	0	159
2024.12.13	07:00:00	2689.662	2690.158	2681.111	2683.202	3175	0	159
2024.12.13	08:00:00	2682.994	2684.782	2674.453	2675.025	3361	0	160
2024.12.13	09:00:00	2674.846	2677.019	2667.517	2668.896	3593	0	159
2024.12.13	10:00:00	2669.074	2670.069	2665.147	2666.689	3184	0	159
2024.12.13	11:00:00	2666.771	2669.497	2664.390	2664.993	3136	0	159
2024.12.13	12:00:00	2664.800	2672.695	2662.817	2672.416	3381	0	159
2024.12.13	13:00:00	2672.434	2672.882	2659.631	2662.196	3954	0	159
2024.12.13	14:00:00	2661.956	2664.060	2657.343	2660.133	3913	0	159
2024.12.13	15:00:00	2660.122	2662.600	2654.563	2659.888	3764	0	159
2024.12.13	16:00:00	2659.826	2664.566	2658.731	2662.046	3366	0	159
2024.12.13	17:00:00	2662.285	2662.297	2655.620	2656.368	3053	0	159
2024.12.13	18:00:00	2656.351	2657.105	2652.134	2654.182	3124	0	159
2024.12.13	19:00:00	2654.350	2655.307	2652.290	2653.041	2790	0	159
2024.12.13	20:00:00	2652.973	2653.530	2646.431	2647.825	2980	0	159
2024.12.13	21:00:00	2647.636	2649.889	2646.046	2648.392	2323	0	159
2024.12.15	23:00:00	2649.414	2653.127	2648.793	2651.479	1933	0	159
2024.12.16	00:00:00	2651.484	2651.757	2643.520	2647.072	2515	0	159
2024.12.16	01:00:00	2647.086	2655.611	2646.803	2653.424	3356	0	159
2024.12.16	02:00:00	2653.427	2654.716	2650.458	2651.868	2937	0	159
2024.12.16	03:00:00	2651.832	2655.584	2651.688	2653.871	2730	0	159
2024.12.16	04:00:00	2653.874	2654.524	2651.967	2652.802	2307	0	159
2024.12.16	05:00:00	2652.760	2653.455	2649.545	2652.792	2837	0	159
2024.12.16	06:00:00	2652.794	2654.839	2652.091	2653.714	2678	0	159
2024.12.16	07:00:00	2653.724	2655.868	2651.693	2653.687	2793	0	159
2024.12.16	08:00:00	2653.536	2662.043	2652.310	2658.012	5403	0	80
2024.12.16	09:00:00	2657.969	2660.101	2655.787	2658.187	6357	0	159
2024.12.16	10:00:00	2658.193	2661.132	2657.917	2658.878	6122	0	159
2024.12.16	11:00:00	2658.902	2664.168	2657.715	2663.542	6387	0	159
2024.12.16	12:00:00	2663.579	2664.447	2657.398	2659.955	6835	0	159
2024.12.16	13:00:00	2659.968	2664.257	2658.840	2661.970	11379	0	159
2024.12.16	14:00:00	2662.005	2663.035	2654.098	2654.841	11371	0	159
2024.12.16	15:00:00	2654.879	2656.937	2650.833	2654.472	10680	0	159
2024.12.16	16:00:00	2654.438	2655.779	2648.507	2652.195	7587	0	159
2024.12.16	17:00:00	2652.159	2655.420	2651.687	2652.153	5656	0	159
2024.12.16	18:00:00	2652.112	2655.643	2651.337	2655.337	5193	0	159
2024.12.16	19:00:00	2655.367	2655.784	2652.036	2653.299	4330	0	159
2024.12.16	20:00:00	2653.258	2653.634	2651.931	2652.742	4198	0	159
2024.12.16	21:00:00	2652.781	2653.104	2651.460	2652.850	2379	0	159
2024.12.16	23:00:00	2652.485	2653.013	2651.608	2651.744	2324	0	159
2024.12.17	00:00:00	2651.762	2655.496	2651.121	2655.240	3660	0	159
2024.12.17	01:00:00	2655.207	2658.625	2654.313	2658.015	7085	0	159
2024.12.17	02:00:00	2657.979	2658.639	2653.940	2654.973	5751	0	159
2024.12.17	03:00:00	2654.976	2656.214	2651.289	2653.616	5096	0	159
2024.12.17	04:00:00	2653.578	2655.312	2650.912	2651.714	3558	0	160
2024.12.17	05:00:00	2651.686	2654.823	2649.000	2653.791	6282	0	159
2024.12.17	06:00:00	2653.824	2654.646	2646.417	2648.824	7283	0	159
2024.12.17	07:00:00	2648.836	2657.093	2648.122	2653.753	6022	0	159
2024.12.17	08:00:00	2653.727	2653.776	2641.477	2644.235	9337	0	159
2024.12.17	09:00:00	2644.233	2646.121	2638.014	2639.781	11371	0	159
2024.12.17	10:00:00	2639.745	2643.279	2638.087	2638.115	7599	0	159
2024.12.17	11:00:00	2638.154	2642.519	2636.207	2642.187	6669	0	159
2024.12.17	12:00:00	2642.208	2645.538	2640.683	2642.741	6907	0	159
2024.12.17	13:00:00	2642.712	2646.968	2634.749	2637.125	15109	0	159
2024.12.17	14:00:00	2637.139	2642.076	2632.966	2636.736	15547	0	159
2024.12.17	15:00:00	2636.757	2642.978	2635.938	2640.166	10698	0	159
2024.12.17	16:00:00	2640.241	2641.545	2636.629	2638.884	8460	0	159
2024.12.17	17:00:00	2638.848	2647.063	2637.843	2646.001	6402	0	159
2024.12.17	18:00:00	2646.041	2649.079	2644.991	2647.349	5448	0	159
2024.12.17	19:00:00	2647.325	2648.256	2645.124	2645.385	4049	0	159
2024.12.17	20:00:00	2645.427	2646.931	2643.083	2643.605	4404	0	159
2024.12.17	21:00:00	2643.645	2646.364	2643.529	2645.968	2494	0	159
2024.12.17	23:00:00	2645.944	2647.681	2644.804	2647.378	2155	0	159
2024.12.18	00:00:00	2647.365	2650.365	2646.558	2650.002	3809	0	159
2024.12.18	01:00:00	2650.080	2651.746	2648.001	2651.008	6924	0	159
2024.12.18	02:00:00	2651.023	2651.055	2646.961	2647.424	5324	0	159
2024.12.18	03:00:00	2647.390	2648.910	2645.229	2645.669	4876	0	159
2024.12.18	04:00:00	2645.632	2645.964	2642.692	2645.104	4199	0	159
2024.12.18	05:00:00	2645.105	2649.551	2643.884	2647.408	4988	0	159
2024.12.18	06:00:00	2647.425	2647.945	2644.520	2646.673	5623	0	159
2024.12.18	07:00:00	2646.669	2647.375	2643.330	2644.610	5082	0	159
2024.12.18	08:00:00	2644.585	2649.734	2642.074	2647.977	6759	0	159
2024.12.18	09:00:00	2647.940	2649.330	2645.522	2646.857	5877	0	159
2024.12.18	10:00:00	2646.851	2649.417	2646.161	2648.463	4459	0	159
2024.12.18	11:00:00	2648.465	2649.461	2645.784	2646.096	4353	0	159
2024.12.18	12:00:00	2646.112	2647.708	2643.418	2644.061	4602	0	159
2024.12.18	13:00:00	2643.999	2647.524	2641.002	2643.977	9099	0	159
2024.12.18	14:00:00	2643.940	2644.991	2636.893	2638.009	11168	0	159
2024.12.18	15:00:00	2637.968	2638.309	2633.694	2638.145	8713	0	159
2024.12.18	16:00:00	2638.109	2639.502	2633.034	2634.712	6904	0	159
2024.12.18	17:00:00	2634.737	2639.991	2634.536	2636.038	5767	0	160
2024.12.18	18:00:00	2636.059	2638.932	2635.283	2637.140	5114	0	159
2024.12.18	19:00:00	2636.994	2636.994	2604.020	2604.543	30391	0	159
2024.12.18	20:00:00	2604.581	2609.313	2587.166	2592.419	25137	0	159
2024.12.18	21:00:00	2592.468	2595.392	2583.720	2585.955	9204	0	159
2024.12.18	23:00:00	2583.929	2592.310	2583.393	2588.225	6285	0	159
2024.12.19	00:00:00	2588.256	2597.183	2587.957	2595.360	6935	0	159
2024.12.19	01:00:00	2595.317	2618.160	2593.338	2611.966	17140	0	159
2024.12.19	02:00:00	2611.965	2613.971	2606.285	2612.152	10694	0	159
2024.12.19	03:00:00	2612.211	2613.451	2607.619	2610.455	6967	0	159
2024.12.19	04:00:00	2610.479	2611.583	2606.884	2609.163	5242	0	159
2024.12.19	05:00:00	2609.130	2610.631	2606.553	2607.205	5437	0	159
2024.12.19	06:00:00	2607.165	2614.264	2603.297	2612.899	7605	0	159
2024.12.19	07:00:00	2612.948	2622.700	2611.800	2616.500	10501	0	159
2024.12.19	08:00:00	2616.543	2619.242	2613.213	2618.458	8393	0	159
2024.12.19	09:00:00	2618.450	2622.920	2618.430	2620.369	8449	0	159
2024.12.19	10:00:00	2620.379	2626.430	2617.383	2619.463	8023	0	159
2024.12.19	11:00:00	2619.465	2621.992	2616.083	2616.810	6696	0	159
2024.12.19	12:00:00	2616.771	2616.791	2604.350	2606.234	9848	0	159
2024.12.19	13:00:00	2606.189	2606.249	2595.254	2596.256	17476	0	159
2024.12.19	14:00:00	2596.224	2600.807	2591.864	2592.617	18099	0	159
2024.12.19	15:00:00	2592.463	2595.940	2586.951	2588.446	14754	0	159
2024.12.19	16:00:00	2588.422	2596.632	2587.134	2591.653	11302	0	159
2024.12.19	17:00:00	2591.699	2594.222	2590.658	2592.565	7924	0	159
2024.12.19	18:00:00	2592.610	2599.903	2591.861	2599.690	8432	0	159
2024.12.19	19:00:00	2599.636	2600.983	2596.645	2596.791	6561	0	159
2024.12.19	20:00:00	2596.832	2600.343	2596.409	2596.894	6545	0	159
2024.12.19	21:00:00	2596.857	2597.055	2593.131	2593.993	3093	0	159
2024.12.19	23:00:00	2594.706	2595.912	2592.307	2593.519	2632	0	159
2024.12.20	00:00:00	2593.496	2595.330	2590.526	2590.869	3928	0	160
2024.12.20	01:00:00	2590.895	2603.885	2589.593	2603.784	10861	0	159
2024.12.20	02:00:00	2603.795	2603.993	2595.462	2597.071	9097	0	159
2024.12.20	03:00:00	2597.062	2599.087	2595.702	2598.471	5112	0	159
2024.12.20	04:00:00	2598.467	2601.046	2597.359	2597.963	4165	0	159
2024.12.20	05:00:00	2597.962	2601.304	2596.422	2600.275	4926	0	159
2024.12.20	06:00:00	2600.248	2605.409	2598.883	2604.757	6399	0	159
2024.12.20	07:00:00	2604.720	2607.516	2602.330	2606.253	6213	0	159
2024.12.20	08:00:00	2606.297	2607.743	2604.361	2605.531	7765	0	159
2024.12.20	09:00:00	2605.493	2606.717	2603.130	2605.068	6854	0	159
2024.12.20	10:00:00	2605.111	2606.943	2603.974	2604.219	5590	0	159
2024.12.20	11:00:00	2604.202	2604.830	2600.041	2603.694	5868	0	159
2024.12.20	12:00:00	2603.668	2606.195	2602.129	2603.487	6154	0	159
2024.12.20	13:00:00	2603.510	2614.179	2600.340	2609.566	12897	0	159
2024.12.20	14:00:00	2609.527	2618.344	2608.419	2617.226	16658	0	159
2024.12.20	15:00:00	2617.187	2631.201	2616.414	2630.314	16835	0	159
2024.12.20	16:00:00	2630.351	2631.875	2622.316	2625.219	12849	0	159
2024.12.20	17:00:00	2625.246	2627.553	2622.142	2625.547	8909	0	159
2024.12.20	18:00:00	2625.523	2627.385	2623.368	2626.105	9665	0	159
2024.12.20	19:00:00	2626.072	2629.317	2624.906	2627.881	6952	0	159
2024.12.20	20:00:00	2627.845	2628.118	2622.216	2622.786	8735	0	159
2024.12.20	21:00:00	2622.750	2624.034	2619.202	2622.643	2196	0	64
2024.12.22	23:00:00	2623.329	2624.907	2621.731	2624.293	1858	0	159
2024.12.23	00:00:00	2624.399	2625.199	2617.499	2621.640	2511	0	159
2024.12.23	01:00:00	2621.602	2624.189	2618.414	2620.800	3107	0	159
2024.12.23	02:00:00	2620.793	2627.443	2620.519	2625.922	2885	0	159
2024.12.23	03:00:00	2626.190	2626.922	2622.310	2624.095	2668	0	159
2024.12.23	04:00:00	2624.118	2626.376	2623.863	2625.510	2261	0	159
2024.12.23	05:00:00	2625.771	2629.297	2624.971	2626.691	2618	0	160
2024.12.23	06:00:00	2626.636	2632.976	2624.537	2631.564	2846	0	159
2024.12.23	07:00:00	2631.588	2633.259	2629.406	2630.230	2736	0	64
2024.12.23	08:00:00	2630.184	2632.129	2626.038	2629.857	6787	0	159
2024.12.23	09:00:00	2629.818	2630.733	2625.991	2626.436	5673	0	159
2024.12.23	10:00:00	2626.399	2626.908	2618.952	2619.491	6798	0	159
2024.12.23	11:00:00	2619.453	2620.126	2612.959	2616.260	6974	0	159
2024.12.23	12:00:00	2616.292	2618.688	2614.065	2615.065	6646	0	159
2024.12.23	13:00:00	2615.036	2619.865	2613.945	2617.306	8705	0	159
2024.12.23	14:00:00	2617.333	2619.898	2613.630	2615.719	9229	0	159
2024.12.23	15:00:00	2615.717	2616.617	2609.214	2609.762	12191	0	159
2024.12.23	16:00:00	2609.798	2616.097	2608.117	2615.942	11044	0	159
2024.12.23	17:00:00	2615.978	2616.602	2610.646	2611.223	7792	0	159
2024.12.23	18:00:00	2611.194	2612.792	2609.915	2610.417	6257	0	159
2024.12.23	19:00:00	2610.457	2612.550	2609.580	2611.084	4758	0	159
2024.12.23	20:00:00	2611.129	2612.596	2609.147	2610.830	4388	0	159
2024.12.23	21:00:00	2610.868	2613.809	2610.185	2613.420	2029	0	159
2024.12.23	23:00:00	2613.786	2617.040	2613.087	2615.492	2964	0	159
2024.12.24	00:00:00	2615.546	2617.405	2613.501	2616.716	3113	0	159
2024.12.24	01:00:00	2616.758	2618.000	2614.530	2617.605	6256	0	159
2024.12.24	02:00:00	2617.558	2619.903	2616.673	2616.915	4871	0	159
2024.12.24	03:00:00	2616.879	2618.697	2615.657	2618.697	4181	0	159
2024.12.24	04:00:00	2618.729	2620.507	2618.258	2620.185	3585	0	159
2024.12.24	05:00:00	2620.220	2621.408	2618.347	2619.274	4458	0	159
2024.12.24	06:00:00	2619.233	2619.812	2616.422	2618.982	5040	0	159
2024.12.24	07:00:00	2618.975	2621.472	2617.949	2618.456	4616	0	159
2024.12.24	08:00:00	2618.519	2619.806	2616.818	2617.395	4586	0	159
2024.12.24	09:00:00	2617.364	2618.337	2613.383	2613.551	4713	0	159
2024.12.24	10:00:00	2613.551	2617.901	2613.088	2615.573	4715	0	159
2024.12.24	11:00:00	2615.536	2616.263	2612.406	2615.152	4348	0	159
2024.12.24	12:00:00	2615.199	2616.407	2612.526	2613.786	5292	0	159
2024.12.24	13:00:00	2613.747	2614.720	2611.270	2614.227	7271	0	159
2024.12.24	14:00:00	2614.269	2617.266	2610.067	2610.933	8056	0	159
2024.12.24	15:00:00	2610.923	2613.478	2610.019	2611.666	7817	0	159
2024.12.24	16:00:00	2611.710	2617.811	2611.492	2615.955	6416	0	159
2024.12.24	17:00:00	2615.906	2619.335	2615.203	2617.072	9340	0	159
2024.12.24	18:00:00	2617.134	2617.884	2614.854	2616.713	2172	0	159
2024.12.25	23:00:00	2615.621	2620.115	2615.371	2618.656	2408	0	160
2024.12.26	00:00:00	2618.647	2622.797	2618.611	2621.538	3285	0	159
2024.12.26	01:00:00	2621.575	2627.787	2620.804	2626.663	6515	0	159
2024.12.26	02:00:00	2626.632	2627.842	2625.776	2627.538	4137	0	159
2024.12.26	03:00:00	2627.568	2629.081	2625.718	2626.893	4416	0	159
2024.12.26	04:00:00	2626.893	2629.252	2626.298	2627.378	3118	0	159
2024.12.26	05:00:00	2627.383	2628.337	2625.963	2626.423	4114	0	159
2024.12.26	06:00:00	2626.324	2627.349	2624.623	2626.155	3903	0	159
2024.12.26	07:00:00	2626.167	2629.713	2623.597	2625.413	4611	0	159
2024.12.26	08:00:00	2625.398	2629.042	2625.111	2627.474	4730	0	159
2024.12.26	09:00:00	2627.468	2628.294	2625.832	2627.368	3502	0	159
2024.12.26	10:00:00	2627.411	2629.395	2626.742	2628.716	3739	0	159
2024.12.26	11:00:00	2628.718	2630.019	2627.782	2627.882	4263	0	159
2024.12.26	12:00:00	2627.855	2628.458	2624.640	2626.686	4913	0	159
2024.12.26	13:00:00	2626.646	2631.163	2621.718	2623.104	9540	0	159
2024.12.26	14:00:00	2623.123	2630.149	2622.474	2629.979	8157	0	159
2024.12.26	15:00:00	2629.964	2639.177	2629.042	2636.479	8480	0	159
2024.12.26	16:00:00	2636.527	2636.838	2631.474	2632.118	7056	0	159
2024.12.26	17:00:00	2632.157	2632.263	2627.885	2629.355	6164	0	159
2024.12.26	18:00:00	2629.314	2635.980	2629.183	2634.761	6625	0	159
2024.12.26	19:00:00	2634.735	2635.812	2632.695	2634.950	4582	0	159
2024.12.26	20:00:00	2634.873	2636.162	2633.744	2634.405	5828	0	159
2024.12.26	21:00:00	2634.432	2634.589	2633.117	2633.486	2580	0	160
2024.12.26	23:00:00	2628.460	2634.490	2624.659	2632.684	3809	0	159
2024.12.27	00:00:00	2632.689	2634.033	2631.303	2631.387	3055	0	159
2024.12.27	01:00:00	2631.351	2633.866	2630.624	2632.154	6012	0	159
2024.12.27	02:00:00	2632.128	2633.738	2628.886	2632.931	5359	0	159
2024.12.27	03:00:00	2632.911	2635.512	2631.647	2633.709	5450	0	159
2024.12.27	04:00:00	2633.744	2634.000	2631.975	2633.495	3398	0	159
2024.12.27	05:00:00	2633.513	2634.236	2631.338	2631.342	3920	0	159
2024.12.27	06:00:00	2631.311	2637.029	2631.256	2634.694	5510	0	159
2024.12.27	07:00:00	2634.742	2638.314	2633.127	2633.638	5986	0	159
2024.12.27	08:00:00	2633.599	2633.599	2626.072	2626.195	6497	0	159
2024.12.27	09:00:00	2626.198	2627.707	2623.635	2624.044	4831	0	159
2024.12.27	10:00:00	2624.011	2628.063	2623.452	2626.676	5013	0	159
2024.12.27	11:00:00	2626.711	2628.856	2625.132	2628.642	4771	0	159
2024.12.27	12:00:00	2628.638	2631.575	2625.658	2626.228	5682	0	159
2024.12.27	13:00:00	2626.294	2627.277	2618.052	2618.778	11346	0	159
2024.12.27	14:00:00	2618.828	2619.414	2611.579	2615.761	13019	0	159
2024.12.27	15:00:00	2615.718	2619.471	2612.897	2618.134	10752	0	159
2024.12.27	16:00:00	2618.174	2619.798	2615.294	2617.898	7443	0	159
2024.12.27	17:00:00	2617.932	2618.303	2614.083	2615.839	7474	0	159
2024.12.27	18:00:00	2615.877	2620.148	2615.287	2618.689	5623	0	159
2024.12.27	19:00:00	2618.667	2621.394	2617.417	2620.685	4594	0	159
2024.12.27	20:00:00	2620.719	2620.848	2612.712	2615.499	6220	0	159
2024.12.27	21:00:00	2615.458	2621.980	2615.320	2621.623	3578	0	159
2024.12.29	23:00:00	2621.977	2626.159	2621.632	2624.035	4007	0	159
2024.12.30	00:00:00	2624.080	2625.489	2621.453	2622.555	3318	0	159
2024.12.30	01:00:00	2622.592	2626.833	2622.113	2624.346	7612	0	159
2024.12.30	02:00:00	2624.359	2625.498	2622.360	2623.965	5091	0	159
2024.12.30	03:00:00	2623.930	2628.111	2623.138	2626.579	4505	0	159
2024.12.30	04:00:00	2626.567	2626.567	2621.488	2622.243	3624	0	159
2024.12.30	05:00:00	2622.205	2624.205	2620.479	2623.748	4803	0	159
2024.12.30	06:00:00	2623.708	2624.684	2618.319	2619.131	5514	0	159
2024.12.30	07:00:00	2619.098	2620.029	2615.813	2616.784	5188	0	159
2024.12.30	08:00:00	2616.758	2617.456	2609.234	2611.875	6636	0	159
2024.12.30	09:00:00	2611.935	2617.520	2611.404	2612.820	5929	0	159
2024.12.30	10:00:00	2612.823	2615.243	2610.515	2610.564	5288	0	159
2024.12.30	11:00:00	2610.529	2618.710	2609.092	2616.332	5640	0	159
2024.12.30	12:00:00	2616.332	2622.447	2615.653	2621.556	4862	0	159
2024.12.30	13:00:00	2621.529	2622.609	2606.416	2606.716	10991	0	159
2024.12.30	14:00:00	2606.679	2613.805	2605.349	2611.517	11393	0	159
2024.12.30	15:00:00	2611.550	2611.716	2599.597	2601.599	13838	0	159
2024.12.30	16:00:00	2601.613	2602.797	2596.048	2599.729	9279	0	159
2024.12.30	17:00:00	2599.779	2605.558	2599.779	2605.141	7335	0	159
2024.12.30	18:00:00	2605.181	2606.729	2603.400	2606.125	5972	0	159
2024.12.30	19:00:00	2606.120	2608.390	2603.638	2607.122	5051	0	159
2024.12.30	20:00:00	2607.169	2609.533	2606.461	2607.789	5092	0	159
2024.12.30	21:00:00	2607.816	2608.034	2605.828	2606.303	2135	0	160
2024.12.30	23:00:00	2606.636	2607.324	2603.860	2606.677	2239	0	159
2024.12.31	00:00:00	2606.717	2608.672	2605.019	2607.724	2386	0	159
2024.12.31	01:00:00	2607.701	2611.606	2606.657	2608.957	5747	0	159
2024.12.31	02:00:00	2608.952	2609.631	2606.852	2607.115	4118	0	159
2024.12.31	03:00:00	2607.052	2607.572	2603.506	2604.613	4278	0	159
2024.12.31	04:00:00	2604.612	2607.140	2604.294	2606.559	3222	0	159
2024.12.31	05:00:00	2606.515	2608.150	2602.591	2604.355	3876	0	159
2024.12.31	06:00:00	2604.367	2608.651	2603.568	2607.866	5741	0	159
2024.12.31	07:00:00	2607.881	2614.143	2607.325	2613.694	4870	0	159
2024.12.31	08:00:00	2613.735	2617.796	2612.829	2616.564	5725	0	159
2024.12.31	09:00:00	2616.564	2616.883	2613.079	2615.218	4798	0	159
2024.12.31	10:00:00	2615.258	2615.815	2610.893	2611.786	5326	0	159
2024.12.31	11:00:00	2611.798	2614.252	2609.714	2611.051	4833	0	159
2024.12.31	12:00:00	2611.016	2612.818	2609.323	2611.170	5395	0	159
2024.12.31	13:00:00	2611.213	2616.230	2605.304	2613.232	8876	0	159
2024.12.31	14:00:00	2613.290	2617.843	2611.277	2613.634	9651	0	159
2024.12.31	15:00:00	2613.598	2626.638	2612.436	2625.656	11218	0	159
2024.12.31	16:00:00	2625.632	2627.161	2622.165	2625.395	8818	0	159
2024.12.31	17:00:00	2625.430	2627.541	2623.160	2624.309	6459	0	159
2024.12.31	18:00:00	2624.267	2627.233	2622.695	2624.772	6321	0	159
2024.12.31	19:00:00	2624.879	2627.271	2622.852	2623.872	4484	0	159
2024.12.31	20:00:00	2623.840	2625.002	2622.190	2623.216	4221	0	159
2024.12.31	21:00:00	2623.181	2624.925	2622.898	2624.381	1907	0	160
2025.01.01	23:00:00	2625.179	2625.839	2621.669	2623.766	3104	0	159
2025.01.02	00:00:00	2623.798	2627.937	2622.754	2625.373	3975	0	159
2025.01.02	01:00:00	2625.414	2634.386	2623.813	2632.935	11190	0	159
2025.01.02	02:00:00	2632.946	2636.540	2632.254	2634.701	6412	0	159
2025.01.02	03:00:00	2634.666	2635.361	2632.204	2633.644	4288	0	159
2025.01.02	04:00:00	2633.633	2634.213	2631.050	2633.925	3618	0	159
2025.01.02	05:00:00	2633.924	2636.492	2633.094	2634.036	4441	0	159
2025.01.02	06:00:00	2633.937	2635.437	2631.226	2634.079	4885	0	159
2025.01.02	07:00:00	2634.126	2635.994	2632.992	2635.915	4629	0	159
2025.01.02	08:00:00	2635.953	2637.842	2631.096	2636.432	6516	0	160
2025.01.02	09:00:00	2636.417	2639.978	2635.901	2636.139	6370	0	159
2025.01.02	10:00:00	2636.128	2646.379	2632.744	2642.691	8970	0	159
2025.01.02	11:00:00	2642.701	2644.692	2640.255	2641.976	5725	0	159
2025.01.02	12:00:00	2641.977	2646.480	2640.305	2643.446	6296	0	159
2025.01.02	13:00:00	2643.336	2647.341	2636.046	2643.006	13486	0	159
2025.01.02	14:00:00	2642.964	2651.066	2640.361	2647.518	14500	0	159
2025.01.02	15:00:00	2647.482	2655.876	2645.186	2654.110	12413	0	159
2025.01.02	16:00:00	2654.062	2660.441	2650.035	2659.284	10714	0	159
2025.01.02	17:00:00	2659.326	2660.457	2652.515	2656.471	8047	0	159
2025.01.02	18:00:00	2656.477	2658.774	2653.769	2655.483	7654	0	159
2025.01.02	19:00:00	2655.524	2657.161	2653.805	2654.740	5896	0	159
2025.01.02	20:00:00	2654.775	2660.463	2654.151	2659.664	5869	0	159
2025.01.02	21:00:00	2659.621	2660.213	2656.550	2657.442	2767	0	159
2025.01.02	23:00:00	2657.396	2659.543	2657.322	2658.327	2580	0	159
2025.01.03	00:00:00	2658.328	2661.159	2658.328	2660.717	3378	0	159
2025.01.03	01:00:00	2660.745	2662.583	2656.672	2659.414	5827	0	159
2025.01.03	02:00:00	2659.425	2664.049	2656.109	2662.413	7739	0	159
2025.01.03	03:00:00	2662.443	2665.253	2661.238	2662.288	5395	0	159
2025.01.03	04:00:00	2662.255	2664.409	2661.680	2662.841	3082	0	159
2025.01.03	05:00:00	2662.866	2662.918	2655.909	2658.550	4768	0	159
2025.01.03	06:00:00	2658.538	2660.247	2656.696	2659.610	5040	0	159
2025.01.03	07:00:00	2659.536	2659.550	2651.924	2654.195	6399	0	159
2025.01.03	08:00:00	2654.164	2655.773	2649.890	2652.985	6991	0	159
2025.01.03	09:00:00	2652.975	2656.006	2652.821	2653.581	5460	0	159
2025.01.03	10:00:00	2653.591	2657.976	2653.007	2657.617	4891	0	159
2025.01.03	11:00:00	2657.580	2659.258	2656.332	2658.361	3511	0	159
2025.01.03	12:00:00	2657.003	2657.461	2655.216	2655.291	955	0	160
2025.01.03	13:00:00	2655.257	2656.425	2643.397	2649.804	11128	0	159
2025.01.03	14:00:00	2649.834	2652.672	2645.079	2647.827	12014	0	159
2025.01.03	15:00:00	2647.730	2648.315	2640.927	2643.842	13756	0	159
2025.01.03	16:00:00	2643.812	2647.264	2638.954	2639.968	8453	0	159
2025.01.03	17:00:00	2639.961	2642.617	2639.043	2641.763	6555	0	159
2025.01.03	18:00:00	2641.726	2642.361	2639.763	2641.827	5914	0	159
2025.01.03	19:00:00	2641.831	2642.996	2639.132	2639.430	4293	0	159
2025.01.03	20:00:00	2639.398	2640.094	2636.881	2638.163	4555	0	159
2025.01.03	21:00:00	2638.196	2640.740	2636.623	2640.370	3381	0	160
2025.01.05	23:00:00	2639.644	2642.398	2639.644	2641.063	3233	0	160
2025.01.06	00:00:00	2641.098	2643.343	2638.596	2643.191	4316	0	159
2025.01.06	01:00:00	2643.223	2647.426	2640.748	2641.322	8212	0	159
2025.01.06	02:00:00	2641.333	2645.295	2639.726	2644.523	5960	0	159
2025.01.06	03:00:00	2644.487	2645.345	2639.137	2640.190	5104	0	159
2025.01.06	04:00:00	2640.203	2640.824	2634.197	2635.534	5498	0	159
2025.01.06	05:00:00	2635.531	2636.218	2631.450	2633.892	6872	0	159
2025.01.06	06:00:00	2633.879	2635.346	2630.173	2631.535	6018	0	159
2025.01.06	07:00:00	2631.460	2633.634	2625.058	2626.922	6684	0	159
2025.01.06	08:00:00	2626.852	2632.547	2625.764	2631.506	6360	0	159
2025.01.06	09:00:00	2631.427	2635.723	2631.164	2632.699	6141	0	159
2025.01.06	10:00:00	2632.713	2635.052	2630.930	2633.825	4917	0	159
2025.01.06	11:00:00	2633.852	2649.515	2632.509	2645.588	14630	0	159
2025.01.06	12:00:00	2645.553	2647.861	2641.973	2645.425	8956	0	159
2025.01.06	13:00:00	2645.366	2648.848	2621.685	2624.241	22121	0	159
2025.01.06	14:00:00	2624.221	2635.030	2614.423	2631.588	27985	0	159
2025.01.06	15:00:00	2631.577	2639.583	2629.392	2634.392	17118	0	159
2025.01.06	16:00:00	2634.425	2641.378	2632.506	2640.729	9587	0	159
2025.01.06	17:00:00	2640.727	2641.048	2634.150	2636.636	6517	0	159
2025.01.06	18:00:00	2636.687	2638.576	2633.724	2634.619	6915	0	159
2025.01.06	19:00:00	2634.583	2635.517	2632.859	2634.376	5688	0	160
2025.01.06	20:00:00	2634.410	2635.508	2633.132	2634.660	4757	0	159
2025.01.06	21:00:00	2634.614	2637.130	2634.614	2635.747	2281	0	159
2025.01.06	23:00:00	2635.919	2636.270	2633.495	2634.676	2143	0	159
2025.01.07	00:00:00	2634.625	2635.185	2632.918	2635.075	3072	0	159
2025.01.07	01:00:00	2635.034	2641.146	2634.754	2639.017	7651	0	159
2025.01.07	02:00:00	2639.022	2640.058	2636.920	2638.586	4990	0	159
2025.01.07	03:00:00	2638.668	2640.202	2637.507	2639.563	3600	0	159
2025.01.07	04:00:00	2639.560	2639.738	2637.267	2638.266	3347	0	159
2025.01.07	05:00:00	2638.280	2645.708	2637.020	2644.439	5774	0	159
2025.01.07	06:00:00	2644.401	2646.757	2639.873	2640.246	5812	0	159
2025.01.07	07:00:00	2640.242	2642.204	2638.011	2640.487	5177	0	159
2025.01.07	08:00:00	2640.444	2644.838	2640.043	2642.652	5792	0	159
2025.01.07	09:00:00	2642.597	2644.180	2640.116	2641.325	5093	0	159
2025.01.07	10:00:00	2641.373	2644.764	2641.329	2643.838	4760	0	160
2025.01.07	11:00:00	2643.873	2648.689	2641.992	2648.389	5244	0	159
2025.01.07	12:00:00	2648.348	2652.752	2647.358	2651.644	7216	0	159
2025.01.07	13:00:00	2651.603	2664.264	2649.883	2662.514	15905	0	159
2025.01.07	14:00:00	2662.548	2663.004	2655.802	2658.486	12783	0	159
2025.01.07	15:00:00	2658.531	2658.531	2641.885	2647.700	22216	0	159
2025.01.07	16:00:00	2647.611	2655.589	2646.383	2651.782	13651	0	159
2025.01.07	17:00:00	2651.825	2656.021	2650.232	2652.404	9214	0	159
2025.01.07	18:00:00	2652.379	2652.555	2647.193	2649.030	9736	0	159
2025.01.07	19:00:00	2649.090	2650.351	2646.928	2649.246	8709	0	159
2025.01.07	20:00:00	2649.294	2651.487	2647.173	2650.439	6402	0	159
2025.01.07	21:00:00	2650.469	2650.541	2647.731	2648.743	2264	0	159
2025.01.07	23:00:00	2649.303	2650.193	2648.355	2649.807	2445	0	159
2025.01.08	00:00:00	2649.817	2651.512	2648.675	2650.544	3379	0	159
2025.01.08	01:00:00	2650.586	2650.899	2647.083	2648.781	6619	0	160
2025.01.08	02:00:00	2648.779	2650.371	2645.925	2648.928	4840	0	159
2025.01.08	03:00:00	2648.932	2648.932	2645.569	2646.752	4152	0	159
2025.01.08	04:00:00	2646.728	2648.652	2645.202	2646.991	3245	0	159
2025.01.08	05:00:00	2646.998	2650.794	2646.633	2650.012	4558	0	159
2025.01.08	06:00:00	2650.042	2653.092	2648.903	2652.088	5164	0	159
2025.01.08	07:00:00	2652.078	2654.452	2651.590	2652.619	4577	0	159
2025.01.08	08:00:00	2652.651	2653.796	2649.578	2651.948	5914	0	159
2025.01.08	09:00:00	2651.910	2655.001	2651.754	2653.462	5188	0	159
2025.01.08	10:00:00	2653.542	2655.158	2652.648	2653.169	4958	0	159
2025.01.08	11:00:00	2653.129	2653.133	2647.576	2650.919	7336	0	159
2025.01.08	12:00:00	2650.830	2652.497	2645.847	2652.010	6922	0	159
2025.01.08	13:00:00	2651.961	2660.310	2651.558	2660.212	14010	0	159
2025.01.08	14:00:00	2660.184	2667.659	2660.002	2661.405	16248	0	159
2025.01.08	15:00:00	2661.350	2667.835	2659.398	2665.818	13075	0	159
2025.01.08	16:00:00	2665.840	2670.053	2662.641	2669.586	8911	0	159
2025.01.08	17:00:00	2669.625	2669.899	2649.388	2655.575	13143	0	159
2025.01.08	18:00:00	2655.624	2659.158	2651.764	2651.781	8770	0	159
2025.01.08	19:00:00	2653.539	2660.590	2653.373	2658.333	7840	0	159
2025.01.08	20:00:00	2658.366	2664.059	2658.276	2663.491	6953	0	159
2025.01.08	21:00:00	2663.451	2664.055	2660.948	2661.519	4632	0	159
2025.01.08	23:00:00	2662.413	2663.216	2661.987	2662.507	2053	0	159
2025.01.09	00:00:00	2662.526	2662.850	2659.494	2659.960	3300	0	159
2025.01.09	01:00:00	2659.996	2661.374	2657.356	2658.641	5619	0	159
2025.01.09	02:00:00	2658.599	2660.140	2656.241	2658.774	4821	0	159
2025.01.09	03:00:00	2658.801	2662.148	2658.488	2659.369	3910	0	159
2025.01.09	04:00:00	2659.335	2659.792	2655.437	2658.923	3657	0	159
2025.01.09	05:00:00	2658.926	2660.960	2657.555	2658.264	4868	0	159
2025.01.09	06:00:00	2658.265	2666.973	2658.265	2666.702	5035	0	159
2025.01.09	07:00:00	2666.735	2666.735	2662.328	2662.450	5153	0	159
2025.01.09	08:00:00	2662.418	2666.962	2660.468	2664.409	7520	0	159
2025.01.09	09:00:00	2664.458	2666.552	2662.302	2664.980	6231	0	159
2025.01.09	10:00:00	2664.995	2668.560	2664.477	2667.419	5164	0	160
2025.01.09	11:00:00	2667.471	2673.299	2665.274	2670.266	8493	0	159
2025.01.09	12:00:00	2670.249	2675.206	2669.418	2674.021	6734	0	159
2025.01.09	13:00:00	2674.001	2678.334	2671.985	2672.715	10425	0	159
2025.01.09	14:00:00	2672.691	2675.797	2667.196	2672.486	9570	0	159
2025.01.09	15:00:00	2672.485	2675.427	2668.091	2668.326	9273	0	159
2025.01.09	16:00:00	2668.320	2670.989	2666.252	2667.502	7427	0	159
2025.01.09	17:00:00	2667.465	2668.608	2662.644	2665.938	7663	0	159
2025.01.09	18:00:00	2665.897	2672.510	2665.038	2671.321	7372	0	159
2025.01.09	19:00:00	2671.369	2671.788	2668.552	2670.190	5412	0	159
2025.01.09	20:00:00	2670.154	2670.896	2669.247	2669.530	3537	0	160
2025.01.09	21:00:00	2669.534	2671.332	2668.957	2669.984	1985	0	159
2025.01.09	23:00:00	2670.696	2671.309	2668.492	2669.951	2766	0	159
2025.01.10	00:00:00	2669.958	2671.216	2668.973	2670.498	3535	0	160
2025.01.10	01:00:00	2670.528	2671.832	2669.225	2670.952	5665	0	159
2025.01.10	02:00:00	2670.925	2674.727	2670.519	2673.486	5407	0	159
2025.01.10	03:00:00	2673.517	2674.771	2672.503	2673.658	3921	0	159
2025.01.10	04:00:00	2673.631	2674.067	2671.825	2671.850	3193	0	160
2025.01.10	05:00:00	2671.855	2675.891	2671.588	2674.915	4453	0	159
2025.01.10	06:00:00	2674.908	2678.552	2674.233	2678.163	5353	0	159
2025.01.10	07:00:00	2678.179	2678.769	2673.469	2676.146	6606	0	159
2025.01.10	08:00:00	2676.181	2680.469	2675.713	2680.057	8862	0	159
2025.01.10	09:00:00	2680.021	2682.389	2677.592	2678.485	7817	0	159
2025.01.10	10:00:00	2678.532	2682.687	2678.205	2680.936	8452	0	159
2025.01.10	11:00:00	2680.950	2683.088	2680.242	2681.402	5973	0	159
2025.01.10	12:00:00	2681.363	2681.401	2674.747	2678.307	8001	0	159
2025.01.10	13:00:00	2678.321	2683.771	2663.994	2682.687	29165	0	159
2025.01.10	14:00:00	2682.626	2693.406	2680.790	2687.851	42181	0	159
2025.01.10	15:00:00	2687.852	2698.026	2682.398	2692.651	40592	0	159
2025.01.10	16:00:00	2692.614	2697.175	2686.727	2696.142	27593	0	159
2025.01.10	17:00:00	2696.206	2697.953	2692.413	2696.107	16857	0	159
2025.01.10	18:00:00	2696.016	2697.238	2685.110	2687.303	14105	0	159
2025.01.10	19:00:00	2687.330	2687.805	2684.546	2685.855	9240	0	159
2025.01.10	20:00:00	2685.890	2690.886	2684.478	2690.774	8491	0	159
2025.01.10	21:00:00	2690.735	2693.773	2689.005	2689.589	8394	0	159
2025.01.12	23:00:00	2689.769	2691.373	2687.578	2691.105	5108	0	159
2025.01.13	00:00:00	2691.128	2693.368	2688.097	2689.726	4474	0	159
2025.01.13	01:00:00	2689.730	2690.051	2679.294	2685.548	17715	0	159
2025.01.13	02:00:00	2685.590	2690.565	2684.855	2688.653	8212	0	159
2025.01.13	03:00:00	2688.571	2688.697	2685.362	2687.897	7066	0	159
2025.01.13	04:00:00	2687.934	2690.854	2684.307	2685.867	7986	0	159
2025.01.13	05:00:00	2685.907	2686.979	2683.285	2686.936	9774	0	159
2025.01.13	06:00:00	2687.000	2691.323	2686.898	2689.960	7899	0	159
2025.01.13	07:00:00	2689.935	2690.552	2684.440	2685.102	10694	0	159
2025.01.13	08:00:00	2685.074	2689.770	2683.997	2687.156	12742	0	159
2025.01.13	09:00:00	2687.071	2688.325	2682.876	2684.871	13468	0	159
2025.01.13	10:00:00	2684.823	2685.116	2677.260	2679.415	12406	0	159
2025.01.13	11:00:00	2679.395	2680.580	2675.449	2675.952	10027	0	159
2025.01.13	12:00:00	2675.911	2677.164	2664.374	2671.197	20998	0	159
2025.01.13	13:00:00	2671.286	2672.281	2663.693	2669.066	27283	0	159
2025.01.13	14:00:00	2669.153	2674.239	2664.020	2671.712	22306	0	159
2025.01.13	15:00:00	2671.688	2672.908	2661.092	2661.867	18380	0	159
2025.01.13	16:00:00	2661.792	2668.000	2660.625	2661.322	12831	0	159
2025.01.13	17:00:00	2661.332	2664.140	2659.183	2660.822	10440	0	159
2025.01.13	18:00:00	2660.815	2662.449	2657.525	2659.292	9256	0	159
2025.01.13	19:00:00	2659.299	2660.644	2656.768	2658.898	6891	0	159
2025.01.13	20:00:00	2658.959	2662.823	2658.734	2662.194	5370	0	159
2025.01.13	21:00:00	2662.241	2664.140	2660.842	2663.625	3266	0	159
2025.01.13	23:00:00	2663.153	2669.455	2663.056	2668.058	4102	0	159
2025.01.14	00:00:00	2667.976	2671.106	2666.397	2670.601	4989	0	159
2025.01.14	01:00:00	2670.534	2672.238	2667.848	2670.749	10159	0	159
2025.01.14	02:00:00	2670.783	2672.236	2668.428	2670.570	7804	0	159
2025.01.14	03:00:00	2670.522	2672.307	2668.861	2669.780	6949	0	159
2025.01.14	04:00:00	2669.818	2674.058	2668.382	2673.528	4975	0	159
2025.01.14	05:00:00	2673.573	2675.370	2667.377	2668.533	7598	0	159
2025.01.14	06:00:00	2668.507	2669.685	2667.373	2669.077	7420	0	159
2025.01.14	07:00:00	2669.078	2670.869	2667.145	2669.154	7789	0	159
2025.01.14	08:00:00	2669.196	2674.455	2667.239	2670.978	9819	0	159
2025.01.14	09:00:00	2670.919	2671.647	2664.832	2667.322	8216	0	159
2025.01.14	10:00:00	2667.368	2668.938	2664.681	2666.677	7481	0	159
2025.01.14	11:00:00	2666.713	2669.880	2664.453	2669.331	6929	0	159
2025.01.14	12:00:00	2669.287	2671.583	2666.446	2668.289	8276	0	159
2025.01.14	13:00:00	2668.237	2674.425	2660.650	2662.985	22119	0	159
2025.01.14	14:00:00	2662.946	2666.053	2659.773	2665.242	18890	0	159
2025.01.14	15:00:00	2665.285	2672.840	2665.070	2671.779	14463	0	159
2025.01.14	16:00:00	2671.826	2673.960	2669.826	2671.715	11155	0	159
2025.01.14	17:00:00	2671.680	2672.099	2668.070	2669.006	8512	0	159
2025.01.14	18:00:00	2668.967	2672.546	2666.677	2672.316	8101	0	159
2025.01.14	19:00:00	2672.349	2676.308	2671.843	2674.245	6621	0	159
2025.01.14	20:00:00	2674.209	2676.524	2671.826	2676.505	7018	0	159
2025.01.14	21:00:00	2676.458	2678.276	2675.852	2677.148	3453	0	159
2025.01.14	23:00:00	2677.397	2677.751	2674.005	2675.589	2883	0	159
2025.01.15	00:00:00	2675.580	2676.082	2672.550	2672.762	2708	0	159
2025.01.15	01:00:00	2672.772	2674.294	2669.903	2669.944	5260	0	159
2025.01.15	02:00:00	2669.967	2675.052	2669.391	2673.458	5868	0	159
2025.01.15	03:00:00	2673.409	2676.321	2672.326	2676.091	4943	0	159
2025.01.15	04:00:00	2676.052	2676.716	2674.183	2675.564	4203	0	159
2025.01.15	05:00:00	2675.610	2679.380	2674.516	2679.380	5606	0	159
2025.01.15	06:00:00	2679.341	2683.326	2679.045	2681.000	6536	0	159
2025.01.15	07:00:00	2681.039	2684.033	2680.050	2681.313	6331	0	159
2025.01.15	08:00:00	2681.357	2685.302	2681.152	2683.909	8149	0	159
2025.01.15	09:00:00	2683.940	2688.527	2682.911	2685.934	7823	0	159
2025.01.15	10:00:00	2685.961	2689.064	2684.743	2688.343	8130	0	159
2025.01.15	11:00:00	2688.466	2689.002	2685.118	2686.779	8914	0	159
2025.01.15	12:00:00	2686.748	2687.482	2684.057	2684.631	9031	0	159
2025.01.15	13:00:00	2684.632	2694.250	2682.127	2693.807	26985	0	159
2025.01.15	14:00:00	2693.759	2696.056	2678.166	2681.978	30962	0	159
2025.01.15	15:00:00	2681.935	2683.017	2676.640	2678.475	22205	0	159
2025.01.15	16:00:00	2678.512	2689.970	2676.925	2689.305	15105	0	159
2025.01.15	17:00:00	2689.263	2692.978	2688.491	2692.601	10498	0	159
2025.01.15	18:00:00	2692.640	2695.011	2691.026	2693.993	9993	0	159
2025.01.15	19:00:00	2694.056	2695.127	2692.564	2694.181	6824	0	159
2025.01.15	20:00:00	2694.142	2696.605	2693.239	2696.292	6015	0	159
2025.01.15	21:00:00	2696.341	2697.541	2694.056	2696.999	3544	0	159
2025.01.15	23:00:00	2695.145	2697.970	2694.193	2694.963	3571	0	159
2025.01.16	00:00:00	2694.980	2698.196	2692.857	2695.339	8179	0	159
2025.01.16	01:00:00	2695.382	2702.200	2694.499	2696.172	12778	0	159
2025.01.16	02:00:00	2696.209	2698.127	2695.223	2697.451	8442	0	159
2025.01.16	03:00:00	2697.455	2698.553	2695.717	2697.193	5719	0	159
2025.01.16	04:00:00	2697.145	2698.060	2696.743	2697.464	4221	0	159
2025.01.16	05:00:00	2697.426	2697.501	2693.773	2694.600	7318	0	159
2025.01.16	06:00:00	2694.642	2695.522	2689.907	2693.815	7150	0	159
2025.01.16	07:00:00	2693.862	2699.964	2693.430	2698.271	8027	0	159
2025.01.16	08:00:00	2698.313	2703.270	2697.129	2698.941	9963	0	159
2025.01.16	09:00:00	2698.945	2706.149	2697.416	2705.379	10691	0	159
2025.01.16	10:00:00	2705.333	2708.636	2704.646	2707.797	7541	0	159
2025.01.16	11:00:00	2707.826	2711.175	2706.169	2706.412	7838	0	159
2025.01.16	12:00:00	2706.416	2707.300	2700.071	2703.713	13856	0	159
2025.01.16	13:00:00	2703.645	2718.292	2701.324	2715.461	22831	0	159
2025.01.16	14:00:00	2715.414	2719.379	2712.916	2718.674	22438	0	159
2025.01.16	15:00:00	2718.653	2719.718	2712.632	2716.874	27485	0	159
2025.01.16	16:00:00	2716.930	2722.385	2716.629	2720.339	19378	0	159
2025.01.16	17:00:00	2720.300	2724.735	2719.462	2721.761	11975	0	159
2025.01.16	18:00:00	2721.793	2723.298	2714.751	2715.240	9196	0	159
2025.01.16	19:00:00	2715.262	2717.172	2714.637	2715.346	7075	0	160
2025.01.16	20:00:00	2715.368	2717.033	2714.389	2715.813	5599	0	159
2025.01.16	21:00:00	2715.768	2715.867	2712.517	2714.555	4049	0	159
2025.01.16	23:00:00	2714.345	2715.227	2712.401	2714.578	3289	0	159
2025.01.17	00:00:00	2714.624	2716.068	2713.716	2714.700	4332	0	159
2025.01.17	01:00:00	2714.741	2714.855	2709.834	2714.649	9594	0	159
2025.01.17	02:00:00	2714.692	2717.073	2713.894	2715.820	6686	0	159
2025.01.17	03:00:00	2715.841	2717.346	2714.548	2715.433	5218	0	159
2025.01.17	04:00:00	2715.476	2716.515	2714.254	2714.669	5341	0	159
2025.01.17	05:00:00	2714.698	2715.540	2711.166	2711.616	7764	0	159
2025.01.17	06:00:00	2711.634	2713.320	2710.566	2712.583	7510	0	159
2025.01.17	07:00:00	2712.622	2714.624	2708.585	2710.521	7214	0	159
2025.01.17	08:00:00	2710.577	2712.991	2709.438	2711.731	6819	0	159
2025.01.17	09:00:00	2711.689	2712.019	2703.909	2704.760	9503	0	159
2025.01.17	10:00:00	2704.839	2706.229	2702.831	2703.999	7745	0	159
2025.01.17	11:00:00	2704.005	2708.799	2703.656	2708.041	7092	0	159
2025.01.17	12:00:00	2708.002	2711.800	2706.991	2711.044	11011	0	159
2025.01.17	13:00:00	2711.088	2712.097	2704.590	2705.104	19220	0	159
2025.01.17	14:00:00	2705.041	2712.548	2702.728	2711.685	11866	0	159
2025.01.17	15:00:00	2711.652	2715.141	2710.156	2714.243	8725	0	159
2025.01.17	16:00:00	2714.256	2717.261	2713.589	2716.071	6684	0	159
2025.01.17	17:00:00	2716.064	2716.353	2710.623	2712.578	5414	0	159
2025.01.17	18:00:00	2712.604	2713.191	2705.473	2705.605	5606	0	160
2025.01.17	19:00:00	2705.619	2707.138	2702.880	2703.175	4479	0	159
2025.01.17	20:00:00	2703.189	2704.088	2699.897	2700.924	4930	0	159
2025.01.17	21:00:00	2700.901	2703.285	2699.242	2702.879	2365	0	159
2025.01.19	23:00:00	2702.629	2703.084	2691.530	2696.424	4800	0	159
2025.01.20	00:00:00	2696.424	2696.469	2692.737	2694.457	3296	0	159
2025.01.20	01:00:00	2694.441	2695.836	2689.355	2693.711	9250	0	159
2025.01.20	02:00:00	2693.714	2697.966	2693.672	2697.445	5282	0	159
2025.01.20	03:00:00	2697.456	2703.950	2697.451	2703.554	3729	0	159
2025.01.20	04:00:00	2703.559	2706.463	2702.279	2705.912	3657	0	159
2025.01.20	05:00:00	2705.907	2707.438	2703.685	2707.308	5003	0	159
2025.01.20	06:00:00	2707.340	2713.766	2706.662	2711.609	5096	0	159
2025.01.20	07:00:00	2711.607	2711.849	2702.765	2703.592	4392	0	159
2025.01.20	08:00:00	2703.571	2707.992	2703.058	2706.809	4320	0	159
2025.01.20	09:00:00	2706.779	2708.783	2703.009	2706.088	4705	0	159
2025.01.20	10:00:00	2706.096	2709.897	2705.215	2708.519	5157	0	159
2025.01.20	11:00:00	2708.497	2712.478	2704.835	2708.337	5571	0	159
2025.01.20	12:00:00	2708.297	2710.009	2706.048	2708.151	5181	0	159
2025.01.20	13:00:00	2708.136	2710.645	2701.979	2704.914	26789	0	159
2025.01.20	14:00:00	2705.051	2711.908	2704.917	2710.045	14629	0	159
2025.01.20	15:00:00	2710.064	2710.401	2705.292	2707.065	8735	0	159
2025.01.20	16:00:00	2707.063	2708.873	2703.148	2707.584	10771	0	159
2025.01.20	17:00:00	2707.559	2711.161	2703.930	2707.434	9628	0	159
2025.01.20	18:00:00	2707.441	2711.061	2705.421	2710.710	4589	0	159
2025.01.20	19:00:00	2710.709	2711.052	2708.218	2709.059	849	0	319
2025.01.20	23:00:00	2708.347	2711.005	2706.593	2710.445	2930	0	159
2025.01.21	00:00:00	2710.433	2711.581	2702.797	2705.366	6440	0	159
2025.01.21	01:00:00	2705.388	2719.281	2703.172	2718.105	12738	0	159
2025.01.21	02:00:00	2718.084	2725.746	2717.944	2724.843	7742	0	159
2025.01.21	03:00:00	2724.819	2726.946	2721.244	2724.196	6934	0	159
2025.01.21	04:00:00	2724.221	2727.856	2723.102	2727.305	4905	0	159
2025.01.21	05:00:00	2727.319	2729.126	2725.384	2726.147	6163	0	159
2025.01.21	06:00:00	2726.175	2729.462	2723.771	2724.380	6076	0	159
2025.01.21	07:00:00	2724.346	2732.830	2722.695	2729.729	7276	0	159
2025.01.21	08:00:00	2729.701	2730.072	2721.418	2723.267	9934	0	159
2025.01.21	09:00:00	2723.237	2724.185	2717.809	2721.201	11581	0	159
2025.01.21	10:00:00	2721.249	2723.968	2718.902	2719.824	7120	0	159
2025.01.21	11:00:00	2719.820	2724.492	2716.509	2723.998	5944	0	159
2025.01.21	12:00:00	2723.989	2727.165	2722.031	2726.777	6836	0	160
2025.01.21	13:00:00	2726.763	2730.011	2724.600	2726.239	11318	0	159
2025.01.21	14:00:00	2726.247	2738.583	2725.334	2738.123	10669	0	159
2025.01.21	15:00:00	2738.112	2740.384	2734.600	2738.776	12027	0	159
2025.01.21	16:00:00	2738.792	2744.989	2737.814	2743.056	8703	0	159
2025.01.21	17:00:00	2743.069	2745.815	2740.141	2740.220	5902	0	159
2025.01.21	18:00:00	2740.211	2745.963	2739.887	2744.512	4843	0	159
2025.01.21	19:00:00	2744.516	2745.348	2741.429	2742.838	4030	0	159
2025.01.21	20:00:00	2742.819	2743.239	2740.084	2742.392	4500	0	159
2025.01.21	21:00:00	2742.443	2745.863	2741.999	2744.674	2539	0	160
2025.01.21	23:00:00	2744.647	2745.139	2741.983	2744.259	5448	0	159
2025.01.22	00:00:00	2744.309	2749.087	2742.713	2748.232	5196	0	159
2025.01.22	01:00:00	2748.178	2749.979	2746.816	2748.029	12435	0	159
2025.01.22	02:00:00	2748.059	2749.757	2746.252	2748.904	8456	0	159
2025.01.22	03:00:00	2748.910	2751.085	2747.881	2750.266	6790	0	159
2025.01.22	04:00:00	2750.238	2752.965	2749.308	2752.074	4900	0	159
2025.01.22	05:00:00	2752.093	2758.831	2750.277	2758.062	8618	0	159
2025.01.22	06:00:00	2758.040	2758.217	2745.549	2746.814	14362	0	159
2025.01.22	07:00:00	2746.832	2754.006	2746.438	2748.781	8624	0	159
2025.01.22	08:00:00	2748.818	2753.863	2746.770	2753.134	10505	0	159
2025.01.22	09:00:00	2753.101	2762.335	2752.846	2758.438	11912	0	159
2025.01.22	10:00:00	2758.439	2763.461	2758.288	2760.043	9316	0	159
2025.01.22	11:00:00	2760.110	2760.611	2756.316	2756.534	6576	0	159
2025.01.22	12:00:00	2756.572	2758.722	2751.778	2758.236	8684	0	159
2025.01.22	13:00:00	2758.278	2761.606	2750.854	2757.612	23496	0	159
2025.01.22	14:00:00	2757.605	2758.242	2750.329	2753.872	21427	0	159
2025.01.22	15:00:00	2753.824	2760.311	2750.411	2759.351	15477	0	159
2025.01.22	16:00:00	2759.389	2760.270	2755.856	2758.280	10855	0	159
2025.01.22	17:00:00	2758.291	2758.498	2755.810	2756.526	7738	0	159
2025.01.22	18:00:00	2756.522	2759.350	2754.885	2757.816	8119	0	159
2025.01.22	19:00:00	2757.800	2757.800	2754.973	2755.309	5570	0	159
2025.01.22	20:00:00	2755.269	2757.127	2754.802	2756.626	5541	0	160
2025.01.22	21:00:00	2756.591	2757.097	2754.843	2756.165	2365	0	160
2025.01.22	23:00:00	2755.935	2756.660	2753.880	2755.583	4082	0	159
2025.01.23	00:00:00	2755.563	2755.936	2753.164	2755.397	4602	0	159
2025.01.23	01:00:00	2755.353	2756.300	2750.607	2752.731	11728	0	159
2025.01.23	02:00:00	2752.738	2754.989	2752.037	2752.566	6933	0	160
2025.01.23	03:00:00	2752.580	2753.070	2749.503	2749.972	7002	0	159
2025.01.23	04:00:00	2750.023	2753.605	2749.772	2751.663	4413	0	159
2025.01.23	05:00:00	2751.714	2753.472	2751.336	2752.012	10907	0	159
2025.01.23	06:00:00	2751.970	2755.564	2751.147	2753.298	8371	0	159
2025.01.23	07:00:00	2753.304	2754.709	2751.659	2752.683	7464	0	159
2025.01.23	08:00:00	2752.735	2754.789	2751.973	2752.801	8013	0	159
2025.01.23	09:00:00	2752.824	2753.805	2740.844	2745.833	13950	0	159
2025.01.23	10:00:00	2745.793	2752.507	2745.224	2751.369	9043	0	159
2025.01.23	11:00:00	2751.394	2754.449	2750.807	2751.898	7776	0	159
2025.01.23	12:00:00	2751.873	2753.386	2741.947	2744.820	14341	0	159
2025.01.23	13:00:00	2744.771	2745.857	2735.833	2741.525	25841	0	159
2025.01.23	14:00:00	2741.572	2747.548	2740.289	2746.098	22589	0	159
2025.01.23	15:00:00	2745.908	2749.460	2742.060	2746.424	13307	0	159
2025.01.23	16:00:00	2746.351	2757.440	2744.220	2753.980	16121	0	159
2025.01.23	17:00:00	2753.880	2758.962	2752.376	2757.664	11312	0	159
2025.01.23	18:00:00	2757.747	2758.198	2755.022	2755.792	8127	0	159
2025.01.23	19:00:00	2755.791	2758.022	2753.730	2754.173	7724	0	159
2025.01.23	20:00:00	2754.130	2754.629	2751.306	2753.766	10007	0	159
2025.01.23	21:00:00	2753.802	2754.765	2752.021	2754.370	2853	0	160
2025.01.23	23:00:00	2754.757	2755.636	2753.584	2754.543	2571	0	159
2025.01.24	00:00:00	2754.546	2761.086	2754.329	2759.693	4752	0	159
2025.01.24	01:00:00	2759.654	2762.585	2758.531	2762.261	9685	0	159
2025.01.24	02:00:00	2762.272	2775.365	2762.272	2774.202	16523	0	159
2025.01.24	03:00:00	2774.137	2777.446	2770.989	2772.308	12122	0	159
2025.01.24	04:00:00	2772.280	2775.022	2770.527	2772.079	8529	0	159
2025.01.24	05:00:00	2772.033	2776.743	2771.996	2775.282	9860	0	159
2025.01.24	06:00:00	2775.243	2778.363	2773.267	2773.818	12290	0	159
2025.01.24	07:00:00	2773.785	2775.452	2772.039	2772.675	8411	0	159
2025.01.24	08:00:00	2772.716	2775.334	2769.954	2774.134	10490	0	159
2025.01.24	09:00:00	2774.088	2777.810	2770.973	2772.749	8622	0	159
2025.01.24	10:00:00	2772.762	2776.191	2771.582	2775.682	8140	0	159
2025.01.24	11:00:00	2775.669	2780.193	2774.131	2776.617	8363	0	159
2025.01.24	12:00:00	2776.712	2779.192	2776.094	2778.546	8456	0	159
2025.01.24	13:00:00	2778.521	2784.615	2777.850	2782.382	14542	0	159
2025.01.24	14:00:00	2782.418	2784.414	2773.723	2778.204	19429	0	159
2025.01.24	15:00:00	2778.225	2786.013	2775.466	2775.973	15808	0	159
2025.01.24	16:00:00	2775.918	2777.564	2769.894	2771.995	14611	0	159
2025.01.24	17:00:00	2772.026	2776.124	2770.618	2773.312	8961	0	159
2025.01.24	18:00:00	2773.337	2774.073	2771.348	2773.357	6184	0	160
2025.01.24	19:00:00	2773.391	2775.255	2771.310	2774.628	6787	0	159
2025.01.24	20:00:00	2774.643	2774.798	2770.584	2771.113	6723	0	159
2025.01.24	21:00:00	2771.139	2772.173	2770.457	2771.079	2808	0	159
2025.01.26	23:00:00	2765.650	2769.721	2765.185	2767.553	8221	0	159
2025.01.27	00:00:00	2767.554	2770.991	2766.239	2769.722	6846	0	159
2025.01.27	01:00:00	2769.755	2772.541	2762.885	2762.936	13676	0	159
2025.01.27	02:00:00	2762.970	2763.656	2753.871	2756.175	13457	0	159
2025.01.27	03:00:00	2756.221	2762.665	2755.137	2761.117	11536	0	159
2025.01.27	04:00:00	2761.066	2761.075	2755.738	2758.064	8520	0	159
2025.01.27	05:00:00	2758.117	2758.166	2752.855	2753.250	10767	0	159
2025.01.27	06:00:00	2753.214	2755.086	2750.839	2754.581	10567	0	159
2025.01.27	07:00:00	2754.624	2755.073	2747.189	2749.478	9779	0	159
2025.01.27	08:00:00	2749.436	2759.846	2749.291	2757.257	14097	0	159
2025.01.27	09:00:00	2757.183	2765.008	2755.726	2763.342	13455	0	159
2025.01.27	10:00:00	2763.304	2771.056	2762.832	2768.082	15553	0	159
2025.01.27	11:00:00	2768.031	2772.078	2765.074	2771.244	13990	0	159
2025.01.27	12:00:00	2771.300	2771.626	2760.413	2761.372	11944	0	159
2025.01.27	13:00:00	2761.340	2762.435	2752.333	2757.361	17208	0	159
2025.01.27	14:00:00	2757.329	2757.976	2744.983	2751.355	20711	0	159
2025.01.27	15:00:00	2751.345	2751.386	2739.499	2742.084	20974	0	159
2025.01.27	16:00:00	2742.052	2743.173	2733.239	2734.472	17022	0	159
2025.01.27	17:00:00	2734.535	2736.963	2730.452	2733.634	14320	0	159
2025.01.27	18:00:00	2733.687	2737.951	2732.943	2737.046	10504	0	159
2025.01.27	19:00:00	2737.027	2740.559	2736.837	2739.328	8138	0	159
2025.01.27	20:00:00	2739.353	2742.563	2738.147	2741.558	6970	0	159
2025.01.27	21:00:00	2741.512	2744.010	2740.348	2740.612	2566	0	159
2025.01.27	23:00:00	2741.171	2745.325	2739.547	2741.710	6960	0	159
2025.01.28	00:00:00	2741.743	2744.554	2739.854	2740.615	5018	0	159
2025.01.28	01:00:00	2740.621	2745.332	2739.410	2741.491	6578	0	159
2025.01.28	02:00:00	2741.440	2741.628	2738.337	2739.336	11004	0	159
2025.01.28	03:00:00	2739.379	2741.843	2737.815	2738.804	7350	0	159
2025.01.28	04:00:00	2738.807	2742.636	2738.558	2742.296	7065	0	159
2025.01.28	05:00:00	2742.333	2744.894	2741.187	2741.717	7175	0	159
2025.01.28	06:00:00	2741.684	2743.047	2739.106	2739.661	6367	0	159
2025.01.28	07:00:00	2739.687	2743.044	2738.330	2738.910	9506	0	159
2025.01.28	08:00:00	2738.936	2741.763	2734.766	2741.164	11741	0	159
2025.01.28	09:00:00	2741.147	2745.151	2740.409	2743.396	10678	0	159
2025.01.28	10:00:00	2743.429	2745.172	2740.922	2743.115	8826	0	159
2025.01.28	11:00:00	2743.083	2744.587	2741.591	2742.793	7879	0	159
2025.01.28	12:00:00	2742.709	2745.645	2741.156	2745.530	8838	0	159
2025.01.28	13:00:00	2745.568	2749.507	2745.114	2748.820	12612	0	159
2025.01.28	14:00:00	2748.904	2756.315	2748.876	2753.538	17226	0	159
2025.01.28	15:00:00	2753.568	2757.204	2751.064	2755.330	15081	0	159
2025.01.28	16:00:00	2755.325	2759.661	2755.245	2758.669	13164	0	159
2025.01.28	17:00:00	2758.644	2760.012	2757.463	2759.662	10539	0	159
2025.01.28	18:00:00	2759.693	2763.547	2759.194	2762.194	9225	0	159
2025.01.28	19:00:00	2762.153	2764.997	2761.178	2764.828	6633	0	159
2025.01.28	20:00:00	2764.788	2765.069	2762.391	2764.169	7584	0	159
2025.01.28	21:00:00	2764.202	2764.304	2762.885	2763.601	2452	0	159
2025.01.28	23:00:00	2763.243	2764.316	2762.642	2762.720	2331	0	159
2025.01.29	00:00:00	2762.714	2764.868	2762.234	2763.921	2898	0	159
2025.01.29	01:00:00	2763.942	2766.271	2763.609	2763.801	6104	0	159
2025.01.29	02:00:00	2763.795	2765.651	2763.382	2764.208	6542	0	159
2025.01.29	03:00:00	2764.208	2764.503	2762.278	2762.774	7274	0	159
2025.01.29	04:00:00	2762.766	2764.356	2761.455	2762.430	7517	0	159
2025.01.29	05:00:00	2762.447	2763.058	2760.064	2760.739	5545	0	159
2025.01.29	06:00:00	2760.774	2762.131	2759.234	2759.240	7902	0	159
2025.01.29	07:00:00	2759.207	2760.590	2757.414	2759.074	7781	0	159
2025.01.29	08:00:00	2759.118	2766.077	2759.118	2763.952	7436	0	159
2025.01.29	09:00:00	2763.922	2764.469	2760.372	2762.843	8544	0	159
2025.01.29	10:00:00	2762.727	2763.486	2757.026	2758.255	12304	0	159
2025.01.29	11:00:00	2758.216	2759.772	2757.389	2758.994	6326	0	159
2025.01.29	12:00:00	2758.956	2759.138	2755.545	2756.557	9485	0	159
2025.01.29	13:00:00	2756.590	2759.544	2752.229	2758.680	17040	0	159
2025.01.29	14:00:00	2758.643	2761.100	2756.485	2759.338	18809	0	159
2025.01.29	15:00:00	2759.289	2759.741	2748.254	2754.110	16362	0	159
2025.01.29	16:00:00	2754.150	2756.290	2748.282	2751.511	15875	0	159
2025.01.29	17:00:00	2751.539	2754.395	2750.883	2752.888	7692	0	159
2025.01.29	18:00:00	2752.854	2753.881	2748.752	2751.511	8919	0	159
2025.01.29	19:00:00	2751.882	2757.888	2744.754	2755.218	22472	0	159
2025.01.29	20:00:00	2755.180	2759.037	2752.745	2754.903	14132	0	159
2025.01.29	21:00:00	2754.858	2759.606	2754.055	2759.022	5194	0	159
2025.01.29	23:00:00	2759.435	2760.685	2758.161	2760.289	3398	0	159
2025.01.30	00:00:00	2760.229	2762.544	2758.921	2762.159	3643	0	159
2025.01.30	01:00:00	2762.115	2762.115	2759.018	2760.107	6236	0	159
2025.01.30	02:00:00	2760.074	2761.688	2759.184	2760.321	6543	0	159
2025.01.30	03:00:00	2760.331	2762.577	2759.314	2761.735	5573	0	159
2025.01.30	04:00:00	2761.699	2763.398	2759.752	2760.494	4966	0	159
2025.01.30	05:00:00	2760.474	2761.148	2758.633	2760.566	4806	0	160
2025.01.30	06:00:00	2760.519	2766.442	2760.232	2765.558	6097	0	159
2025.01.30	07:00:00	2765.542	2769.528	2765.002	2769.119	7853	0	159
2025.01.30	08:00:00	2769.133	2776.627	2768.322	2776.195	7460	0	159
2025.01.30	09:00:00	2776.261	2776.453	2771.466	2774.269	8708	0	159
2025.01.30	10:00:00	2774.262	2779.291	2773.907	2778.266	6526	0	159
2025.01.30	11:00:00	2778.314	2779.432	2777.046	2777.699	5534	0	159
2025.01.30	12:00:00	2777.686	2781.244	2776.061	2780.207	5928	0	159
2025.01.30	13:00:00	2780.184	2786.080	2778.815	2785.773	15622	0	159
2025.01.30	14:00:00	2785.801	2789.162	2780.021	2787.772	25943	0	159
2025.01.30	15:00:00	2787.668	2796.778	2786.742	2795.411	22967	0	159
2025.01.30	16:00:00	2795.388	2798.505	2790.235	2790.595	24042	0	159
2025.01.30	17:00:00	2790.646	2795.916	2788.797	2795.536	17521	0	159
2025.01.30	18:00:00	2795.575	2797.076	2792.144	2795.236	10962	0	159
2025.01.30	19:00:00	2795.186	2795.439	2790.695	2793.363	7196	0	159
2025.01.30	20:00:00	2793.343	2798.245	2792.220	2795.581	12082	0	159
2025.01.30	21:00:00	2795.544	2798.476	2790.749	2793.385	12566	0	159
2025.01.30	23:00:00	2794.822	2796.947	2792.607	2796.146	5527	0	159
2025.01.31	00:00:00	2796.183	2799.658	2794.411	2795.771	6946	0	159
2025.01.31	01:00:00	2795.808	2796.682	2794.469	2796.344	7094	0	159
2025.01.31	02:00:00	2796.377	2798.241	2794.748	2796.301	7113	0	159
2025.01.31	03:00:00	2796.266	2798.227	2795.813	2796.453	7888	0	159
2025.01.31	04:00:00	2796.412	2796.471	2794.469	2795.854	5962	0	159
2025.01.31	05:00:00	2795.805	2796.467	2793.870	2795.573	8535	0	159
2025.01.31	06:00:00	2795.563	2795.968	2792.103	2792.792	7206	0	159
2025.01.31	07:00:00	2792.837	2801.072	2792.341	2798.232	9881	0	159
2025.01.31	08:00:00	2798.205	2799.455	2791.651	2793.287	11721	0	159
2025.01.31	09:00:00	2793.317	2796.413	2792.665	2793.791	8535	0	159
2025.01.31	10:00:00	2793.753	2795.151	2791.025	2794.202	8350	0	159
2025.01.31	11:00:00	2794.162	2800.867	2792.336	2800.195	12141	0	159
2025.01.31	12:00:00	2800.165	2807.840	2799.964	2805.492	12355	0	159
2025.01.31	13:00:00	2805.489	2808.540	2803.217	2806.382	18422	0	159
2025.01.31	14:00:00	2806.471	2812.532	2804.505	2812.315	18914	0	159
2025.01.31	15:00:00	2812.373	2817.244	2808.278	2809.230	20541	0	159
2025.01.31	16:00:00	2809.129	2810.259	2804.908	2807.350	11400	0	159
2025.01.31	17:00:00	2807.368	2816.293	2802.916	2808.744	31195	0	159
2025.01.31	18:00:00	2808.709	2808.976	2795.250	2798.890	33053	0	159
2025.01.31	19:00:00	2798.854	2802.959	2795.440	2796.260	16767	0	159
2025.01.31	20:00:00	2796.303	2802.174	2794.062	2800.810	19464	0	159
2025.01.31	21:00:00	2800.785	2802.565	2798.612	2799.348	10251	0	159
2025.02.02	23:00:00	2801.018	2804.653	2784.276	2793.709	36931	0	159
2025.02.03	00:00:00	2793.726	2796.498	2790.259	2792.215	18426	0	159
2025.02.03	01:00:00	2792.183	2792.242	2778.076	2782.234	20344	0	159
2025.02.03	02:00:00	2782.198	2782.712	2773.782	2778.104	32688	0	159
2025.02.03	03:00:00	2778.090	2778.414	2772.153	2774.454	17755	0	159
2025.02.03	04:00:00	2774.457	2783.083	2774.192	2780.785	16518	0	159
2025.02.03	05:00:00	2780.745	2785.084	2780.028	2783.089	12438	0	159
2025.02.03	06:00:00	2783.038	2788.181	2782.878	2786.874	13694	0	159
2025.02.03	07:00:00	2786.925	2789.864	2785.267	2789.280	15702	0	159
2025.02.03	08:00:00	2789.320	2800.610	2786.965	2796.720	17835	0	159
2025.02.03	09:00:00	2796.668	2800.900	2794.753	2796.413	14522	0	159
2025.02.03	10:00:00	2796.332	2800.121	2792.976	2798.041	10903	0	159
2025.02.03	11:00:00	2798.038	2804.308	2797.862	2801.120	11131	0	159
2025.02.03	12:00:00	2801.165	2810.853	2800.430	2810.492	13307	0	159
2025.02.03	13:00:00	2810.454	2811.894	2807.551	2810.970	17159	0	159
2025.02.03	14:00:00	2811.070	2830.637	2810.100	2830.127	26959	0	159
2025.02.03	15:00:00	2830.159	2830.159	2813.564	2817.460	46409	0	159
2025.02.03	16:00:00	2817.427	2825.321	2812.788	2814.203	24245	0	159
2025.02.03	17:00:00	2814.254	2822.181	2814.008	2817.189	16476	0	159
2025.02.03	18:00:00	2817.115	2821.849	2815.980	2820.963	12338	0	159
2025.02.03	19:00:00	2820.999	2822.932	2817.930	2818.272	9308	0	159
2025.02.03	20:00:00	2818.246	2819.504	2815.566	2816.539	8462	0	159
2025.02.03	21:00:00	2816.477	2817.502	2812.225	2814.436	7784	0	159
2025.02.03	23:00:00	2813.266	2815.197	2811.892	2814.027	7641	0	159
2025.02.04	00:00:00	2813.989	2817.664	2812.646	2817.400	4927	0	159
2025.02.04	01:00:00	2817.403	2824.343	2815.890	2823.289	11641	0	159
2025.02.04	02:00:00	2823.254	2824.730	2816.743	2821.113	13092	0	159
2025.02.04	03:00:00	2821.113	2824.374	2817.372	2821.399	9922	0	159
2025.02.04	04:00:00	2821.329	2821.476	2818.048	2819.124	15270	0	159
2025.02.04	05:00:00	2819.181	2819.381	2813.378	2815.862	15311	0	159
2025.02.04	06:00:00	2815.813	2816.117	2810.864	2813.491	12510	0	159
2025.02.04	07:00:00	2813.484	2814.437	2807.196	2812.711	14681	0	159
2025.02.04	08:00:00	2812.756	2819.282	2810.102	2815.187	17504	0	159
2025.02.04	09:00:00	2815.150	2821.885	2814.042	2820.286	14865	0	159
2025.02.04	10:00:00	2820.234	2820.262	2812.702	2814.860	12758	0	159
2025.02.04	11:00:00	2814.817	2816.829	2813.273	2815.448	10346	0	159
2025.02.04	12:00:00	2815.438	2822.964	2814.435	2821.801	14878	0	159
2025.02.04	13:00:00	2821.837	2837.086	2821.360	2831.736	23140	0	159
2025.02.04	14:00:00	2831.698	2841.306	2828.895	2839.488	28595	0	159
2025.02.04	15:00:00	2839.324	2845.508	2833.618	2835.918	27171	0	159
2025.02.04	16:00:00	2835.859	2842.458	2832.455	2840.398	18112	0	159
2025.02.04	17:00:00	2840.431	2844.737	2839.371	2844.064	12628	0	159
2025.02.04	18:00:00	2844.021	2845.011	2842.466	2842.660	10820	0	159
2025.02.04	19:00:00	2842.697	2844.138	2841.843	2843.053	7784	0	160
2025.02.04	20:00:00	2843.088	2844.894	2840.835	2844.211	7735	0	159
2025.02.04	21:00:00	2844.170	2844.520	2840.904	2842.058	3800	0	159
2025.02.04	23:00:00	2841.405	2842.717	2840.382	2841.210	4326	0	159
2025.02.05	00:00:00	2841.264	2848.261	2840.627	2845.352	7469	0	159
2025.02.05	01:00:00	2845.311	2849.039	2839.680	2844.383	24776	0	159
2025.02.05	02:00:00	2844.454	2853.812	2843.890	2850.883	11754	0	159
2025.02.05	03:00:00	2850.997	2854.325	2849.837	2852.333	7761	0	159
2025.02.05	04:00:00	2852.339	2858.149	2851.834	2855.328	7104	0	160
2025.02.05	05:00:00	2855.383	2860.569	2853.585	2859.369	8679	0	159
2025.02.05	06:00:00	2859.334	2861.841	2857.024	2859.236	8141	0	159
2025.02.05	07:00:00	2859.202	2864.210	2854.791	2864.170	10117	0	159
2025.02.05	08:00:00	2864.129	2869.832	2863.526	2867.475	11078	0	159
2025.02.05	09:00:00	2867.538	2872.320	2865.340	2870.316	8659	0	159
2025.02.05	10:00:00	2870.362	2877.119	2866.046	2867.849	10003	0	159
2025.02.05	11:00:00	2867.864	2870.520	2864.740	2868.662	11246	0	159
2025.02.05	12:00:00	2868.617	2870.845	2866.951	2870.251	9571	0	159
2025.02.05	13:00:00	2870.259	2870.752	2858.594	2861.642	24125	0	159
2025.02.05	14:00:00	2861.690	2872.626	2860.612	2870.912	22233	0	159
2025.02.05	15:00:00	2870.994	2882.448	2870.994	2880.227	22711	0	159
2025.02.05	16:00:00	2880.267	2881.223	2863.037	2874.880	24711	0	159
2025.02.05	17:00:00	2874.924	2876.693	2871.337	2872.946	11989	0	159
2025.02.05	18:00:00	2872.981	2873.531	2863.731	2865.661	12460	0	159
2025.02.05	19:00:00	2865.704	2869.037	2862.671	2863.476	13872	0	159
2025.02.05	20:00:00	2863.490	2866.146	2859.878	2862.597	13605	0	159
2025.02.05	21:00:00	2862.555	2867.372	2861.185	2867.341	3375	0	159
2025.02.05	23:00:00	2867.006	2870.989	2866.072	2869.283	4881	0	159
2025.02.06	00:00:00	2869.276	2870.007	2867.295	2869.786	5025	0	160
2025.02.06	01:00:00	2869.858	2871.914	2863.666	2871.555	15482	0	159
2025.02.06	02:00:00	2871.520	2873.331	2868.302	2870.683	11421	0	159
2025.02.06	03:00:00	2870.627	2870.725	2864.280	2869.409	9639	0	159
2025.02.06	04:00:00	2869.333	2872.370	2868.224	2868.496	7743	0	159
2025.02.06	05:00:00	2868.467	2869.982	2865.410	2868.329	9709	0	159
2025.02.06	06:00:00	2868.318	2871.407	2858.064	2859.202	12868	0	159
2025.02.06	07:00:00	2859.190	2861.859	2854.943	2855.841	12476	0	159
2025.02.06	08:00:00	2855.802	2858.474	2848.836	2856.128	15948	0	159
2025.02.06	09:00:00	2856.087	2859.982	2855.653	2859.395	13710	0	159
2025.02.06	10:00:00	2859.434	2861.790	2855.571	2859.163	11346	0	159
2025.02.06	11:00:00	2859.139	2867.346	2858.119	2865.968	13281	0	159
2025.02.06	12:00:00	2865.962	2870.316	2863.447	2864.411	15328	0	159
2025.02.06	13:00:00	2864.510	2864.991	2855.471	2856.676	22536	0	159
2025.02.06	14:00:00	2856.641	2859.797	2841.153	2841.831	27057	0	159
2025.02.06	15:00:00	2841.916	2853.266	2834.051	2850.599	27663	0	159
2025.02.06	16:00:00	2850.559	2854.747	2848.788	2848.788	14174	0	159
2025.02.06	17:00:00	2848.757	2852.629	2848.031	2852.204	9746	0	159
2025.02.06	18:00:00	2852.246	2853.671	2849.812	2852.584	10965	0	159
2025.02.06	19:00:00	2852.638	2854.170	2850.284	2853.742	8684	0	159
2025.02.06	20:00:00	2853.787	2857.264	2853.571	2856.341	8500	0	159
2025.02.06	21:00:00	2856.348	2857.215	2854.925	2856.112	2714	0	160
2025.02.06	23:00:00	2856.056	2858.779	2855.827	2857.996	3385	0	159
2025.02.07	00:00:00	2857.990	2860.488	2857.965	2858.451	4393	0	159
2025.02.07	01:00:00	2858.417	2868.280	2857.709	2866.290	11461	0	159
2025.02.07	02:00:00	2866.287	2869.385	2865.384	2868.720	8098	0	159
2025.02.07	03:00:00	2868.782	2870.649	2865.959	2867.200	7176	0	159
2025.02.07	04:00:00	2867.153	2869.619	2866.161	2866.489	6215	0	159
2025.02.07	05:00:00	2866.527	2867.025	2861.973	2862.118	7320	0	159
2025.02.07	06:00:00	2862.085	2866.317	2858.943	2860.712	10335	0	159
2025.02.07	07:00:00	2860.626	2865.698	2860.210	2864.218	8319	0	159
2025.02.07	08:00:00	2864.272	2866.711	2863.210	2866.221	8120	0	159
2025.02.07	09:00:00	2866.259	2870.660	2865.509	2868.977	12272	0	159
2025.02.07	10:00:00	2868.992	2869.291	2863.328	2867.522	10587	0	159
2025.02.07	11:00:00	2867.496	2868.231	2865.010	2867.627	7597	0	159
2025.02.07	12:00:00	2867.692	2868.090	2863.537	2863.615	10833	0	159
2025.02.07	13:00:00	2863.583	2870.909	2852.449	2862.488	30659	0	159
2025.02.07	14:00:00	2862.525	2878.333	2856.071	2876.669	28707	0	159
2025.02.07	15:00:00	2876.687	2886.772	2873.540	2880.332	22986	0	159
2025.02.07	16:00:00	2880.357	2881.542	2860.303	2860.711	26366	0	159
2025.02.07	17:00:00	2860.769	2862.700	2853.322	2860.088	21938	0	159
2025.02.07	18:00:00	2860.053	2865.220	2859.661	2861.245	9021	0	159
2025.02.07	19:00:00	2861.286	2863.311	2859.105	2860.150	6772	0	159
2025.02.07	20:00:00	2860.114	2863.778	2859.375	2860.591	9381	0	159
2025.02.07	21:00:00	2860.700	2863.364	2860.372	2861.010	4501	0	159
2025.02.09	23:00:00	2861.269	2870.590	2860.136	2867.495	7915	0	159
2025.02.10	00:00:00	2867.539	2869.257	2865.830	2867.932	6646	0	159
2025.02.10	01:00:00	2868.016	2876.611	2865.949	2871.866	14185	0	159
2025.02.10	02:00:00	2871.857	2874.955	2871.310	2873.806	10068	0	159
2025.02.10	03:00:00	2873.874	2875.767	2871.230	2875.572	7139	0	159
2025.02.10	04:00:00	2875.545	2879.597	2874.317	2879.121	7036	0	159
2025.02.10	05:00:00	2879.183	2880.078	2876.047	2879.220	8245	0	159
2025.02.10	06:00:00	2879.232	2892.338	2878.923	2888.606	11010	0	159
2025.02.10	07:00:00	2888.512	2896.601	2886.674	2895.472	11573	0	159
2025.02.10	08:00:00	2895.432	2898.897	2892.213	2896.676	14751	0	159
2025.02.10	09:00:00	2896.674	2903.258	2896.233	2902.972	10934	0	159
2025.02.10	10:00:00	2902.987	2906.267	2898.210	2902.389	13005	0	159
2025.02.10	11:00:00	2902.416	2905.780	2898.281	2904.533	9212	0	159
2025.02.10	12:00:00	2904.528	2907.003	2902.674	2903.097	13169	0	159
2025.02.10	13:00:00	2903.052	2911.090	2899.606	2901.003	26061	0	159
2025.02.10	14:00:00	2900.969	2909.218	2896.260	2908.648	21059	0	159
2025.02.10	15:00:00	2908.685	2912.062	2904.511	2908.930	15935	0	159
2025.02.10	16:00:00	2908.977	2910.318	2899.061	2900.957	11621	0	159
2025.02.10	17:00:00	2900.989	2904.492	2896.632	2903.261	10663	0	159
2025.02.10	18:00:00	2903.286	2906.985	2900.908	2905.144	9391	0	159
2025.02.10	19:00:00	2905.110	2906.778	2902.479	2904.363	6785	0	159
2025.02.10	20:00:00	2904.369	2907.743	2902.880	2907.295	7697	0	159
2025.02.10	21:00:00	2907.261	2908.478	2905.333	2908.150	3396	0	159
2025.02.10	23:00:00	2908.215	2921.675	2908.068	2917.847	9652	0	159
2025.02.11	00:00:00	2917.894	2925.113	2916.374	2922.589	6966	0	159
2025.02.11	01:00:00	2922.548	2936.250	2919.649	2933.940	16826	0	159
2025.02.11	02:00:00	2933.936	2942.682	2905.397	2919.044	36984	0	159
2025.02.11	03:00:00	2919.007	2925.735	2911.592	2919.716	21462	0	159
2025.02.11	04:00:00	2919.751	2920.741	2914.918	2916.379	11258	0	159
2025.02.11	05:00:00	2916.322	2923.755	2915.317	2922.958	11821	0	159
2025.02.11	06:00:00	2922.904	2929.446	2915.408	2917.851	15259	0	159
2025.02.11	07:00:00	2917.895	2918.359	2907.124	2913.392	16304	0	159
2025.02.11	08:00:00	2913.318	2915.303	2906.937	2907.451	17413	0	159
2025.02.11	09:00:00	2907.442	2912.250	2902.905	2903.291	16453	0	159
2025.02.11	10:00:00	2903.226	2907.178	2901.864	2902.699	15354	0	159
2025.02.11	11:00:00	2902.640	2906.778	2902.186	2903.981	12472	0	159
2025.02.11	12:00:00	2904.016	2904.393	2886.686	2889.450	20893	0	159
2025.02.11	13:00:00	2889.382	2898.290	2881.751	2896.363	35372	0	159
2025.02.11	14:00:00	2896.402	2904.303	2894.850	2896.791	24924	0	159
2025.02.11	15:00:00	2896.764	2906.538	2890.880	2904.794	22743	0	159
2025.02.11	16:00:00	2904.834	2908.689	2902.262	2902.400	13534	0	159
2025.02.11	17:00:00	2902.352	2907.337	2899.562	2905.535	9741	0	159
2025.02.11	18:00:00	2905.584	2907.175	2903.272	2905.849	8713	0	159
2025.02.11	19:00:00	2905.819	2906.496	2899.595	2900.082	9857	0	159
2025.02.11	20:00:00	2900.085	2900.521	2894.018	2897.621	9996	0	159
2025.02.11	21:00:00	2897.579	2899.777	2897.396	2897.840	2910	0	159
2025.02.11	23:00:00	2897.136	2900.906	2897.001	2898.536	3799	0	159
2025.02.12	00:00:00	2898.562	2898.827	2889.238	2892.178	5852	0	159
2025.02.12	01:00:00	2892.230	2897.734	2883.760	2893.319	16868	0	159
2025.02.12	02:00:00	2893.330	2897.795	2891.752	2892.444	12040	0	159
2025.02.12	03:00:00	2892.445	2893.139	2886.683	2889.001	11825	0	159
2025.02.12	04:00:00	2888.998	2890.544	2883.994	2885.252	8805	0	159
2025.02.12	05:00:00	2885.329	2888.050	2883.637	2886.272	8264	0	159
2025.02.12	06:00:00	2886.175	2894.921	2885.548	2892.573	11830	0	159
2025.02.12	07:00:00	2892.586	2895.847	2890.762	2892.773	9267	0	159
2025.02.12	08:00:00	2892.810	2894.144	2888.040	2891.661	10229	0	159
2025.02.12	09:00:00	2891.630	2893.473	2886.435	2886.791	9386	0	159
2025.02.12	10:00:00	2886.784	2889.934	2879.317	2882.681	9477	0	159
2025.02.12	11:00:00	2882.643	2886.015	2879.436	2879.730	8561	0	159
2025.02.12	12:00:00	2879.811	2885.902	2878.925	2884.959	9831	0	159
2025.02.12	13:00:00	2885.020	2885.632	2864.107	2884.725	34758	0	159
2025.02.12	14:00:00	2884.758	2898.014	2881.885	2894.491	29123	0	159
2025.02.12	15:00:00	2894.486	2895.954	2886.824	2894.553	16559	0	159
2025.02.12	16:00:00	2894.513	2904.466	2892.062	2902.511	14209	0	159
2025.02.12	17:00:00	2902.477	2909.267	2901.839	2902.913	12124	0	159
2025.02.12	18:00:00	2902.919	2903.851	2900.467	2901.091	8213	0	159
2025.02.12	19:00:00	2901.151	2901.820	2893.482	2897.905	7942	0	159
2025.02.12	20:00:00	2897.936	2901.467	2895.517	2900.892	5815	0	159
2025.02.12	21:00:00	2900.860	2904.392	2900.117	2904.132	4368	0	159
2025.02.12	23:00:00	2905.415	2906.403	2900.485	2905.781	4036	0	160
2025.02.13	00:00:00	2905.756	2909.108	2904.579	2906.395	5512	0	159
2025.02.13	01:00:00	2906.363	2907.462	2901.437	2906.027	10355	0	159
2025.02.13	02:00:00	2905.996	2909.040	2905.172	2908.760	7871	0	159
2025.02.13	03:00:00	2908.808	2918.169	2907.271	2916.439	10058	0	159
2025.02.13	04:00:00	2916.491	2919.175	2916.171	2918.438	5629	0	160
2025.02.13	05:00:00	2918.473	2922.801	2916.580	2917.948	6801	0	159
2025.02.13	06:00:00	2917.979	2918.926	2912.531	2915.942	11293	0	159
2025.02.13	07:00:00	2915.971	2920.674	2913.038	2914.569	11445	0	159
2025.02.13	08:00:00	2914.607	2918.173	2909.464	2911.645	13725	0	159
2025.02.13	09:00:00	2911.682	2918.328	2909.744	2915.401	9535	0	159
2025.02.13	10:00:00	2915.277	2919.489	2913.919	2918.013	7442	0	159
2025.02.13	11:00:00	2917.989	2918.354	2915.436	2917.873	8809	0	159
2025.02.13	12:00:00	2917.909	2921.385	2915.668	2917.753	9804	0	159
2025.02.13	13:00:00	2917.718	2917.999	2905.762	2908.624	22902	0	159
2025.02.13	14:00:00	2908.512	2917.332	2906.454	2915.155	20623	0	159
2025.02.13	15:00:00	2915.096	2920.934	2914.425	2920.155	14176	0	159
2025.02.13	16:00:00	2920.266	2920.824	2912.887	2913.762	9715	0	159
2025.02.13	17:00:00	2913.690	2919.221	2913.398	2918.996	8449	0	159
2025.02.13	18:00:00	2918.957	2925.362	2914.224	2924.102	11158	0	159
2025.02.13	19:00:00	2924.070	2927.402	2923.787	2926.812	7255	0	159
2025.02.13	20:00:00	2926.825	2929.015	2924.878	2928.418	7508	0	159
2025.02.13	21:00:00	2928.456	2929.564	2928.165	2928.708	2898	0	159
2025.02.13	23:00:00	2928.320	2932.484	2927.276	2931.217	4996	0	160
2025.02.14	00:00:00	2931.192	2931.601	2927.452	2927.847	4720	0	159
2025.02.14	01:00:00	2927.886	2933.879	2927.886	2929.879	11239	0	159
2025.02.14	02:00:00	2929.914	2930.534	2925.961	2927.320	9760	0	159
2025.02.14	03:00:00	2927.276	2930.430	2923.164	2924.330	7784	0	159
2025.02.14	04:00:00	2924.295	2929.251	2923.762	2928.566	6656	0	159
2025.02.14	05:00:00	2928.653	2932.439	2926.706	2931.021	9510	0	159
2025.02.14	06:00:00	2930.982	2936.842	2929.844	2934.315	10248	0	159
2025.02.14	07:00:00	2934.344	2935.145	2930.551	2931.853	9924	0	159
2025.02.14	08:00:00	2931.810	2938.549	2930.768	2935.107	10900	0	159
2025.02.14	09:00:00	2935.140	2938.817	2934.094	2935.118	9632	0	159
2025.02.14	10:00:00	2935.154	2940.005	2934.192	2935.866	9984	0	159
2025.02.14	11:00:00	2935.874	2937.598	2929.246	2931.181	8362	0	159
2025.02.14	12:00:00	2931.136	2933.052	2927.696	2930.818	10616	0	159
2025.02.14	13:00:00	2930.863	2933.357	2917.524	2920.620	27377	0	159
2025.02.14	14:00:00	2920.576	2928.531	2914.082	2921.059	31330	0	159
2025.02.14	15:00:00	2921.020	2921.790	2892.870	2901.939	36046	0	159
2025.02.14	16:00:00	2901.827	2903.915	2888.491	2895.795	25000	0	159
2025.02.14	17:00:00	2895.849	2897.448	2885.328	2886.953	16166	0	159
2025.02.14	18:00:00	2887.001	2887.970	2882.112	2883.695	12077	0	159
2025.02.14	19:00:00	2883.737	2885.932	2878.691	2880.499	8402	0	160
2025.02.14	20:00:00	2880.468	2886.209	2876.991	2885.328	10497	0	159
2025.02.14	21:00:00	2885.409	2885.786	2882.353	2882.772	3935	0	159
2025.02.16	23:00:00	2893.643	2894.033	2878.430	2879.221	15842	0	159
2025.02.17	00:00:00	2879.254	2888.189	2879.254	2883.584	7329	0	159
2025.02.17	01:00:00	2883.585	2896.619	2882.336	2895.474	13448	0	159
2025.02.17	02:00:00	2895.449	2899.829	2893.955	2899.261	9495	0	159
2025.02.17	03:00:00	2899.297	2904.593	2897.835	2903.603	7041	0	159
2025.02.17	04:00:00	2903.553	2904.926	2898.494	2899.405	6074	0	159
2025.02.17	05:00:00	2899.420	2905.407	2895.882	2896.300	6960	0	159
2025.02.17	06:00:00	2896.282	2897.898	2888.211	2896.514	10492	0	159
2025.02.17	07:00:00	2896.537	2903.648	2896.403	2902.526	10588	0	159
2025.02.17	08:00:00	2902.491	2902.723	2895.044	2900.232	10230	0	159
2025.02.17	09:00:00	2900.268	2906.455	2900.250	2902.598	10905	0	159
2025.02.17	10:00:00	2902.597	2903.022	2895.489	2902.812	9068	0	159
2025.02.17	11:00:00	2902.825	2904.007	2897.789	2900.992	8734	0	159
2025.02.17	12:00:00	2901.007	2901.726	2895.464	2897.604	7946	0	159
2025.02.17	13:00:00	2897.574	2899.210	2895.589	2896.782	12831	0	159
2025.02.17	14:00:00	2896.737	2903.894	2896.438	2902.952	12460	0	159
2025.02.17	15:00:00	2902.993	2904.199	2897.944	2899.211	10061	0	159
2025.02.17	16:00:00	2899.310	2901.340	2896.488	2899.162	7929	0	159
2025.02.17	17:00:00	2899.197	2899.755	2897.889	2898.405	5320	0	159
2025.02.17	18:00:00	2898.420	2899.140	2897.077	2898.248	3930	0	160
2025.02.17	19:00:00	2898.239	2898.438	2897.385	2897.392	850	0	160
2025.02.17	23:00:00	2899.102	2899.482	2897.106	2899.373	2050	0	159
2025.02.18	00:00:00	2899.325	2900.392	2898.282	2899.314	2818	0	159
2025.02.18	01:00:00	2899.329	2899.956	2892.003	2895.670	6619	0	159
2025.02.18	02:00:00	2895.706	2905.140	2895.315	2903.051	8114	0	159
2025.02.18	03:00:00	2903.024	2910.866	2902.741	2909.016	8374	0	159
2025.02.18	04:00:00	2908.996	2910.990	2907.173	2910.767	4205	0	159
2025.02.18	05:00:00	2910.822	2915.629	2909.780	2910.832	8957	0	159
2025.02.18	06:00:00	2910.775	2914.389	2910.041	2913.683	6447	0	159
2025.02.18	07:00:00	2913.722	2915.344	2908.518	2911.501	6050	0	159
2025.02.18	08:00:00	2911.591	2913.284	2908.243	2912.453	7372	0	159
2025.02.18	09:00:00	2912.414	2913.397	2909.978	2912.591	6183	0	159
2025.02.18	10:00:00	2912.594	2913.393	2907.069	2911.182	6088	0	159
2025.02.18	11:00:00	2911.227	2914.886	2909.689	2914.159	6099	0	159
2025.02.18	12:00:00	2914.213	2918.882	2912.078	2918.101	8119	0	159
2025.02.18	13:00:00	2918.153	2921.418	2913.285	2918.875	12289	0	159
2025.02.18	14:00:00	2918.874	2928.735	2917.714	2927.900	12766	0	159
2025.02.18	15:00:00	2927.950	2929.609	2923.561	2927.020	13346	0	159
2025.02.18	16:00:00	2926.986	2933.763	2924.215	2932.850	11238	0	159
2025.02.18	17:00:00	2932.803	2933.684	2929.640	2931.193	7724	0	159
2025.02.18	18:00:00	2931.232	2933.713	2928.294	2933.251	7277	0	159
2025.02.18	19:00:00	2933.245	2936.994	2931.933	2935.821	6250	0	159
2025.02.18	20:00:00	2935.832	2936.787	2932.393	2933.386	5476	0	160
2025.02.18	21:00:00	2933.423	2936.491	2933.202	2935.356	3084	0	159
2025.02.18	23:00:00	2935.270	2935.663	2933.124	2934.061	2346	0	160
2025.02.19	00:00:00	2934.059	2934.358	2928.596	2929.261	3542	0	159
2025.02.19	01:00:00	2929.237	2939.635	2927.904	2938.392	7382	0	159
2025.02.19	02:00:00	2938.470	2939.629	2924.030	2929.227	10033	0	159
2025.02.19	03:00:00	2929.254	2930.478	2924.907	2928.825	7220	0	159
2025.02.19	04:00:00	2928.828	2929.567	2926.487	2929.263	4736	0	159
2025.02.19	05:00:00	2929.260	2934.492	2928.047	2932.801	6025	0	159
2025.02.19	06:00:00	2932.775	2935.839	2930.756	2931.728	5995	0	160
2025.02.19	07:00:00	2931.683	2935.887	2930.440	2934.250	7788	0	159
2025.02.19	08:00:00	2934.210	2940.041	2933.743	2938.602	9296	0	159
2025.02.19	09:00:00	2938.554	2946.666	2938.121	2945.517	8801	0	159
2025.02.19	10:00:00	2945.534	2947.041	2942.613	2944.795	6446	0	159
2025.02.19	11:00:00	2944.728	2946.013	2934.023	2935.087	7465	0	159
2025.02.19	12:00:00	2935.059	2936.716	2931.202	2933.540	9490	0	159
2025.02.19	13:00:00	2933.507	2941.610	2932.450	2936.258	13548	0	159
2025.02.19	14:00:00	2936.225	2940.642	2930.193	2938.095	18811	0	159
2025.02.19	15:00:00	2938.070	2939.168	2925.483	2925.722	13510	0	159
2025.02.19	16:00:00	2925.757	2930.879	2922.986	2928.060	14374	0	159
2025.02.19	17:00:00	2928.085	2929.831	2921.459	2923.841	9194	0	159
2025.02.19	18:00:00	2923.801	2926.607	2918.524	2925.012	10815	0	159
2025.02.19	19:00:00	2924.932	2932.329	2923.467	2931.754	7966	0	159
2025.02.19	20:00:00	2931.715	2936.642	2931.290	2935.874	7378	0	159
2025.02.19	21:00:00	2935.836	2937.461	2932.366	2932.970	3097	0	159
2025.02.19	23:00:00	2933.724	2936.194	2933.526	2935.384	2659	0	159
2025.02.20	00:00:00	2935.386	2941.296	2935.386	2940.821	4867	0	159
2025.02.20	01:00:00	2940.879	2942.425	2934.594	2937.157	10324	0	159
2025.02.20	02:00:00	2937.077	2941.586	2933.855	2941.005	8190	0	159
2025.02.20	03:00:00	2940.999	2944.083	2940.592	2941.913	5338	0	159
2025.02.20	04:00:00	2941.933	2942.644	2939.267	2939.878	4429	0	159
2025.02.20	05:00:00	2939.939	2946.877	2939.354	2946.772	5225	0	159
2025.02.20	06:00:00	2946.760	2948.954	2943.924	2947.693	6669	0	159
2025.02.20	07:00:00	2947.737	2954.216	2946.414	2948.894	6648	0	159
2025.02.20	08:00:00	2948.966	2954.816	2948.962	2954.523	6245	0	159
2025.02.20	09:00:00	2954.522	2954.975	2949.976	2951.502	6496	0	159
2025.02.20	10:00:00	2951.477	2954.857	2949.058	2952.293	8421	0	159
2025.02.20	11:00:00	2952.377	2952.903	2947.172	2948.768	6270	0	159
2025.02.20	12:00:00	2948.743	2950.788	2938.746	2945.369	11769	0	159
2025.02.20	13:00:00	2945.408	2947.687	2933.802	2934.032	17640	0	159
2025.02.20	14:00:00	2933.991	2939.959	2924.114	2935.089	21896	0	159
2025.02.20	15:00:00	2935.164	2939.571	2931.594	2938.545	14324	0	159
2025.02.20	16:00:00	2938.503	2945.629	2935.981	2943.040	10511	0	159
2025.02.20	17:00:00	2943.008	2946.996	2939.971	2940.565	9113	0	159
2025.02.20	18:00:00	2940.519	2942.494	2937.407	2941.764	8871	0	159
2025.02.20	19:00:00	2941.797	2941.905	2933.572	2937.922	7079	0	159
2025.02.20	20:00:00	2938.034	2938.778	2935.526	2937.804	6726	0	159
2025.02.20	21:00:00	2937.777	2940.308	2937.470	2938.627	3900	0	160
2025.02.20	23:00:00	2939.784	2943.402	2938.470	2941.530	3171	0	159
2025.02.21	00:00:00	2941.570	2942.750	2937.287	2940.001	4255	0	159
2025.02.21	01:00:00	2940.008	2949.741	2926.825	2928.821	14831	0	159
2025.02.21	02:00:00	2928.787	2941.089	2926.286	2939.123	12451	0	159
2025.02.21	03:00:00	2939.136	2939.837	2927.138	2931.262	11965	0	159
2025.02.21	04:00:00	2931.262	2932.293	2926.584	2928.495	5855	0	159
2025.02.21	05:00:00	2928.459	2934.039	2924.186	2930.167	10096	0	159
2025.02.21	06:00:00	2930.212	2931.484	2925.618	2929.735	8731	0	159
2025.02.21	07:00:00	2929.723	2933.004	2929.122	2930.070	5858	0	159
2025.02.21	08:00:00	2930.014	2931.257	2916.682	2923.226	11653	0	159
2025.02.21	09:00:00	2923.197	2929.680	2923.036	2929.336	7212	0	159
2025.02.21	10:00:00	2929.328	2931.049	2928.848	2930.527	4994	0	159
2025.02.21	11:00:00	2930.549	2936.127	2928.002	2928.376	6457	0	159
2025.02.21	12:00:00	2928.411	2935.270	2927.523	2930.146	7409	0	159
2025.02.21	13:00:00	2930.104	2934.574	2926.881	2930.946	11537	0	159
2025.02.21	14:00:00	2930.920	2939.091	2928.206	2933.898	16052	0	159
2025.02.21	15:00:00	2933.739	2935.687	2921.547	2928.696	17020	0	159
2025.02.21	16:00:00	2928.647	2938.521	2927.325	2936.720	9773	0	159
2025.02.21	17:00:00	2936.718	2941.677	2936.160	2939.730	7326	0	159
2025.02.21	18:00:00	2939.691	2942.804	2937.758	2941.847	8419	0	159
2025.02.21	19:00:00	2941.876	2942.616	2932.895	2933.398	7318	0	159
2025.02.21	20:00:00	2933.374	2937.170	2932.434	2934.732	7576	0	159
2025.02.21	21:00:00	2934.707	2938.227	2932.159	2936.453	3989	0	159
2025.02.23	23:00:00	2939.411	2940.533	2936.498	2936.867	6017	0	159
2025.02.24	00:00:00	2936.863	2938.049	2929.589	2930.139	6457	0	159
2025.02.24	01:00:00	2930.180	2931.449	2921.316	2928.047	18541	0	159
2025.02.24	02:00:00	2928.004	2940.966	2925.052	2940.877	11252	0	159
2025.02.24	03:00:00	2940.829	2944.839	2939.763	2941.104	14803	0	159
2025.02.24	04:00:00	2941.133	2943.037	2937.781	2940.681	8187	0	159
2025.02.24	05:00:00	2940.753	2942.115	2935.591	2936.358	8144	0	159
2025.02.24	06:00:00	2936.320	2942.008	2935.236	2938.673	7068	0	159
2025.02.24	07:00:00	2938.648	2945.004	2938.209	2943.809	6226	0	159
2025.02.24	08:00:00	2943.850	2948.737	2938.167	2946.399	8505	0	159
2025.02.24	09:00:00	2946.340	2948.301	2942.891	2944.275	7122	0	159
2025.02.24	10:00:00	2944.311	2944.737	2934.892	2938.292	6225	0	159
2025.02.24	11:00:00	2938.390	2948.190	2937.676	2947.786	7386	0	159
2025.02.24	12:00:00	2947.709	2951.141	2945.447	2946.474	7058	0	159
2025.02.24	13:00:00	2946.424	2954.661	2946.256	2954.396	11201	0	159
2025.02.24	14:00:00	2954.395	2956.229	2934.596	2938.735	19530	0	159
2025.02.24	15:00:00	2938.709	2940.516	2930.634	2936.524	18106	0	159
2025.02.24	16:00:00	2936.500	2943.641	2936.475	2943.383	10895	0	159
2025.02.24	17:00:00	2943.451	2944.820	2940.966	2943.343	8018	0	159
2025.02.24	18:00:00	2943.368	2947.966	2942.802	2947.358	6095	0	159
2025.02.24	19:00:00	2947.394	2949.902	2946.861	2949.156	5324	0	159
2025.02.24	20:00:00	2949.214	2951.573	2947.038	2950.601	5451	0	159
2025.02.24	21:00:00	2950.641	2953.130	2950.294	2952.638	3025	0	160
2025.02.24	23:00:00	2953.028	2953.898	2948.284	2949.996	5164	0	159
2025.02.25	00:00:00	2949.957	2952.552	2948.269	2949.689	3962	0	159
2025.02.25	01:00:00	2949.723	2952.522	2945.251	2949.563	9579	0	159
2025.02.25	02:00:00	2949.526	2952.351	2947.106	2948.600	7370	0	159
2025.02.25	03:00:00	2948.586	2949.519	2937.535	2939.513	8878	0	159
2025.02.25	04:00:00	2939.562	2939.880	2935.026	2936.877	6412	0	159
2025.02.25	05:00:00	2936.841	2940.964	2936.566	2937.976	6385	0	159
2025.02.25	06:00:00	2937.913	2938.475	2933.489	2935.866	6230	0	159
2025.02.25	07:00:00	2935.926	2940.449	2930.539	2931.691	9592	0	159
2025.02.25	08:00:00	2931.762	2942.405	2929.515	2941.554	9481	0	159
2025.02.25	09:00:00	2941.620	2942.424	2937.466	2938.902	6505	0	159
2025.02.25	10:00:00	2938.980	2941.536	2937.393	2937.565	6538	0	159
2025.02.25	11:00:00	2937.604	2940.583	2937.120	2938.626	5943	0	159
2025.02.25	12:00:00	2938.679	2941.318	2924.046	2928.574	15219	0	159
2025.02.25	13:00:00	2928.616	2937.984	2926.166	2937.418	18078	0	159
2025.02.25	14:00:00	2937.383	2944.949	2932.089	2932.953	15799	0	159
2025.02.25	15:00:00	2932.851	2934.956	2900.498	2905.866	35966	0	159
2025.02.25	16:00:00	2905.892	2906.881	2888.229	2896.428	26406	0	159
2025.02.25	17:00:00	2896.393	2908.800	2893.588	2907.604	12893	0	159
2025.02.25	18:00:00	2907.626	2912.225	2905.353	2909.547	10189	0	159
2025.02.25	19:00:00	2909.504	2913.899	2905.717	2912.051	6684	0	159
2025.02.25	20:00:00	2912.074	2913.367	2910.817	2912.727	6526	0	159
2025.02.25	21:00:00	2912.767	2917.343	2912.615	2915.116	5050	0	159
2025.02.25	23:00:00	2914.903	2919.051	2913.572	2918.604	4966	0	159
2025.02.26	00:00:00	2918.631	2926.094	2918.631	2923.559	7034	0	159
2025.02.26	01:00:00	2923.453	2930.162	2915.162	2917.762	10930	0	159
2025.02.26	02:00:00	2917.751	2923.161	2914.770	2921.110	8357	0	159
2025.02.26	03:00:00	2921.150	2921.724	2916.434	2917.295	4726	0	159
2025.02.26	04:00:00	2917.264	2918.951	2912.664	2915.076	5364	0	159
2025.02.26	05:00:00	2915.060	2921.026	2914.795	2915.413	5835	0	159
2025.02.26	06:00:00	2915.406	2916.216	2906.620	2906.620	6768	0	159
2025.02.26	07:00:00	2906.654	2917.438	2905.857	2915.529	9096	0	159
2025.02.26	08:00:00	2915.504	2918.426	2909.518	2917.961	9256	0	159
2025.02.26	09:00:00	2917.905	2918.966	2912.195	2913.226	6835	0	159
2025.02.26	10:00:00	2913.207	2916.936	2910.971	2912.740	6340	0	159
2025.02.26	11:00:00	2912.744	2915.435	2912.060	2913.815	4907	0	159
2025.02.26	12:00:00	2913.776	2915.471	2910.089	2913.915	6231	0	159
2025.02.26	13:00:00	2913.913	2915.035	2905.445	2905.994	11575	0	159
2025.02.26	14:00:00	2905.970	2906.244	2890.669	2901.517	27434	0	159
2025.02.26	15:00:00	2901.574	2914.283	2898.481	2913.199	15855	0	159
2025.02.26	16:00:00	2913.246	2916.683	2909.924	2913.110	11334	0	159
2025.02.26	17:00:00	2913.035	2916.314	2910.366	2913.742	10080	0	159
2025.02.26	18:00:00	2913.683	2916.269	2912.360	2914.857	6959	0	159
2025.02.26	19:00:00	2914.879	2916.308	2913.329	2913.934	4998	0	159
2025.02.26	20:00:00	2913.921	2916.758	2911.996	2916.307	5520	0	159
2025.02.26	21:00:00	2916.283	2918.816	2915.885	2916.266	3807	0	159
2025.02.26	23:00:00	2916.968	2920.792	2915.667	2919.118	3148	0	160
2025.02.27	00:00:00	2919.176	2919.176	2915.879	2917.087	3359	0	159
2025.02.27	01:00:00	2917.147	2918.338	2910.993	2912.581	9737	0	159
2025.02.27	02:00:00	2912.574	2914.813	2904.353	2906.691	9195	0	159
2025.02.27	03:00:00	2906.780	2909.120	2905.249	2905.729	7058	0	160
2025.02.27	04:00:00	2905.768	2906.555	2896.238	2897.391	7334	0	159
2025.02.27	05:00:00	2897.436	2898.526	2888.600	2890.966	13866	0	159
2025.02.27	06:00:00	2890.975	2898.424	2890.587	2894.162	10891	0	159
2025.02.27	07:00:00	2894.115	2896.735	2887.924	2891.988	11063	0	159
2025.02.27	08:00:00	2891.944	2892.128	2880.690	2881.447	14329	0	159
2025.02.27	09:00:00	2881.397	2893.530	2876.950	2887.387	12789	0	159
2025.02.27	10:00:00	2887.416	2894.979	2886.514	2892.148	7363	0	159
2025.02.27	11:00:00	2892.185	2894.827	2883.414	2883.947	9120	0	159
2025.02.27	12:00:00	2884.054	2888.722	2883.134	2885.100	9484	0	159
2025.02.27	13:00:00	2885.060	2892.174	2881.045	2888.909	23534	0	159
2025.02.27	14:00:00	2888.880	2892.452	2867.721	2872.250	29505	0	159
2025.02.27	15:00:00	2872.198	2882.564	2870.421	2872.392	24429	0	159
2025.02.27	16:00:00	2872.359	2878.237	2871.818	2877.591	12659	0	159
2025.02.27	17:00:00	2877.559	2883.762	2876.101	2883.175	9890	0	159
2025.02.27	18:00:00	2883.198	2887.429	2882.879	2887.376	8693	0	159
2025.02.27	19:00:00	2887.476	2887.717	2877.240	2879.210	9989	0	159
2025.02.27	20:00:00	2879.248	2879.338	2872.757	2873.926	12743	0	159
2025.02.27	21:00:00	2873.888	2877.979	2871.328	2877.091	4424	0	159
2025.02.27	23:00:00	2877.652	2878.440	2874.780	2876.063	4448	0	160
2025.02.28	00:00:00	2876.069	2880.323	2874.920	2877.013	4421	0	159
2025.02.28	01:00:00	2877.047	2885.034	2873.807	2874.834	11734	0	159
2025.02.28	02:00:00	2874.754	2877.914	2870.339	2873.366	11881	0	159
2025.02.28	03:00:00	2873.328	2876.289	2863.681	2865.751	10090	0	159
2025.02.28	04:00:00	2865.731	2866.083	2856.949	2863.517	12516	0	159
2025.02.28	05:00:00	2863.420	2867.011	2861.770	2864.167	9566	0	159
2025.02.28	06:00:00	2864.191	2866.706	2861.906	2863.552	9069	0	159
2025.02.28	07:00:00	2863.597	2865.249	2857.341	2858.678	9197	0	159
2025.02.28	08:00:00	2858.639	2860.341	2851.057	2855.966	10419	0	159
2025.02.28	09:00:00	2855.878	2864.241	2855.715	2862.373	8776	0	159
2025.02.28	10:00:00	2862.337	2864.924	2860.674	2862.744	6584	0	159
2025.02.28	11:00:00	2862.810	2863.693	2859.061	2862.174	6130	0	159
2025.02.28	12:00:00	2862.216	2864.990	2854.294	2856.224	9212	0	159
2025.02.28	13:00:00	2856.273	2862.247	2848.252	2848.622	18005	0	159
2025.02.28	14:00:00	2848.655	2851.690	2833.427	2833.891	23210	0	159
2025.02.28	15:00:00	2833.864	2850.672	2832.578	2850.170	24368	0	159
2025.02.28	16:00:00	2850.193	2853.908	2846.270	2848.583	15736	0	159
2025.02.28	17:00:00	2848.547	2851.577	2844.502	2845.077	10294	0	159
2025.02.28	18:00:00	2845.041	2847.758	2838.071	2845.292	12596	0	159
2025.02.28	19:00:00	2845.328	2850.944	2844.076	2849.607	7598	0	159
2025.02.28	20:00:00	2849.554	2855.155	2847.790	2854.770	8286	0	159
2025.02.28	21:00:00	2854.736	2859.697	2853.403	2858.242	4782	0	159
2025.03.02	23:00:00	2873.556	2876.984	2863.968	2870.799	14001	0	159
2025.03.03	00:00:00	2870.866	2871.418	2865.186	2865.724	8660	0	159
2025.03.03	01:00:00	2865.810	2872.055	2864.095	2870.802	12193	0	159
2025.03.03	02:00:00	2870.794	2872.004	2867.755	2868.266	6519	0	159
2025.03.03	03:00:00	2868.222	2868.222	2859.251	2864.788	8749	0	159
2025.03.03	04:00:00	2864.850	2868.540	2863.071	2867.340	4848	0	159
2025.03.03	05:00:00	2867.297	2867.433	2861.270	2863.818	5981	0	159
2025.03.03	06:00:00	2863.796	2866.065	2861.802	2865.634	7159	0	159
2025.03.03	07:00:00	2865.659	2866.332	2860.093	2863.208	6739	0	159
2025.03.03	08:00:00	2863.264	2868.802	2858.830	2868.551	9138	0	159
2025.03.03	09:00:00	2868.577	2871.558	2864.324	2867.465	9061	0	159
2025.03.03	10:00:00	2867.492	2873.625	2867.187	2871.919	6417	0	159
2025.03.03	11:00:00	2871.961	2875.413	2871.272	2874.408	6144	0	159
2025.03.03	12:00:00	2874.381	2877.716	2873.919	2875.653	7410	0	159
2025.03.03	13:00:00	2875.614	2876.309	2868.834	2872.669	13357	0	159
2025.03.03	14:00:00	2872.619	2883.058	2871.227	2877.104	15229	0	159
2025.03.03	15:00:00	2877.075	2890.608	2873.839	2887.771	19041	0	159
2025.03.03	16:00:00	2887.862	2893.153	2886.037	2891.439	9587	0	159
2025.03.03	17:00:00	2891.406	2892.935	2887.344	2890.826	8108	0	159
2025.03.03	18:00:00	2890.867	2892.461	2886.628	2889.921	9839	0	159
2025.03.03	19:00:00	2889.979	2891.285	2879.723	2881.612	9887	0	159
2025.03.03	20:00:00	2881.655	2891.455	2878.303	2890.434	12284	0	159
2025.03.03	21:00:00	2890.474	2895.267	2890.203	2893.762	4713	0	159
2025.03.03	23:00:00	2892.196	2893.409	2890.494	2890.886	4217	0	159
2025.03.04	00:00:00	2890.863	2893.734	2890.176	2891.880	4835	0	159
2025.03.04	01:00:00	2891.841	2893.061	2881.878	2888.350	10956	0	159
2025.03.04	02:00:00	2888.319	2889.441	2884.698	2885.522	7646	0	159
2025.03.04	03:00:00	2885.472	2893.014	2884.891	2888.606	6981	0	159
2025.03.04	04:00:00	2888.570	2892.713	2886.733	2891.348	5426	0	159
2025.03.04	05:00:00	2891.245	2894.468	2888.492	2889.713	7465	0	159
2025.03.04	06:00:00	2889.695	2889.965	2884.391	2887.357	6778	0	159
2025.03.04	07:00:00	2887.402	2901.480	2887.010	2899.923	9425	0	159
2025.03.04	08:00:00	2899.908	2918.716	2896.707	2913.959	14432	0	159
2025.03.04	09:00:00	2914.034	2921.317	2912.493	2918.149	8973	0	159
2025.03.04	10:00:00	2918.114	2918.184	2912.108	2914.628	8124	0	159
2025.03.04	11:00:00	2914.667	2921.773	2913.069	2919.938	7260	0	159
2025.03.04	12:00:00	2920.020	2925.576	2918.692	2924.768	8543	0	159
2025.03.04	13:00:00	2924.797	2927.891	2919.848	2922.550	16507	0	159
2025.03.04	14:00:00	2922.586	2923.056	2903.271	2903.542	22239	0	159
2025.03.04	15:00:00	2903.567	2912.365	2900.310	2906.102	23477	0	159
2025.03.04	16:00:00	2906.087	2916.012	2903.694	2915.076	13813	0	159
2025.03.04	17:00:00	2915.185	2916.383	2911.100	2911.647	9229	0	159
2025.03.04	18:00:00	2911.567	2915.179	2908.228	2911.197	7408	0	159
2025.03.04	19:00:00	2911.213	2916.501	2911.106	2916.089	6809	0	159
2025.03.04	20:00:00	2916.049	2920.537	2914.352	2917.196	8038	0	159
2025.03.04	21:00:00	2917.245	2918.453	2913.269	2917.512	5239	0	160
2025.03.04	23:00:00	2918.216	2918.292	2914.267	2914.363	3345	0	159
2025.03.05	00:00:00	2914.366	2917.176	2912.220	2914.133	4775	0	159
2025.03.05	01:00:00	2914.125	2915.110	2903.445	2907.235	15277	0	159
2025.03.05	02:00:00	2907.235	2914.569	2902.124	2904.266	12560	0	159
2025.03.05	03:00:00	2904.241	2913.509	2903.324	2908.743	10251	0	159
2025.03.05	04:00:00	2908.714	2912.676	2908.546	2910.477	5788	0	159
2025.03.05	05:00:00	2910.481	2918.711	2909.965	2918.646	7140	0	159
2025.03.05	06:00:00	2918.603	2921.627	2913.552	2917.034	8472	0	159
2025.03.05	07:00:00	2917.023	2919.870	2913.035	2917.989	9468	0	159
2025.03.05	08:00:00	2917.947	2921.938	2916.653	2919.910	10702	0	159
2025.03.05	09:00:00	2919.966	2922.531	2913.249	2918.898	10542	0	159
2025.03.05	10:00:00	2918.878	2919.200	2909.010	2913.286	8718	0	159
2025.03.05	11:00:00	2913.280	2917.247	2911.995	2913.227	8065	0	159
2025.03.05	12:00:00	2913.278	2919.239	2912.245	2916.096	9381	0	159
2025.03.05	13:00:00	2916.152	2916.499	2894.303	2899.878	22751	0	159
2025.03.05	14:00:00	2899.919	2917.143	2897.596	2912.329	26267	0	159
2025.03.05	15:00:00	2912.282	2923.778	2908.106	2917.198	28941	0	159
2025.03.05	16:00:00	2917.157	2930.042	2915.137	2923.838	17461	0	159
2025.03.05	17:00:00	2923.877	2925.359	2913.659	2915.897	13529	0	159
2025.03.05	18:00:00	2915.949	2920.673	2911.220	2917.448	12578	0	159
2025.03.05	19:00:00	2917.480	2921.356	2916.253	2920.551	7891	0	159
2025.03.05	20:00:00	2920.512	2923.143	2919.511	2922.128	8188	0	159
2025.03.05	21:00:00	2922.165	2922.361	2917.732	2918.924	3069	0	159
2025.03.05	23:00:00	2918.008	2918.971	2916.711	2918.236	2920	0	160
2025.03.06	00:00:00	2918.237	2920.314	2916.554	2916.748	4037	0	159
2025.03.06	01:00:00	2916.785	2925.680	2915.884	2924.606	9381	0	159
2025.03.06	02:00:00	2924.617	2926.584	2922.919	2925.546	6716	0	159
2025.03.06	03:00:00	2925.552	2925.609	2920.081	2921.261	6011	0	159
2025.03.06	04:00:00	2921.227	2921.562	2916.312	2917.396	4762	0	160
2025.03.06	05:00:00	2917.359	2920.727	2914.524	2919.811	6395	0	159
2025.03.06	06:00:00	2919.789	2923.067	2919.789	2920.587	6795	0	159
2025.03.06	07:00:00	2920.634	2922.537	2909.788	2910.137	12570	0	159
2025.03.06	08:00:00	2910.180	2911.530	2901.060	2904.762	14256	0	159
2025.03.06	09:00:00	2904.708	2905.298	2891.159	2894.336	12732	0	159
2025.03.06	10:00:00	2894.264	2905.171	2891.957	2899.268	12279	0	159
2025.03.06	11:00:00	2899.221	2907.573	2898.550	2905.714	10359	0	159
2025.03.06	12:00:00	2905.760	2907.176	2899.230	2903.130	12703	0	159
2025.03.06	13:00:00	2903.121	2909.394	2900.865	2904.440	18140	0	159
2025.03.06	14:00:00	2904.412	2916.616	2903.338	2915.119	18296	0	159
2025.03.06	15:00:00	2915.147	2922.764	2908.955	2914.497	21783	0	159
2025.03.06	16:00:00	2914.530	2918.502	2912.579	2917.201	12850	0	159
2025.03.06	17:00:00	2917.257	2921.403	2914.408	2915.587	9111	0	159
2025.03.06	18:00:00	2915.612	2920.649	2913.745	2916.228	8782	0	159
2025.03.06	19:00:00	2916.262	2917.723	2912.337	2914.040	8017	0	159
2025.03.06	20:00:00	2914.013	2916.625	2908.377	2908.703	8522	0	159
2025.03.06	21:00:00	2908.745	2911.912	2908.395	2911.032	3728	0	160
2025.03.06	23:00:00	2912.057	2913.622	2909.930	2910.354	4656	0	159
2025.03.07	00:00:00	2910.298	2910.326	2896.669	2904.730	11857	0	159
2025.03.07	01:00:00	2904.768	2910.219	2901.442	2906.844	15106	0	159
2025.03.07	02:00:00	2906.804	2909.256	2901.142	2908.110	11892	0	159
2025.03.07	03:00:00	2908.073	2908.984	2903.919	2905.338	8886	0	159
2025.03.07	04:00:00	2905.263	2908.391	2904.747	2906.647	7297	0	159
2025.03.07	05:00:00	2906.652	2912.591	2906.445	2909.609	8512	0	159
2025.03.07	06:00:00	2909.562	2914.831	2907.763	2913.415	8140	0	159
2025.03.07	07:00:00	2913.404	2917.279	2911.675	2917.098	7940	0	159
2025.03.07	08:00:00	2917.138	2922.965	2915.246	2922.385	8957	0	159
2025.03.07	09:00:00	2922.367	2922.977	2920.197	2921.652	7462	0	159
2025.03.07	10:00:00	2921.611	2921.874	2917.007	2917.898	8921	0	159
2025.03.07	11:00:00	2917.950	2922.123	2916.601	2918.700	8882	0	159
2025.03.07	12:00:00	2918.796	2922.841	2917.923	2918.782	9888	0	159
2025.03.07	13:00:00	2918.747	2926.478	2910.237	2913.829	26411	0	159
2025.03.07	14:00:00	2913.777	2928.826	2903.570	2926.774	27815	0	159
2025.03.07	15:00:00	2926.732	2930.525	2908.558	2915.819	26072	0	159
2025.03.07	16:00:00	2915.783	2919.451	2911.557	2914.009	16281	0	159
2025.03.07	17:00:00	2913.969	2916.187	2905.076	2908.174	16189	0	159
2025.03.07	18:00:00	2908.130	2908.756	2901.860	2906.545	14083	0	159
2025.03.07	19:00:00	2906.587	2909.527	2904.510	2905.229	11236	0	159
2025.03.07	20:00:00	2905.199	2911.140	2904.716	2909.628	7690	0	159
2025.03.07	21:00:00	2909.723	2912.651	2908.490	2911.256	3193	0	159
2025.03.09	22:00:00	2912.347	2915.145	2909.608	2911.935	5399	0	159
2025.03.09	23:00:00	2911.982	2917.025	2911.404	2916.189	4891	0	160
2025.03.10	00:00:00	2916.190	2917.949	2912.984	2913.852	7157	0	159
2025.03.10	01:00:00	2913.889	2918.312	2911.325	2912.156	11446	0	159
2025.03.10	02:00:00	2912.120	2914.551	2909.439	2911.484	8058	0	159
2025.03.10	03:00:00	2911.444	2913.643	2908.128	2910.943	9057	0	159
2025.03.10	04:00:00	2910.982	2912.667	2910.259	2910.984	4676	0	159
2025.03.10	05:00:00	2911.025	2911.952	2906.952	2909.848	6338	0	159
2025.03.10	06:00:00	2909.796	2914.599	2909.321	2914.335	7191	0	159
2025.03.10	07:00:00	2914.410	2915.417	2904.252	2908.444	9258	0	159
2025.03.10	08:00:00	2908.386	2910.613	2897.509	2897.822	12581	0	159
2025.03.10	09:00:00	2897.797	2915.447	2896.698	2911.280	14243	0	159
2025.03.10	10:00:00	2911.236	2911.417	2898.309	2902.913	12008	0	159
2025.03.10	11:00:00	2902.977	2904.747	2895.606	2904.027	12638	0	159
2025.03.10	12:00:00	2904.029	2907.729	2900.367	2906.590	16723	0	159
2025.03.10	13:00:00	2906.632	2908.625	2897.652	2903.693	20936	0	159
2025.03.10	14:00:00	2903.664	2909.225	2900.850	2907.983	23762	0	159
2025.03.10	15:00:00	2908.026	2910.619	2900.562	2904.451	16523	0	159
2025.03.10	16:00:00	2904.492	2906.865	2895.841	2895.932	11824	0	159
2025.03.10	17:00:00	2895.908	2896.122	2882.733	2886.053	17244	0	159
2025.03.10	18:00:00	2886.085	2889.533	2880.166	2885.581	12827	0	159
2025.03.10	19:00:00	2885.557	2890.999	2880.244	2885.470	13250	0	159
2025.03.10	20:00:00	2885.449	2889.204	2884.288	2889.086	3934	0	160
2025.03.10	22:00:00	2888.412	2890.163	2884.022	2884.720	3926	0	159
2025.03.10	23:00:00	2884.731	2885.890	2882.332	2884.685	4190	0	160
2025.03.11	00:00:00	2884.724	2888.634	2884.135	2887.229	7854	0	159
2025.03.11	01:00:00	2887.284	2890.953	2880.165	2890.612	13080	0	159
2025.03.11	02:00:00	2890.569	2900.456	2889.897	2899.005	10306	0	159
2025.03.11	03:00:00	2899.043	2899.389	2895.201	2896.910	6254	0	159
2025.03.11	04:00:00	2896.910	2898.691	2895.468	2897.687	5029	0	159
2025.03.11	05:00:00	2897.699	2899.058	2892.680	2895.787	7034	0	159
2025.03.11	06:00:00	2895.812	2902.827	2893.434	2902.302	9037	0	159
2025.03.11	07:00:00	2902.298	2903.531	2897.573	2901.009	9069	0	159
2025.03.11	08:00:00	2901.052	2910.324	2900.402	2909.903	7708	0	159
2025.03.11	09:00:00	2909.913	2912.450	2908.762	2911.705	7480	0	159
2025.03.11	10:00:00	2911.730	2914.470	2910.909	2912.003	6090	0	159
2025.03.11	11:00:00	2911.957	2915.416	2910.607	2913.668	6930	0	159
2025.03.11	12:00:00	2913.651	2916.051	2910.465	2913.057	9468	0	159
2025.03.11	13:00:00	2913.082	2922.262	2906.789	2918.120	19525	0	159
2025.03.11	14:00:00	2918.211	2920.908	2911.760	2914.104	16285	0	159
2025.03.11	15:00:00	2914.142	2919.898	2913.919	2916.875	11402	0	159
2025.03.11	16:00:00	2916.833	2918.093	2915.149	2917.098	7166	0	159
2025.03.11	17:00:00	2917.061	2920.591	2914.071	2917.776	8097	0	159
2025.03.11	18:00:00	2917.773	2919.564	2915.153	2918.294	6327	0	160
2025.03.11	19:00:00	2918.241	2921.385	2917.503	2918.403	6886	0	159
2025.03.11	20:00:00	2918.365	2919.023	2915.111	2916.024	3490	0	159
2025.03.11	22:00:00	2915.587	2918.068	2914.420	2917.582	3618	0	159
2025.03.11	23:00:00	2917.630	2919.589	2915.429	2915.551	2835	0	159
2025.03.12	00:00:00	2915.589	2915.626	2912.113	2914.260	4101	0	159
2025.03.12	01:00:00	2914.217	2917.269	2910.838	2914.927	7692	0	159
2025.03.12	02:00:00	2914.866	2918.270	2913.981	2916.300	6311	0	159
2025.03.12	03:00:00	2916.255	2920.020	2914.862	2914.941	5550	0	159
2025.03.12	04:00:00	2914.977	2916.072	2912.597	2914.952	4832	0	159
2025.03.12	05:00:00	2914.914	2916.540	2912.074	2916.045	6861	0	159
2025.03.12	06:00:00	2916.096	2921.105	2911.334	2911.951	7891	0	159
2025.03.12	07:00:00	2911.971	2915.606	2908.904	2914.462	8631	0	159
2025.03.12	08:00:00	2914.427	2922.222	2913.914	2922.075	8930	0	159
2025.03.12	09:00:00	2922.170	2925.372	2913.673	2914.772	9727	0	159
2025.03.12	10:00:00	2914.738	2916.968	2912.774	2914.377	7307	0	159
2025.03.12	11:00:00	2914.338	2916.668	2912.638	2915.304	6512	0	159
2025.03.12	12:00:00	2915.308	2923.073	2912.056	2917.554	15980	0	159
2025.03.12	13:00:00	2917.579	2918.820	2905.970	2915.583	21551	0	159
2025.03.12	14:00:00	2915.545	2922.485	2914.272	2921.858	14167	0	159
2025.03.12	15:00:00	2921.899	2929.444	2921.292	2928.355	14566	0	159
2025.03.12	16:00:00	2928.457	2939.257	2927.890	2936.155	16631	0	159
2025.03.12	17:00:00	2936.131	2940.617	2935.842	2936.097	9834	0	159
2025.03.12	18:00:00	2936.093	2937.462	2933.744	2935.198	6653	0	159
2025.03.12	19:00:00	2935.137	2935.667	2930.931	2931.322	6987	0	159
2025.03.12	20:00:00	2931.289	2934.202	2930.831	2933.244	3379	0	159
2025.03.12	22:00:00	2933.730	2938.909	2933.385	2938.064	4200	0	160
2025.03.12	23:00:00	2938.058	2939.353	2934.723	2938.039	3591	0	160
2025.03.13	00:00:00	2938.025	2939.364	2937.538	2938.648	3534	0	159
2025.03.13	01:00:00	2938.706	2941.475	2936.439	2937.906	7794	0	159
2025.03.13	02:00:00	2937.914	2946.043	2937.514	2944.330	6805	0	159
2025.03.13	03:00:00	2944.223	2947.152	2943.069	2945.636	6117	0	159
2025.03.13	04:00:00	2945.601	2946.163	2943.493	2944.637	4558	0	159
2025.03.13	05:00:00	2944.707	2945.165	2938.173	2940.043	6706	0	159
2025.03.13	06:00:00	2940.084	2940.348	2935.389	2936.919	7600	0	159
2025.03.13	07:00:00	2936.880	2938.042	2932.920	2935.252	6592	0	159
2025.03.13	08:00:00	2935.287	2944.915	2934.764	2941.572	8022	0	159
2025.03.13	09:00:00	2941.542	2948.885	2941.057	2947.729	6086	0	159
2025.03.13	10:00:00	2947.725	2948.548	2942.084	2944.074	6074	0	159
2025.03.13	11:00:00	2944.084	2948.579	2944.084	2946.333	6999	0	159
2025.03.13	12:00:00	2946.371	2949.124	2940.889	2942.420	13766	0	159
2025.03.13	13:00:00	2942.377	2952.422	2938.935	2950.358	16406	0	159
2025.03.13	14:00:00	2950.317	2971.165	2949.822	2969.861	18595	0	159
2025.03.13	15:00:00	2969.886	2978.486	2966.417	2977.772	24491	0	159
2025.03.13	16:00:00	2977.797	2985.348	2976.579	2980.086	16155	0	159
2025.03.13	17:00:00	2980.120	2982.258	2976.363	2979.482	11881	0	159
2025.03.13	18:00:00	2979.480	2984.406	2979.060	2983.261	8062	0	159
2025.03.13	19:00:00	2983.300	2985.474	2980.586	2982.946	8704	0	159
2025.03.13	20:00:00	2982.973	2989.124	2981.256	2989.084	4385	0	159
2025.03.13	22:00:00	2988.581	2989.943	2983.171	2987.279	4741	0	159
2025.03.13	23:00:00	2987.207	2989.300	2985.351	2986.435	3857	0	159
2025.03.14	00:00:00	2986.473	2988.710	2984.756	2986.759	5963	0	159
2025.03.14	01:00:00	2986.795	2990.154	2981.717	2987.870	14044	0	159
2025.03.14	02:00:00	2987.830	2988.529	2983.886	2984.177	8046	0	159
2025.03.14	03:00:00	2984.191	2992.956	2983.871	2992.626	6391	0	159
2025.03.14	04:00:00	2992.597	2993.928	2984.357	2985.475	6477	0	159
2025.03.14	05:00:00	2985.510	2986.594	2981.863	2986.397	7942	0	159
2025.03.14	06:00:00	2986.358	2987.674	2981.148	2985.681	7562	0	159
2025.03.14	07:00:00	2985.663	2987.036	2980.838	2986.892	7305	0	159
2025.03.14	08:00:00	2986.921	2993.222	2985.200	2992.872	7111	0	159
2025.03.14	09:00:00	2992.843	2999.479	2992.600	2998.738	6397	0	159
2025.03.14	10:00:00	2998.773	3004.919	2986.545	2993.213	12811	0	159
2025.03.14	11:00:00	2993.205	2999.161	2993.205	2993.503	10115	0	159
2025.03.14	12:00:00	2993.477	2999.673	2993.296	2993.795	10869	0	159
2025.03.14	13:00:00	2993.845	2996.088	2983.157	2986.038	19982	0	159
2025.03.14	14:00:00	2985.874	2993.381	2981.940	2985.412	21625	0	159
2025.03.14	15:00:00	2985.383	2986.470	2978.396	2984.607	16674	0	159
2025.03.14	16:00:00	2984.569	2989.965	2982.933	2989.689	9167	0	159
2025.03.14	17:00:00	2989.702	2990.429	2986.325	2986.610	7073	0	159
2025.03.14	18:00:00	2986.643	2987.048	2983.213	2983.409	5906	0	159
2025.03.14	19:00:00	2983.380	2986.040	2982.140	2984.005	5307	0	159
2025.03.14	20:00:00	2983.985	2988.812	2981.677	2986.370	3456	0	159
2025.03.16	22:00:00	2987.601	2990.737	2986.054	2988.994	4037	0	159
2025.03.16	23:00:00	2989.069	2994.118	2988.236	2990.061	3832	0	159
2025.03.17	00:00:00	2989.965	2991.114	2986.336	2990.825	5174	0	159
2025.03.17	01:00:00	2990.809	2993.097	2988.655	2990.848	9066	0	159
2025.03.17	02:00:00	2990.840	2991.973	2986.946	2988.189	5566	0	159
2025.03.17	03:00:00	2988.153	2988.696	2985.220	2986.917	4610	0	159
2025.03.17	04:00:00	2986.943	2987.894	2982.388	2982.628	4200	0	159
2025.03.17	05:00:00	2982.636	2986.140	2982.158	2986.026	4330	0	159
2025.03.17	06:00:00	2986.075	2990.735	2985.374	2989.841	5669	0	159
2025.03.17	07:00:00	2989.792	2990.006	2984.087	2985.538	5266	0	159
2025.03.17	08:00:00	2985.506	2988.449	2983.028	2988.396	5111	0	159
2025.03.17	09:00:00	2988.404	2996.930	2987.613	2995.623	5606	0	159
2025.03.17	10:00:00	2995.667	2999.607	2994.708	2998.931	5250	0	159
2025.03.17	11:00:00	2998.962	3001.217	2996.520	2997.475	6053	0	159
2025.03.17	12:00:00	2997.515	2997.909	2984.720	2987.184	15165	0	159
2025.03.17	13:00:00	2987.217	2991.389	2985.961	2988.393	16021	0	159
2025.03.17	14:00:00	2988.369	3000.512	2987.064	2998.663	12558	0	159
2025.03.17	15:00:00	2998.618	2999.335	2992.893	2997.123	9134	0	159
2025.03.17	16:00:00	2997.169	2997.709	2993.027	2994.521	7264	0	159
2025.03.17	17:00:00	2994.562	2999.413	2994.562	2997.860	5696	0	159
2025.03.17	18:00:00	2997.855	3000.339	2996.690	2999.297	5519	0	159
2025.03.17	19:00:00	2999.369	3000.838	2997.658	3000.173	5107	0	159
2025.03.17	20:00:00	3000.210	3001.955	3000.085	3001.431	2926	0	160
2025.03.17	22:00:00	3001.367	3001.858	2999.900	3000.175	1785	0	159
2025.03.17	23:00:00	3000.170	3002.783	2999.583	2999.831	2457	0	159
2025.03.18	00:00:00	2999.803	3003.556	2999.554	3001.498	4760	0	159
2025.03.18	01:00:00	3001.501	3008.499	2999.490	3005.751	9566	0	159
2025.03.18	02:00:00	3005.713	3012.206	3002.843	3010.902	7111	0	159
2025.03.18	03:00:00	3010.841	3015.054	3009.643	3011.333	6583	0	159
2025.03.18	04:00:00	3011.340	3017.136	3011.210	3014.502	4597	0	159
2025.03.18	05:00:00	3014.475	3014.895	3006.066	3012.038	7146	0	159
2025.03.18	06:00:00	3012.056	3017.765	3010.626	3015.746	7935	0	159
2025.03.18	07:00:00	3015.761	3018.955	3014.438	3016.416	7140	0	159
2025.03.18	08:00:00	3016.460	3027.308	3016.330	3026.561	7414	0	159
2025.03.18	09:00:00	3026.593	3028.540	3018.141	3020.277	7638	0	159
2025.03.18	10:00:00	3020.224	3025.702	3019.518	3023.964	7238	0	159
2025.03.18	11:00:00	3023.995	3029.533	3022.356	3026.839	6456	0	159
2025.03.18	12:00:00	3026.842	3035.839	3026.779	3034.260	10543	0	159
2025.03.18	13:00:00	3034.303	3038.334	3026.156	3033.245	19471	0	159
2025.03.18	14:00:00	3033.214	3033.214	3024.720	3027.972	18670	0	159
2025.03.18	15:00:00	3027.939	3032.610	3025.183	3031.758	11479	0	159
2025.03.18	16:00:00	3031.719	3036.938	3030.453	3036.003	8028	0	159
2025.03.18	17:00:00	3036.048	3036.343	3029.748	3032.590	8249	0	159
2025.03.18	18:00:00	3032.606	3036.331	3032.458	3035.783	5051	0	160
2025.03.18	19:00:00	3035.741	3037.933	3035.142	3035.615	5256	0	159
2025.03.18	20:00:00	3035.643	3035.974	3033.315	3034.074	2759	0	159
2025.03.18	22:00:00	3034.025	3034.721	3032.602	3034.536	2229	0	159
2025.03.18	23:00:00	3034.532	3035.160	3031.512	3031.774	2876	0	159
2025.03.19	00:00:00	3031.801	3033.993	3030.515	3031.479	3634	0	159
2025.03.19	01:00:00	3031.476	3032.704	3027.320	3029.370	5155	0	160
2025.03.19	02:00:00	3029.362	3033.863	3028.980	3033.337	6011	0	159
2025.03.19	03:00:00	3033.372	3039.029	3032.295	3036.325	5402	0	159
2025.03.19	04:00:00	3036.291	3037.669	3034.256	3036.386	4615	0	159
2025.03.19	05:00:00	3036.387	3045.362	3036.387	3044.499	6964	0	159
2025.03.19	06:00:00	3044.503	3044.734	3034.506	3042.079	10699	0	159
2025.03.19	07:00:00	3042.176	3042.902	3035.617	3035.896	9040	0	159
2025.03.19	08:00:00	3035.949	3037.070	3024.693	3025.156	9259	0	159
2025.03.19	09:00:00	3025.129	3031.380	3022.738	3030.399	7403	0	159
2025.03.19	10:00:00	3030.406	3037.957	3028.320	3034.624	6312	0	159
2025.03.19	11:00:00	3034.612	3039.974	3033.732	3038.946	5263	0	159
2025.03.19	12:00:00	3038.955	3041.152	3036.218	3037.127	7559	0	159
2025.03.19	13:00:00	3037.217	3038.287	3027.682	3033.380	15002	0	159
2025.03.19	14:00:00	3033.292	3033.292	3025.869	3027.585	11892	0	159
2025.03.19	15:00:00	3027.556	3033.171	3026.802	3031.458	8026	0	159
2025.03.19	16:00:00	3031.482	3038.375	3031.307	3032.973	7081	0	159
2025.03.19	17:00:00	3033.056	3034.224	3029.363	3030.371	7566	0	159
2025.03.19	18:00:00	3030.378	3048.643	3029.989	3046.729	16323	0	159
2025.03.19	19:00:00	3046.769	3051.982	3041.030	3047.858	13262	0	159
2025.03.19	20:00:00	3047.818	3048.242	3044.205	3047.282	3900	0	160
2025.03.19	22:00:00	3048.924	3050.588	3047.088	3050.141	4011	0	160
2025.03.19	23:00:00	3050.141	3051.335	3048.794	3050.026	2438	0	159
2025.03.20	00:00:00	3050.023	3055.485	3050.023	3053.185	7108	0	159
2025.03.20	01:00:00	3053.222	3056.177	3049.409	3049.654	12320	0	159
2025.03.20	02:00:00	3049.626	3052.176	3045.018	3045.694	8655	0	159
2025.03.20	03:00:00	3045.637	3050.418	3045.410	3049.964	6828	0	159
2025.03.20	04:00:00	3050.068	3057.484	3048.166	3052.478	7404	0	159
2025.03.20	05:00:00	3052.523	3053.604	3044.873	3046.794	9023	0	159
2025.03.20	06:00:00	3046.837	3051.518	3045.623	3049.134	7610	0	159
2025.03.20	07:00:00	3048.999	3048.999	3041.780	3042.287	8476	0	159
2025.03.20	08:00:00	3042.229	3043.968	3038.670	3041.815	8082	0	159
2025.03.20	09:00:00	3041.781	3046.254	3040.599	3041.489	7930	0	159
2025.03.20	10:00:00	3041.484	3041.484	3025.636	3034.167	14344	0	159
2025.03.20	11:00:00	3034.157	3035.095	3029.270	3034.433	10111	0	159
2025.03.20	12:00:00	3034.467	3042.329	3033.346	3040.885	11974	0	159
2025.03.20	13:00:00	3040.927	3041.069	3029.883	3032.871	16454	0	159
2025.03.20	14:00:00	3032.828	3040.878	3030.684	3040.224	12771	0	159
2025.03.20	15:00:00	3040.193	3041.932	3037.559	3040.765	9007	0	159
2025.03.20	16:00:00	3040.802	3043.229	3033.884	3038.308	8848	0	159
2025.03.20	17:00:00	3038.346	3041.865	3034.820	3041.654	6542	0	159
2025.03.20	18:00:00	3041.635	3045.382	3040.878	3043.221	6418	0	159
2025.03.20	19:00:00	3043.196	3046.094	3043.172	3044.602	6292	0	159
2025.03.20	20:00:00	3044.561	3045.810	3044.226	3044.628	2852	0	160
2025.03.20	22:00:00	3044.988	3046.058	3043.503	3045.723	1815	0	159
2025.03.20	23:00:00	3045.687	3046.598	3044.424	3046.409	2349	0	159
2025.03.21	00:00:00	3046.335	3047.435	3042.327	3042.763	4165	0	159
2025.03.21	01:00:00	3042.878	3044.531	3035.921	3035.921	7760	0	159
2025.03.21	02:00:00	3035.896	3037.013	3033.808	3034.744	7476	0	159
2025.03.21	03:00:00	3034.702	3034.709	3029.974	3030.585	6217	0	159
2025.03.21	04:00:00	3030.539	3032.010	3027.857	3029.863	5132	0	159
2025.03.21	05:00:00	3029.842	3030.426	3021.553	3028.003	8179	0	159
2025.03.21	06:00:00	3028.086	3033.939	3027.451	3029.865	8067	0	159
2025.03.21	07:00:00	3029.766	3033.405	3028.079	3031.927	6519	0	159
2025.03.21	08:00:00	3031.991	3034.772	3027.061	3032.998	7745	0	159
2025.03.21	09:00:00	3032.918	3033.165	3027.789	3029.650	6869	0	159
2025.03.21	10:00:00	3029.677	3033.487	3029.635	3030.852	6102	0	159
2025.03.21	11:00:00	3030.744	3037.670	3028.888	3034.332	7291	0	159
2025.03.21	12:00:00	3034.382	3038.128	3033.463	3033.999	9968	0	159
2025.03.21	13:00:00	3033.973	3036.814	3004.170	3006.662	28125	0	159
2025.03.21	14:00:00	3006.583	3016.722	2999.385	3015.712	27412	0	159
2025.03.21	15:00:00	3015.712	3017.926	3009.974	3011.072	12680	0	159
2025.03.21	16:00:00	3011.037	3016.968	3010.660	3015.169	10053	0	159
2025.03.21	17:00:00	3015.112	3018.224	3012.845	3013.716	6978	0	159
2025.03.21	18:00:00	3013.714	3021.588	3013.474	3017.431	6321	0	159
2025.03.21	19:00:00	3017.407	3022.022	3015.961	3020.001	6762	0	159
2025.03.21	20:00:00	3020.037	3024.274	3019.974	3023.493	3767	0	159
2025.03.23	22:00:00	3023.441	3026.134	3022.143	3025.514	3587	0	159
2025.03.23	23:00:00	3025.514	3026.324	3023.250	3024.721	3202	0	159
2025.03.24	00:00:00	3024.709	3025.461	3017.095	3018.471	6426	0	159
2025.03.24	01:00:00	3018.513	3025.648	3018.310	3020.961	9978	0	159
2025.03.24	02:00:00	3020.987	3024.477	3013.646	3016.283	9092	0	159
2025.03.24	03:00:00	3016.328	3019.810	3015.662	3016.963	6415	0	159
2025.03.24	04:00:00	3017.002	3020.072	3016.524	3019.493	4525	0	159
2025.03.24	05:00:00	3019.454	3023.202	3018.996	3022.080	5972	0	159
2025.03.24	06:00:00	3021.975	3025.716	3017.284	3025.042	5971	0	159
2025.03.24	07:00:00	3025.003	3028.912	3020.947	3022.361	8082	0	159
2025.03.24	08:00:00	3022.329	3028.927	3021.839	3028.748	8140	0	159
2025.03.24	09:00:00	3028.827	3030.992	3022.679	3023.614	7398	0	159
2025.03.24	10:00:00	3023.662	3033.208	3023.376	3028.089	8089	0	159
2025.03.24	11:00:00	3028.067	3029.248	3024.275	3024.642	5887	0	160
2025.03.24	12:00:00	3024.602	3028.633	3022.388	3024.227	8574	0	159
2025.03.24	13:00:00	3024.187	3028.302	3019.146	3022.545	13056	0	159
2025.03.24	14:00:00	3022.501	3024.112	3007.975	3012.134	16575	0	159
2025.03.24	15:00:00	3012.092	3015.332	3005.745	3014.036	13020	0	159
2025.03.24	16:00:00	3013.997	3015.662	3008.042	3009.755	8617	0	159
2025.03.24	17:00:00	3009.755	3009.920	3005.764	3007.030	8051	0	159
2025.03.24	18:00:00	3007.071	3008.121	3002.466	3006.741	8665	0	159
2025.03.24	19:00:00	3006.807	3008.147	3004.945	3006.133	5218	0	160
2025.03.24	20:00:00	3006.096	3014.630	3005.559	3011.801	3380	0	159
2025.03.24	22:00:00	3011.722	3012.491	3008.992	3011.514	2734	0	159
2025.03.24	23:00:00	3011.468	3012.403	3009.372	3009.910	2648	0	159
2025.03.25	00:00:00	3009.945	3014.917	3008.985	3014.138	3659	0	159
2025.03.25	01:00:00	3014.177	3014.566	3010.534	3011.825	6607	0	159
2025.03.25	02:00:00	3011.830	3012.338	3007.523	3009.126	5675	0	159
2025.03.25	03:00:00	3009.141	3016.222	3008.570	3015.248	5528	0	159
2025.03.25	04:00:00	3015.284	3016.498	3014.680	3015.237	3999	0	160
2025.03.25	05:00:00	3015.204	3020.988	3014.347	3018.334	5631	0	159
2025.03.25	06:00:00	3018.292	3018.662	3014.803	3017.776	5163	0	159
2025.03.25	07:00:00	3017.808	3018.123	3010.521	3011.130	5357	0	159
2025.03.25	08:00:00	3011.151	3021.933	3010.681	3021.320	7712	0	159
2025.03.25	09:00:00	3021.273	3023.561	3018.987	3023.263	5549	0	159
2025.03.25	10:00:00	3023.229	3024.866	3020.614	3023.541	6082	0	159
2025.03.25	11:00:00	3023.543	3026.436	3020.425	3020.775	6234	0	159
2025.03.25	12:00:00	3020.738	3023.200	3014.108	3021.802	10265	0	159
2025.03.25	13:00:00	3021.750	3030.643	3020.821	3028.813	13306	0	159
2025.03.25	14:00:00	3028.803	3035.987	3025.026	3025.026	15734	0	159
2025.03.25	15:00:00	3024.997	3028.049	3017.921	3021.561	12191	0	159
2025.03.25	16:00:00	3021.592	3025.544	3021.406	3023.171	7001	0	159
2025.03.25	17:00:00	3023.192	3023.334	3019.823	3022.636	6854	0	159
2025.03.25	18:00:00	3022.590	3022.829	3017.751	3018.555	5065	0	159
2025.03.25	19:00:00	3018.523	3020.752	3017.721	3019.590	4177	0	159
2025.03.25	20:00:00	3019.616	3020.726	3018.767	3020.287	1984	0	159
2025.03.25	22:00:00	3019.663	3022.478	3019.663	3021.273	2357	0	159
2025.03.25	23:00:00	3021.273	3021.811	3020.504	3021.041	2038	0	160
2025.03.26	00:00:00	3021.037	3022.232	3017.799	3018.125	3744	0	159
2025.03.26	01:00:00	3018.142	3025.515	3016.394	3024.766	8593	0	159
2025.03.26	02:00:00	3024.790	3027.135	3022.848	3024.249	7241	0	159
2025.03.26	03:00:00	3024.206	3024.206	3016.478	3017.616	6789	0	159
2025.03.26	04:00:00	3017.545	3017.679	3014.249	3015.264	4314	0	160
2025.03.26	05:00:00	3015.232	3024.082	3013.218	3022.843	6695	0	159
2025.03.26	06:00:00	3022.819	3026.368	3022.087	3026.158	7712	0	159
2025.03.26	07:00:00	3026.125	3030.788	3024.990	3030.471	6218	0	159
2025.03.26	08:00:00	3030.509	3032.042	3023.610	3023.998	6258	0	159
2025.03.26	09:00:00	3024.033	3024.182	3017.497	3018.670	7230	0	159
2025.03.26	10:00:00	3018.725	3024.990	3016.886	3023.323	6156	0	159
2025.03.26	11:00:00	3023.285	3030.360	3023.245	3027.595	6457	0	159
2025.03.26	12:00:00	3027.540	3029.958	3025.289	3027.139	8000	0	159
2025.03.26	13:00:00	3027.163	3027.485	3015.873	3016.718	12333	0	159
2025.03.26	14:00:00	3016.689	3021.704	3014.903	3017.469	10902	0	159
2025.03.26	15:00:00	3017.443	3018.904	3012.325	3015.878	10543	0	159
2025.03.26	16:00:00	3015.911	3019.988	3015.158	3015.645	7156	0	159
2025.03.26	17:00:00	3015.686	3019.051	3015.209	3018.678	6031	0	159
2025.03.26	18:00:00	3018.693	3020.861	3018.089	3018.209	5202	0	159
2025.03.26	19:00:00	3018.254	3019.009	3015.766	3017.342	4938	0	159
2025.03.26	20:00:00	3017.367	3021.848	3017.162	3018.966	3624	0	160
2025.03.26	22:00:00	3020.494	3021.178	3018.037	3019.473	4261	0	159
2025.03.26	23:00:00	3019.425	3021.754	3017.583	3021.623	3726	0	159
2025.03.27	00:00:00	3021.563	3025.752	3021.522	3025.341	4684	0	159
2025.03.27	01:00:00	3025.352	3028.392	3022.992	3023.564	7803	0	159
2025.03.27	02:00:00	3023.583	3032.810	3023.190	3031.651	7885	0	159
2025.03.27	03:00:00	3031.655	3034.286	3029.654	3033.568	5744	0	159
2025.03.27	04:00:00	3033.610	3038.607	3031.753	3034.064	6159	0	159
2025.03.27	05:00:00	3034.100	3035.907	3029.351	3029.700	6681	0	159
2025.03.27	06:00:00	3029.708	3033.274	3026.675	3029.919	9366	0	159
2025.03.27	07:00:00	3029.981	3036.743	3029.214	3035.850	9771	0	159
2025.03.27	08:00:00	3035.827	3038.028	3033.759	3036.155	9151	0	159
2025.03.27	09:00:00	3036.145	3041.041	3034.601	3039.925	6204	0	159
2025.03.27	10:00:00	3040.029	3055.898	3039.797	3051.387	12732	0	159
2025.03.27	11:00:00	3051.424	3055.644	3048.797	3054.566	9230	0	159
2025.03.27	12:00:00	3054.548	3055.976	3047.113	3049.994	10967	0	159
2025.03.27	13:00:00	3050.036	3052.149	3033.421	3040.547	20811	0	159
2025.03.27	14:00:00	3040.613	3059.885	3040.613	3057.634	20931	0	159
2025.03.27	15:00:00	3057.668	3059.216	3051.394	3052.206	19364	0	159
2025.03.27	16:00:00	3052.123	3054.252	3047.801	3048.388	12756	0	159
2025.03.27	17:00:00	3048.372	3053.259	3047.823	3052.838	9117	0	159
2025.03.27	18:00:00	3052.889	3057.583	3052.695	3055.882	5888	0	159
2025.03.27	19:00:00	3055.861	3057.831	3054.938	3057.468	5354	0	159
2025.03.27	20:00:00	3057.438	3057.603	3055.134	3056.669	2495	0	160
2025.03.27	22:00:00	3055.858	3057.637	3054.487	3055.028	3164	0	159
2025.03.27	23:00:00	3055.030	3056.156	3054.138	3055.710	2706	0	159
2025.03.28	00:00:00	3055.726	3063.491	3054.993	3061.977	7139	0	159
2025.03.28	01:00:00	3061.937	3074.058	3061.808	3073.905	10780	0	159
2025.03.28	02:00:00	3073.874	3077.570	3070.061	3071.922	9658	0	159
2025.03.28	03:00:00	3071.880	3076.702	3069.645	3075.326	7428	0	159
2025.03.28	04:00:00	3075.250	3075.422	3072.527	3073.891	5086	0	159
2025.03.28	05:00:00	3073.837	3082.012	3072.446	3077.833	7258	0	159
2025.03.28	06:00:00	3077.809	3084.943	3076.623	3084.699	9501	0	159
2025.03.28	07:00:00	3084.700	3085.992	3077.783	3079.348	7745	0	159
2025.03.28	08:00:00	3079.302	3081.231	3066.153	3072.977	9000	0	159
2025.03.28	09:00:00	3073.000	3076.199	3069.617	3072.840	6811	0	159
2025.03.28	10:00:00	3072.895	3074.649	3067.365	3074.271	7927	0	159
2025.03.28	11:00:00	3074.233	3079.901	3074.048	3076.372	7530	0	159
2025.03.28	12:00:00	3076.344	3081.869	3072.456	3077.456	11710	0	159
2025.03.28	13:00:00	3077.339	3084.117	3070.730	3083.540	22137	0	159
2025.03.28	14:00:00	3083.541	3086.766	3068.026	3069.966	30072	0	159
2025.03.28	15:00:00	3069.938	3085.724	3067.255	3083.741	16646	0	159
2025.03.28	16:00:00	3083.695	3086.742	3080.450	3083.879	9953	0	159
2025.03.28	17:00:00	3083.839	3085.984	3076.112	3077.431	9229	0	159
2025.03.28	18:00:00	3077.473	3080.484	3073.488	3079.683	7351	0	159
2025.03.28	19:00:00	3079.658	3081.846	3079.446	3080.734	6247	0	159
2025.03.28	20:00:00	3080.809	3085.955	3080.809	3085.002	4568	0	159
2025.03.30	22:00:00	3092.531	3097.861	3088.569	3090.003	7708	0	159
2025.03.30	23:00:00	3090.000	3090.912	3087.793	3089.213	5498	0	159
2025.03.31	00:00:00	3089.159	3089.729	3077.470	3079.115	9549	0	159
2025.03.31	01:00:00	3079.079	3095.425	3076.841	3094.757	16950	0	159
2025.03.31	02:00:00	3094.747	3107.301	3093.848	3106.648	19163	0	159
2025.03.31	03:00:00	3106.687	3111.676	3105.147	3107.127	13412	0	159
2025.03.31	04:00:00	3107.072	3115.964	3105.913	3113.303	7470	0	159
2025.03.31	05:00:00	3113.252	3120.089	3107.510	3116.585	10477	0	159
2025.03.31	06:00:00	3116.486	3128.165	3113.452	3119.163	15777	0	159
2025.03.31	07:00:00	3119.195	3125.435	3118.605	3124.523	13775	0	159
2025.03.31	08:00:00	3124.477	3127.156	3120.892	3122.168	9224	0	159
2025.03.31	09:00:00	3122.208	3123.327	3111.847	3114.882	9648	0	159
2025.03.31	10:00:00	3114.876	3123.663	3111.829	3118.450	10553	0	159
2025.03.31	11:00:00	3118.493	3119.675	3113.381	3119.480	9191	0	159
2025.03.31	12:00:00	3119.471	3126.736	3118.095	3124.488	13972	0	159
2025.03.31	13:00:00	3124.445	3124.765	3099.753	3113.513	32941	0	159
2025.03.31	14:00:00	3113.478	3123.651	3110.870	3123.117	26063	0	159
2025.03.31	15:00:00	3123.168	3127.237	3112.848	3113.807	16025	0	159
2025.03.31	16:00:00	3113.847	3120.720	3111.565	3117.558	10302	0	159
2025.03.31	17:00:00	3117.526	3120.315	3115.894	3117.905	8503	0	159
2025.03.31	18:00:00	3117.908	3123.404	3117.312	3121.470	6758	0	159
2025.03.31	19:00:00	3121.472	3124.613	3120.862	3124.360	6889	0	159
2025.03.31	20:00:00	3124.320	3124.789	3122.905	3124.071	3174	0	159
2025.03.31	22:00:00	3125.076	3125.958	3121.718	3122.796	2667	0	160
2025.03.31	23:00:00	3122.773	3126.465	3120.024	3120.581	4072	0	159
2025.04.01	00:00:00	3120.561	3127.979	3120.227	3127.188	6674	0	160
2025.04.01	01:00:00	3127.234	3138.257	3126.565	3135.442	18270	0	159
2025.04.01	02:00:00	3135.386	3145.702	3132.952	3145.131	15092	0	159
2025.04.01	03:00:00	3145.089	3147.383	3142.598	3146.028	9630	0	159
2025.04.01	04:00:00	3146.000	3147.947	3142.784	3144.721	6344	0	159
2025.04.01	05:00:00	3144.666	3149.059	3130.495	3132.070	13714	0	159
2025.04.01	06:00:00	3132.078	3138.113	3126.488	3133.728	22234	0	159
2025.04.01	07:00:00	3133.704	3137.699	3124.073	3127.638	13282	0	159
2025.04.01	08:00:00	3127.594	3135.653	3126.392	3130.909	9977	0	159
2025.04.01	09:00:00	3130.950	3134.111	3130.077	3132.344	6772	0	159
2025.04.01	10:00:00	3132.357	3138.997	3130.793	3132.412	9868	0	159
2025.04.01	11:00:00	3132.374	3135.817	3128.669	3130.319	9340	0	159
2025.04.01	12:00:00	3130.354	3134.596	3127.689	3133.235	11431	0	159
2025.04.01	13:00:00	3133.278	3137.103	3128.182	3133.774	18661	0	159
2025.04.01	14:00:00	3133.783	3135.447	3123.703	3128.694	23572	0	159
2025.04.01	15:00:00	3128.737	3133.056	3113.376	3113.725	19778	0	159
2025.04.01	16:00:00	3113.690	3116.808	3100.761	3106.653	23696	0	159
2025.04.01	17:00:00	3106.690	3114.515	3105.648	3113.641	9631	0	159
2025.04.01	18:00:00	3113.613	3118.665	3113.289	3114.183	6638	0	159
2025.04.01	19:00:00	3114.201	3119.013	3113.711	3118.723	5277	0	159
2025.04.01	20:00:00	3118.681	3120.839	3113.095	3114.308	3565	0	159
2025.04.01	22:00:00	3114.278	3114.935	3107.742	3111.381	4809	0	159
2025.04.01	23:00:00	3111.418	3116.186	3111.222	3115.168	4231	0	159
2025.04.02	00:00:00	3115.160	3123.761	3112.970	3122.896	8153	0	159
2025.04.02	01:00:00	3122.883	3135.388	3121.338	3133.162	17151	0	159
2025.04.02	02:00:00	3133.117	3135.703	3128.534	3128.610	10702	0	159
2025.04.02	03:00:00	3128.581	3132.120	3124.583	3125.489	7294	0	159
2025.04.02	04:00:00	3125.458	3126.779	3115.548	3116.192	6741	0	159
2025.04.02	05:00:00	3116.156	3119.214	3108.623	3117.983	13736	0	159
2025.04.02	06:00:00	3117.982	3119.701	3113.980	3116.541	9181	0	159
2025.04.02	07:00:00	3116.575	3126.039	3112.176	3125.314	8312	0	160
2025.04.02	08:00:00	3125.275	3133.878	3123.356	3131.305	10805	0	159
2025.04.02	09:00:00	3131.257	3131.568	3126.966	3130.997	7716	0	159
2025.04.02	10:00:00	3131.018	3131.345	3110.052	3114.412	11799	0	159
2025.04.02	11:00:00	3114.438	3123.889	3114.296	3121.298	10042	0	159
2025.04.02	12:00:00	3121.242	3127.437	3117.046	3122.418	10879	0	159
2025.04.02	13:00:00	3122.377	3132.156	3116.597	3122.316	22508	0	159
2025.04.02	14:00:00	3122.276	3129.390	3119.366	3124.859	13555	0	159
2025.04.02	15:00:00	3124.769	3128.189	3120.814	3125.883	10622	0	159
2025.04.02	16:00:00	3125.837	3134.396	3125.837	3131.470	11376	0	159
2025.04.02	17:00:00	3131.377	3131.420	3120.835	3123.541	9866	0	159
2025.04.02	18:00:00	3123.582	3126.174	3118.666	3121.907	7875	0	159
2025.04.02	19:00:00	3121.874	3127.320	3121.523	3124.398	5863	0	159
2025.04.02	20:00:00	3124.364	3141.774	3104.742	3134.072	49390	0	159
2025.04.02	22:00:00	3130.015	3148.072	3122.557	3145.789	33602	0	159
2025.04.02	23:00:00	3145.821	3167.792	3145.821	3162.712	22285	0	159
2025.04.03	00:00:00	3162.550	3164.781	3140.717	3151.320	31982	0	159
2025.04.03	01:00:00	3151.345	3163.018	3147.902	3153.397	35797	0	159
2025.04.03	02:00:00	3153.422	3155.369	3142.241	3145.192	16989	0	159
2025.04.03	03:00:00	3145.164	3152.207	3144.679	3148.066	16048	0	159
2025.04.03	04:00:00	3148.020	3149.676	3139.107	3140.371	10077	0	159
2025.04.03	05:00:00	3140.425	3141.021	3124.006	3131.888	22056	0	159
2025.04.03	06:00:00	3131.924	3134.131	3116.392	3127.644	25940	0	159
2025.04.03	07:00:00	3127.704	3130.243	3119.805	3128.957	18004	0	159
2025.04.03	08:00:00	3129.011	3132.019	3126.015	3129.009	12060	0	159
2025.04.03	09:00:00	3129.125	3129.560	3121.488	3121.517	15535	0	159
2025.04.03	10:00:00	3121.560	3122.972	3089.214	3095.556	31392	0	159
2025.04.03	11:00:00	3095.619	3100.075	3085.048	3093.188	28964	0	159
2025.04.03	12:00:00	3093.193	3094.780	3061.916	3076.261	35528	0	159
2025.04.03	13:00:00	3076.233	3093.453	3054.052	3086.129	52348	0	159
2025.04.03	14:00:00	3086.644	3135.570	3086.045	3128.939	47136	0	159
2025.04.03	15:00:00	3128.968	3129.563	3103.896	3110.521	32902	0	159
2025.04.03	16:00:00	3110.556	3114.282	3101.799	3107.551	17133	0	159
2025.04.03	17:00:00	3107.528	3109.928	3099.949	3109.500	13316	0	159
2025.04.03	18:00:00	3109.542	3111.722	3102.154	3111.586	8131	0	159
2025.04.03	19:00:00	3111.608	3113.296	3101.532	3107.592	9140	0	159
2025.04.03	20:00:00	3107.567	3119.962	3107.200	3113.145	6835	0	159
2025.04.03	22:00:00	3114.351	3116.719	3112.327	3115.387	4276	0	159
2025.04.03	23:00:00	3115.423	3116.254	3109.757	3112.884	6387	0	159
2025.04.04	00:00:00	3112.908	3115.057	3106.017	3110.553	10088	0	159
2025.04.04	01:00:00	3110.542	3115.818	3109.102	3109.851	10407	0	159
2025.04.04	02:00:00	3109.829	3113.013	3091.159	3096.727	16606	0	159
2025.04.04	03:00:00	3096.691	3099.098	3086.989	3098.481	16547	0	159
2025.04.04	04:00:00	3098.435	3105.014	3095.949	3100.157	10707	0	159
2025.04.04	05:00:00	3100.119	3108.908	3098.822	3108.908	10703	0	159
2025.04.04	06:00:00	3108.882	3109.960	3100.458	3101.051	10835	0	159
2025.04.04	07:00:00	3100.978	3103.473	3091.993	3092.850	17782	0	159
2025.04.04	08:00:00	3092.883	3094.121	3078.420	3084.201	17279	0	159
2025.04.04	09:00:00	3084.175	3095.960	3083.869	3090.725	13973	0	159
2025.04.04	10:00:00	3090.749	3116.206	3090.501	3110.321	29684	0	159
2025.04.04	11:00:00	3110.273	3136.756	3095.552	3110.239	48573	0	159
2025.04.04	12:00:00	3110.248	3111.860	3069.359	3071.138	50184	0	159
2025.04.04	13:00:00	3071.176	3087.427	3059.559	3061.802	47973	0	159
2025.04.04	14:00:00	3061.858	3061.858	3026.903	3038.414	54703	0	159
2025.04.04	15:00:00	3038.432	3050.491	3016.939	3021.951	51712	0	159
2025.04.04	16:00:00	3021.908	3036.782	3017.578	3030.875	29145	0	159
2025.04.04	17:00:00	3030.909	3032.932	3015.593	3025.754	25438	0	159
2025.04.04	18:00:00	3025.714	3027.881	3017.896	3025.483	15136	0	159
2025.04.04	19:00:00	3025.508	3040.925	3021.999	3036.427	19986	0	159
2025.04.04	20:00:00	3036.464	3040.940	3033.840	3038.506	9000	0	159
2025.04.06	22:00:00	3028.686	3032.445	2999.897	3009.937	18221	0	159
2025.04.06	23:00:00	3009.903	3017.165	2977.024	2999.944	28164	0	159
2025.04.07	00:00:00	2999.954	3009.722	2970.689	2978.978	34110	0	159
2025.04.07	01:00:00	2978.935	3055.686	2972.076	3038.425	75899	0	159
2025.04.07	02:00:00	3038.383	3055.804	3024.274	3025.844	37114	0	159
2025.04.07	03:00:00	3025.820	3034.106	3017.067	3018.926	22877	0	159
2025.04.07	04:00:00	3018.957	3035.700	3018.957	3035.470	14210	0	159
2025.04.07	05:00:00	3035.425	3044.629	3024.900	3032.008	20514	0	159
2025.04.07	06:00:00	3031.952	3033.584	3016.693	3029.858	29284	0	159
2025.04.07	07:00:00	3029.887	3030.798	3013.200	3018.569	37828	0	159
2025.04.07	08:00:00	3018.536	3035.525	3017.685	3031.228	24126	0	159
2025.04.07	09:00:00	3031.186	3033.497	3019.551	3025.163	20114	0	159
2025.04.07	10:00:00	3025.192	3036.473	3024.100	3031.415	21884	0	159
2025.04.07	11:00:00	3031.372	3046.148	3030.217	3031.270	24752	0	159
2025.04.07	12:00:00	3031.296	3032.915	3014.710	3031.107	37129	0	159
2025.04.07	13:00:00	3031.079	3034.213	3002.122	3015.480	49876	0	159
2025.04.07	14:00:00	3015.431	3038.037	2996.453	2999.271	75815	0	159
2025.04.07	15:00:00	2999.309	3004.853	2979.754	2987.544	42415	0	159
2025.04.07	16:00:00	2987.452	2987.862	2969.834	2970.538	26146	0	159
2025.04.07	17:00:00	2970.570	2975.217	2956.374	2970.050	35107	0	159
2025.04.07	18:00:00	2970.085	2976.717	2964.000	2965.824	17004	0	159
2025.04.07	19:00:00	2965.778	2982.091	2965.320	2976.636	16456	0	159
2025.04.07	20:00:00	2976.590	2986.197	2969.890	2982.355	8258	0	159
2025.04.07	22:00:00	2982.102	2988.669	2980.898	2986.678	6990	0	159
2025.04.07	23:00:00	2986.678	2987.403	2978.548	2981.328	7475	0	159
2025.12.09	00:00:00	4194.740	4195.696	4189.875	4190.444	6040	0	160
2025.12.09	01:00:00	4190.482	4197.341	4188.772	4196.101	12406	0	160
2025.12.09	02:00:00	4196.063	4197.123	4186.012	4189.827	11144	0	160
2025.12.09	03:00:00	4189.869	4198.244	4189.869	4196.892	4588	0	160
